SNP,effect_allele.exposure,other_allele.exposure,effect_allele.outcome,other_allele.outcome,beta.exposure,beta.outcome,eaf.exposure,eaf.outcome,remove,palindromic,ambiguous,id.outcome,chr.outcome,pos.outcome,se.outcome,z.outcome,pval.outcome,samplesize.outcome,outcome,mr_keep.outcome,pval_origin.outcome,proxy.outcome,target_snp.outcome,proxy_snp.outcome,target_a1.outcome,target_a2.outcome,proxy_a1.outcome,proxy_a2.outcome,chr.exposure,pos.exposure,se.exposure,z.exposure,pval.exposure,samplesize.exposure,exposure,mr_keep.exposure,pval_origin.exposure,id.exposure,action,mr_keep,pt,mrpresso_RSSobs,mrpresso_pval,mrpresso_keep
rs10161952,C,A,C,A,-0.0185058,0.0385,0.313291,0.2787,FALSE,FALSE,FALSE,dkk5qp,13,59474383,0.0827,0.465538,0.642,4046,Beecham2014npany,TRUE,reported,NA,NA,NA,NA,NA,NA,NA,13,59474383,0.00261369,-7.08033,1.3999999999999999e-12,335576,Niarchou2020fish,TRUE,reported,sObIaQ,2,TRUE,5e-6,NA,NA,TRUE
rs10180461,C,T,C,T,-0.0138352,0.0804,0.391681,0.3828,FALSE,FALSE,FALSE,dkk5qp,2,144263033,0.0742,1.08356,0.2785,4046,Beecham2014npany,TRUE,reported,NA,NA,NA,NA,NA,NA,NA,2,144263033,0.00249154,-5.55287,2.8e-8,335576,Niarchou2020fish,TRUE,reported,sObIaQ,2,TRUE,5e-6,NA,NA,TRUE
rs10460629,T,C,T,C,0.0208689,0.0736,0.094678,0.0995,FALSE,FALSE,FALSE,dkk5qp,20,12483602,0.124,0.5935483870967742,0.5525,4046,Beecham2014npany,TRUE,reported,NA,NA,NA,NA,NA,NA,NA,20,12483602,0.00412891,5.05434,4.3e-7,335576,Niarchou2020fish,TRUE,reported,sObIaQ,2,TRUE,5e-6,NA,NA,TRUE
rs10510554,C,T,C,T,0.0159892,0.0962,0.569949,0.579,FALSE,FALSE,FALSE,dkk5qp,3,25099776,0.0754,1.27586,0.2017,4046,Beecham2014npany,TRUE,reported,NA,NA,NA,NA,NA,NA,NA,3,25099776,0.00245816,6.50454,7.8e-11,335576,Niarchou2020fish,TRUE,reported,sObIaQ,2,TRUE,5e-6,NA,NA,TRUE
rs10512324,T,C,T,C,0.012616,-0.0577,0.283604,0.2936,FALSE,FALSE,FALSE,dkk5qp,9,107040713,0.077,-0.7493506493506493,0.4532,4046,Beecham2014npany,TRUE,reported,NA,NA,NA,NA,NA,NA,NA,9,107040713,0.00270291,4.66756,3e-6,335576,Niarchou2020fish,TRUE,reported,sObIaQ,2,TRUE,5e-6,NA,NA,TRUE
rs10741616,A,G,A,G,-0.0150594,0.0401,0.38193,0.3863,FALSE,FALSE,FALSE,dkk5qp,11,13333851,0.0727,0.5515818431911966,0.5814,4046,Beecham2014npany,TRUE,reported,NA,NA,NA,NA,NA,NA,NA,11,13333851,0.00249104,-6.04543,1.5e-9,335576,Niarchou2020fish,TRUE,reported,sObIaQ,2,TRUE,5e-6,NA,NA,TRUE
rs10923042,A,C,A,C,-0.0128216,-0.0681,0.533362,0.5327,FALSE,FALSE,FALSE,dkk5qp,1,88669200,0.0715,-0.9524475524475524,0.3413,4046,Beecham2014npany,TRUE,reported,NA,NA,NA,NA,NA,NA,NA,1,88669200,0.00242618,-5.28469,1.3e-7,335576,Niarchou2020fish,TRUE,reported,sObIaQ,2,TRUE,5e-6,NA,NA,TRUE
rs10986983,T,C,T,C,-0.0177251,-0.013999999999999999,0.628287,0.6334,FALSE,FALSE,FALSE,dkk5qp,9,128620009,0.0801,-0.17478152309612982,0.8617,4046,Beecham2014npany,TRUE,reported,NA,NA,NA,NA,NA,NA,NA,9,128620009,0.00250713,-7.06988,1.6e-12,335576,Niarchou2020fish,TRUE,reported,sObIaQ,2,TRUE,5e-6,NA,NA,TRUE
rs11134442,G,A,G,A,-0.0138524,0.0243,0.627273,0.6408,FALSE,FALSE,FALSE,dkk5qp,5,166478475,0.0775,0.313548,0.7537,4046,Beecham2014npany,TRUE,reported,NA,NA,NA,NA,NA,NA,NA,5,166478475,0.00251296,-5.51238,3.5e-8,335576,Niarchou2020fish,TRUE,reported,sObIaQ,2,TRUE,5e-6,NA,NA,TRUE
rs11135354,C,T,C,T,0.013002,0.0171,0.38024,0.3813,FALSE,FALSE,FALSE,dkk5qp,5,164559592,0.07400000000000001,0.231081,0.8171,4046,Beecham2014npany,TRUE,reported,NA,NA,NA,NA,NA,NA,NA,5,164559592,0.00249196,5.21758,1.8e-7,335576,Niarchou2020fish,TRUE,reported,sObIaQ,2,TRUE,5e-6,NA,NA,TRUE
rs11237918,C,T,C,T,0.014092,-0.0657,0.400307,0.4231,FALSE,FALSE,FALSE,dkk5qp,11,79294066,0.0715,-0.918881,0.3585,4046,Beecham2014npany,TRUE,reported,NA,NA,NA,NA,NA,NA,NA,11,79294066,0.00247088,5.70323,1.2e-8,335576,Niarchou2020fish,TRUE,reported,sObIaQ,2,TRUE,5e-6,NA,NA,TRUE
rs113606005,C,T,C,T,-0.0167544,-0.036,0.134735,0.1426,FALSE,FALSE,FALSE,dkk5qp,19,5122828,0.1019,-0.353288,0.7240000000000001,4046,Beecham2014npany,TRUE,reported,NA,NA,NA,NA,NA,NA,NA,19,5122828,0.0035475999999999997,-4.72274,2.3e-6,335576,Niarchou2020fish,TRUE,reported,sObIaQ,2,TRUE,5e-6,NA,NA,TRUE
rs113707810,T,G,T,G,-0.025602,0.4254,0.054936,0.0545,FALSE,FALSE,FALSE,dkk5qp,7,72747127,0.5489999999999999,0.7748633879781421,0.4384,4046,Beecham2014npany,TRUE,reported,NA,NA,NA,NA,NA,NA,NA,7,72747127,0.00532011,-4.81231,1.5e-6,335576,Niarchou2020fish,TRUE,reported,sObIaQ,2,TRUE,5e-6,NA,NA,TRUE
rs114134737,G,A,G,A,0.0330346,-0.1506,0.041101,0.0247,FALSE,FALSE,FALSE,dkk5qp,2,207654791,0.3333,-0.451845,0.6515,4046,Beecham2014npany,TRUE,reported,NA,NA,NA,NA,NA,NA,NA,2,207654791,0.00609251,5.42217,5.9000000000000006e-8,335576,Niarchou2020fish,TRUE,reported,sObIaQ,2,TRUE,5e-6,NA,NA,TRUE
rs11706682,C,T,C,T,0.0172815,-0.0399,0.34075,0.3605,FALSE,FALSE,FALSE,dkk5qp,3,167199681,0.0768,-0.519531,0.603,4046,Beecham2014npany,TRUE,reported,NA,NA,NA,NA,NA,NA,NA,3,167199681,0.00255589,6.76144,1.4e-11,335576,Niarchou2020fish,TRUE,reported,sObIaQ,2,TRUE,5e-6,NA,NA,TRUE
rs11765386,T,C,T,C,-0.0173054,0.0987,0.117544,0.1181,FALSE,FALSE,FALSE,dkk5qp,7,2894512,0.11199999999999999,0.8812500000000001,0.3783,4046,Beecham2014npany,TRUE,reported,NA,NA,NA,NA,NA,NA,NA,7,2894512,0.00376198,-4.60008,4.2000000000000004e-6,335576,Niarchou2020fish,TRUE,reported,sObIaQ,2,TRUE,5e-6,NA,NA,TRUE
rs11767283,G,A,G,A,0.015695,0.0781,0.217997,0.224,FALSE,FALSE,FALSE,dkk5qp,7,121947456,0.113,0.69115,0.4896,4046,Beecham2014npany,TRUE,reported,NA,NA,NA,NA,NA,NA,NA,7,121947456,0.00295754,5.30678,1.1e-7,335576,Niarchou2020fish,TRUE,reported,sObIaQ,2,TRUE,5e-6,NA,NA,TRUE
rs117896932,G,A,G,A,-0.0188131,-0.049,0.112097,0.1095,FALSE,FALSE,FALSE,dkk5qp,12,23667103,0.1159,-0.422778,0.6723,4046,Beecham2014npany,TRUE,reported,NA,NA,NA,NA,NA,NA,NA,12,23667103,0.00383977,-4.89954,9.6e-7,335576,Niarchou2020fish,TRUE,reported,sObIaQ,2,TRUE,5e-6,NA,NA,TRUE
rs11792095,T,C,T,C,0.0160376,0.068,0.152264,0.154,FALSE,FALSE,FALSE,dkk5qp,9,74750671,0.1068,0.6367041198501873,0.5246,4046,Beecham2014npany,TRUE,reported,NA,NA,NA,NA,NA,NA,NA,9,74750671,0.00341429,4.6972,2.6e-6,335576,Niarchou2020fish,TRUE,reported,sObIaQ,2,TRUE,5e-6,NA,NA,TRUE
rs11859365,C,A,C,A,0.0190706,-0.0886,0.253428,0.2549,FALSE,FALSE,FALSE,dkk5qp,16,83683945,0.0811,-1.09248,0.2745,4046,Beecham2014npany,TRUE,reported,NA,NA,NA,NA,NA,NA,NA,16,83683945,0.00278154,6.85613,7.099999999999999e-12,335576,Niarchou2020fish,TRUE,reported,sObIaQ,2,TRUE,5e-6,NA,NA,TRUE
rs11892762,A,G,A,G,-0.0147016,0.077,0.202991,0.2273,FALSE,FALSE,FALSE,dkk5qp,2,208016168,0.0893,0.8622620380739081,0.3883,4046,Beecham2014npany,TRUE,reported,NA,NA,NA,NA,NA,NA,NA,2,208016168,0.00306058,-4.80353,1.6e-6,335576,Niarchou2020fish,TRUE,reported,sObIaQ,2,TRUE,5e-6,NA,NA,TRUE
rs12056870,G,A,G,A,-0.0117452,0.1112,0.402465,0.3917,FALSE,FALSE,FALSE,dkk5qp,8,33566756,0.0738,1.50678,0.1315,4046,Beecham2014npany,TRUE,reported,NA,NA,NA,NA,NA,NA,NA,8,33566756,0.0024663,-4.76228,1.9e-6,335576,Niarchou2020fish,TRUE,reported,sObIaQ,2,TRUE,5e-6,NA,NA,TRUE
rs12150688,T,C,T,C,-0.0127401,-0.1165,0.574819,0.5835,FALSE,FALSE,FALSE,dkk5qp,18,9321217,0.0747,-1.5595716198125837,0.1187,4046,Beecham2014npany,TRUE,reported,NA,NA,NA,NA,NA,NA,NA,18,9321217,0.00244644,-5.20761,1.9e-7,335576,Niarchou2020fish,TRUE,reported,sObIaQ,2,TRUE,5e-6,NA,NA,TRUE
rs1217105,G,T,G,T,0.0182021,-0.0185,0.69203,0.7006,FALSE,FALSE,FALSE,dkk5qp,8,64626932,0.0798,-0.23183,0.8169,4046,Beecham2014npany,TRUE,reported,NA,NA,NA,NA,NA,NA,NA,8,64626932,0.00262079,6.94527,3.8e-12,335576,Niarchou2020fish,TRUE,reported,sObIaQ,2,TRUE,5e-6,NA,NA,TRUE
rs1228475,C,G,C,G,-0.0162173,0.001,0.154315,0.1595,FALSE,TRUE,FALSE,dkk5qp,1,223978656,0.0951,0.010515247108307046,0.9916,4046,Beecham2014npany,TRUE,reported,TRUE,rs1228475,rs1222081,C,G,T,C,1,223974557,0.00334256,-4.85176,1.2e-6,335576,Niarchou2020fish,TRUE,reported,sObIaQ,2,TRUE,5e-6,NA,NA,TRUE
rs1248825,C,A,C,A,0.0196439,0.0442,0.674802,0.6881,FALSE,FALSE,FALSE,dkk5qp,3,84993411,0.0772,0.572539,0.5668,4046,Beecham2014npany,TRUE,reported,NA,NA,NA,NA,NA,NA,NA,3,84993411,0.00259659,7.56527,3.9e-14,335576,Niarchou2020fish,TRUE,reported,sObIaQ,2,TRUE,5e-6,NA,NA,TRUE
rs12514375,T,A,T,A,-0.013744,0.0203,0.387948,0.3764,FALSE,TRUE,FALSE,dkk5qp,5,60798733,0.0732,0.2773224043715847,0.7816,4046,Beecham2014npany,TRUE,reported,TRUE,rs12514375,rs1445980,T,A,A,G,5,60801428,0.00249301,-5.51301,3.5e-8,335576,Niarchou2020fish,TRUE,reported,sObIaQ,2,TRUE,5e-6,NA,NA,TRUE
rs12528185,G,A,G,A,-0.0123992,0.0468,0.566444,0.5263,FALSE,FALSE,FALSE,dkk5qp,6,156019346,0.077,0.607792,0.5432,4046,Beecham2014npany,TRUE,reported,NA,NA,NA,NA,NA,NA,NA,6,156019346,0.00248519,-4.98924,6.1e-7,335576,Niarchou2020fish,TRUE,reported,sObIaQ,2,TRUE,5e-6,NA,NA,TRUE
rs12599142,T,C,T,C,0.0123684,-0.0232,0.312225,0.3165,FALSE,FALSE,FALSE,dkk5qp,16,12546253,0.0772,-0.30051813471502586,0.7638,4046,Beecham2014npany,TRUE,reported,NA,NA,NA,NA,NA,NA,NA,16,12546253,0.00263621,4.69174,2.7000000000000004e-6,335576,Niarchou2020fish,TRUE,reported,sObIaQ,2,TRUE,5e-6,NA,NA,TRUE
rs12700239,A,C,A,C,-0.0170831,0.0765,0.210021,0.224,FALSE,FALSE,FALSE,dkk5qp,7,20865979,0.0932,0.8208154506437768,0.4119,4046,Beecham2014npany,TRUE,reported,NA,NA,NA,NA,NA,NA,NA,7,20865979,0.00300568,-5.68361,1.3e-8,335576,Niarchou2020fish,TRUE,reported,sObIaQ,2,TRUE,5e-6,NA,NA,TRUE
rs12721051,G,C,G,C,0.0179074,1.2856,0.189552,0.2602,FALSE,TRUE,FALSE,dkk5qp,19,45422846,0.1228,10.469055374592834,1.173e-25,4046,Beecham2014npany,TRUE,reported,TRUE,rs12721051,rs56131196,G,C,A,G,19,45422160,0.00309034,5.79464,6.8000000000000005e-9,335576,Niarchou2020fish,TRUE,reported,sObIaQ,2,TRUE,5e-6,NA,NA,TRUE
rs12826749,G,C,G,C,-0.0143141,-0.0224,0.42156,0.4219,FALSE,TRUE,TRUE,dkk5qp,12,46412001,0.0733,-0.30559345156889495,0.7601,4046,Beecham2014npany,TRUE,reported,TRUE,rs12826749,rs10880887,G,C,T,C,12,46412497,0.00247178,-5.79101,7e-9,335576,Niarchou2020fish,TRUE,reported,sObIaQ,2,FALSE,5e-6,NA,NA,NA
rs12831185,G,A,G,A,0.0149387,-0.1156,0.169241,0.1596,FALSE,FALSE,FALSE,dkk5qp,12,53860781,0.1024,-1.12891,0.2588,4046,Beecham2014npany,TRUE,reported,NA,NA,NA,NA,NA,NA,NA,12,53860781,0.00323389,4.61942,3.8e-6,335576,Niarchou2020fish,TRUE,reported,sObIaQ,2,TRUE,5e-6,NA,NA,TRUE
rs12906493,C,T,C,T,0.0183225,-0.1212,0.207753,0.2084,FALSE,FALSE,FALSE,dkk5qp,15,35933286,0.0881,-1.37571,0.1688,4046,Beecham2014npany,TRUE,reported,NA,NA,NA,NA,NA,NA,NA,15,35933286,0.00301038,6.08644,1.2e-9,335576,Niarchou2020fish,TRUE,reported,sObIaQ,2,TRUE,5e-6,NA,NA,TRUE
rs13016086,C,T,C,T,-0.020253,-0.162,0.117943,0.1043,FALSE,FALSE,FALSE,dkk5qp,2,28315770,0.1233,-1.31387,0.1891,4046,Beecham2014npany,TRUE,reported,NA,NA,NA,NA,NA,NA,NA,2,28315770,0.00375176,-5.39827,6.7e-8,335576,Niarchou2020fish,TRUE,reported,sObIaQ,2,TRUE,5e-6,NA,NA,TRUE
rs13022164,G,A,G,A,0.0173831,0.0757,0.829201,0.813,FALSE,FALSE,FALSE,dkk5qp,2,632536,0.092,0.822826,0.4107,4046,Beecham2014npany,TRUE,reported,NA,NA,NA,NA,NA,NA,NA,2,632536,0.00322431,5.39126,7e-8,335576,Niarchou2020fish,TRUE,reported,sObIaQ,2,TRUE,5e-6,NA,NA,TRUE
rs13082002,A,T,A,T,0.0141314,0.0499,0.467957,0.4679,FALSE,TRUE,TRUE,dkk5qp,3,117316006,0.0718,0.694986,0.4874,4046,Beecham2014npany,TRUE,reported,TRUE,rs13082002,rs34465253,A,T,C,A,3,117317203,0.00244314,5.78411,7.3e-9,335576,Niarchou2020fish,TRUE,reported,sObIaQ,2,FALSE,5e-6,NA,NA,NA
rs13101956,T,C,T,C,-0.0265229,-0.3143,0.059697,0.0516,FALSE,FALSE,FALSE,dkk5qp,4,146797469,0.2014,-1.5605759682224432,0.1186,4046,Beecham2014npany,TRUE,reported,NA,NA,NA,NA,NA,NA,NA,4,146797469,0.00510588,-5.19458,2.1e-7,335576,Niarchou2020fish,TRUE,reported,sObIaQ,2,TRUE,5e-6,NA,NA,TRUE
rs13132348,C,T,C,T,-0.013044,-0.0094,0.60137,0.6134,FALSE,FALSE,FALSE,dkk5qp,4,170868363,0.0773,-0.121604,0.9032,4046,Beecham2014npany,TRUE,reported,NA,NA,NA,NA,NA,NA,NA,4,170868363,0.00247802,-5.26388,1.4e-7,335576,Niarchou2020fish,TRUE,reported,sObIaQ,2,TRUE,5e-6,NA,NA,TRUE
rs140533,T,C,T,C,-0.0170899,-0.0753,0.149349,0.155,FALSE,FALSE,FALSE,dkk5qp,22,47781770,0.1014,-0.742603550295858,0.4576,4046,Beecham2014npany,TRUE,reported,NA,NA,NA,NA,NA,NA,NA,22,47781770,0.00342808,-4.98527,6.2e-7,335576,Niarchou2020fish,TRUE,reported,sObIaQ,2,TRUE,5e-6,NA,NA,TRUE
rs140758629,A,G,A,G,0.0341317,-0.0896,0.033976,0.0369,FALSE,FALSE,FALSE,dkk5qp,18,40133500,0.201,-0.4457711442786069,0.6558,4046,Beecham2014npany,TRUE,reported,NA,NA,NA,NA,NA,NA,NA,18,40133500,0.00669083,5.10127,3.4e-7,335576,Niarchou2020fish,TRUE,reported,sObIaQ,2,TRUE,5e-6,NA,NA,TRUE
rs1410054,G,A,G,A,-0.0179461,0.1086,0.76272,0.7486,FALSE,FALSE,FALSE,dkk5qp,10,112774155,0.0799,1.3592,0.1742,4046,Beecham2014npany,TRUE,reported,NA,NA,NA,NA,NA,NA,NA,10,112774155,0.00284724,-6.30298,2.9e-10,335576,Niarchou2020fish,TRUE,reported,sObIaQ,2,TRUE,5e-6,NA,NA,TRUE
rs142106193,A,G,A,G,0.0244688,0.0405,0.064463,0.0741,FALSE,FALSE,FALSE,dkk5qp,8,124211882,0.1552,0.2609536082474227,0.7942,4046,Beecham2014npany,TRUE,reported,NA,NA,NA,NA,NA,NA,NA,8,124211882,0.00499449,4.89916,9.6e-7,335576,Niarchou2020fish,TRUE,reported,sObIaQ,2,TRUE,5e-6,NA,NA,TRUE
rs1667369,C,A,C,A,-0.0128783,-0.0069,0.365776,0.3427,FALSE,FALSE,FALSE,dkk5qp,19,37444579,0.0754,-0.09151193633952255,0.9273,4046,Beecham2014npany,TRUE,reported,TRUE,rs1667369,rs141327507,C,A,T,C,19,37489617,0.00254378,-5.06266,4.1e-7,335576,Niarchou2020fish,TRUE,reported,sObIaQ,2,TRUE,5e-6,NA,NA,TRUE
rs16891727,A,C,A,C,-0.0248855,0.0584,0.131477,0.0996,FALSE,FALSE,FALSE,dkk5qp,6,26488860,0.1455,0.4013745704467354,0.6883,4046,Beecham2014npany,TRUE,reported,NA,NA,NA,NA,NA,NA,NA,6,26488860,0.00357335,-6.96419,3.3e-12,335576,Niarchou2020fish,TRUE,reported,sObIaQ,2,TRUE,5e-6,NA,NA,TRUE
rs16959955,C,T,C,T,0.0168573,-0.0469,0.221373,0.2504,FALSE,FALSE,FALSE,dkk5qp,15,48002700,0.083,-0.56506,0.5720000000000001,4046,Beecham2014npany,TRUE,reported,NA,NA,NA,NA,NA,NA,NA,15,48002700,0.00294229,5.72931,1e-8,335576,Niarchou2020fish,TRUE,reported,sObIaQ,2,TRUE,5e-6,NA,NA,TRUE
rs17049185,T,G,T,G,0.0164143,-0.0907,0.265216,0.2485,FALSE,FALSE,FALSE,dkk5qp,2,58072660,0.0828,-1.0954106280193237,0.2736,4046,Beecham2014npany,TRUE,reported,NA,NA,NA,NA,NA,NA,NA,2,58072660,0.00276984,5.92608,3.1e-9,335576,Niarchou2020fish,TRUE,reported,sObIaQ,2,TRUE,5e-6,NA,NA,TRUE
rs17258462,A,C,A,C,0.0119343,-0.04,0.406503,0.4171,FALSE,FALSE,FALSE,dkk5qp,11,9540323,0.0726,-0.5509641873278237,0.5820000000000001,4046,Beecham2014npany,TRUE,reported,NA,NA,NA,NA,NA,NA,NA,11,9540323,0.00247257,4.82668,1.4e-6,335576,Niarchou2020fish,TRUE,reported,sObIaQ,2,TRUE,5e-6,NA,NA,TRUE
rs17258783,T,C,T,C,-0.01386,0.024,0.216536,0.2132,FALSE,FALSE,FALSE,dkk5qp,9,34253097,0.086,0.2790697674418605,0.7804,4046,Beecham2014npany,TRUE,reported,NA,NA,NA,NA,NA,NA,NA,9,34253097,0.00293957,-4.71498,2.4e-6,335576,Niarchou2020fish,TRUE,reported,sObIaQ,2,TRUE,5e-6,NA,NA,TRUE
rs175404,A,T,A,T,-0.0117945,0.0535,0.470961,0.4632,FALSE,TRUE,TRUE,dkk5qp,18,23162688,0.0709,0.754584,0.4509,4046,Beecham2014npany,TRUE,reported,TRUE,rs175404,rs273723,A,T,G,A,18,23163166,0.00243068,-4.85235,1.2e-6,335576,Niarchou2020fish,TRUE,reported,sObIaQ,2,FALSE,5e-6,NA,NA,NA
rs17677434,A,G,A,G,0.0218705,-0.0229,0.071058,0.0872,FALSE,FALSE,FALSE,dkk5qp,2,145219688,0.1377,-0.16630355846042122,0.8677,4046,Beecham2014npany,TRUE,reported,NA,NA,NA,NA,NA,NA,NA,2,145219688,0.00474216,4.61193,4e-6,335576,Niarchou2020fish,TRUE,reported,sObIaQ,2,TRUE,5e-6,NA,NA,TRUE
rs17818263,A,G,A,G,-0.0146965,-0.2383,0.286039,0.2886,FALSE,FALSE,FALSE,dkk5qp,18,58865261,0.078,-3.0551282051282054,0.00225,4046,Beecham2014npany,TRUE,reported,NA,NA,NA,NA,NA,NA,NA,18,58865261,0.00268034,-5.48307,4.2e-8,335576,Niarchou2020fish,TRUE,reported,sObIaQ,2,TRUE,5e-6,NA,NA,TRUE
rs181534489,T,G,T,G,-0.0302333,-0.2736,0.035585,0.0391,FALSE,FALSE,FALSE,dkk5qp,6,70079553,0.1871,-1.4623196151790487,0.1436,4046,Beecham2014npany,TRUE,reported,TRUE,rs181534489,rs1328724,T,G,T,G,6,70079321,0.00652717,-4.63192,3.6000000000000003e-6,335576,Niarchou2020fish,TRUE,reported,sObIaQ,2,TRUE,5e-6,NA,NA,TRUE
rs1946265,C,A,C,A,-0.014904,-0.0917,0.645199,0.6304,FALSE,FALSE,FALSE,dkk5qp,5,50840436,0.0756,-1.21296,0.2249,4046,Beecham2014npany,TRUE,reported,NA,NA,NA,NA,NA,NA,NA,5,50840436,0.00254229,-5.86243,4.6e-9,335576,Niarchou2020fish,TRUE,reported,sObIaQ,2,TRUE,5e-6,NA,NA,TRUE
rs200268729,C,T,C,T,-0.0199026,0.1432,0.093397,0.0998,FALSE,FALSE,FALSE,dkk5qp,11,91617541,0.1194,1.19933,0.2305,4046,Beecham2014npany,TRUE,reported,TRUE,rs200268729,rs1982859,C,T,G,A,11,91618633,0.00419201,-4.74775,2.1000000000000002e-6,335576,Niarchou2020fish,TRUE,reported,sObIaQ,2,TRUE,5e-6,NA,NA,TRUE
rs2174602,G,A,G,A,-0.0130513,0.113,0.327383,0.3445,FALSE,FALSE,FALSE,dkk5qp,1,71799403,0.0757,1.49273,0.1354,4046,Beecham2014npany,TRUE,reported,NA,NA,NA,NA,NA,NA,NA,1,71799403,0.00259047,-5.0382,4.7e-7,335576,Niarchou2020fish,TRUE,reported,sObIaQ,2,TRUE,5e-6,NA,NA,TRUE
rs2200747,A,G,A,G,-0.01483,0.0535,0.234945,0.2357,FALSE,FALSE,FALSE,dkk5qp,11,27587761,0.0848,0.6308962264150944,0.5283,4046,Beecham2014npany,TRUE,reported,NA,NA,NA,NA,NA,NA,NA,11,27587761,0.00285361,-5.19693,2e-7,335576,Niarchou2020fish,TRUE,reported,sObIaQ,2,TRUE,5e-6,NA,NA,TRUE
rs2207136,C,T,C,T,-0.0131266,0.0821,0.465648,0.4442,FALSE,FALSE,FALSE,dkk5qp,6,50809720,0.073,1.12466,0.2607,4046,Beecham2014npany,TRUE,reported,NA,NA,NA,NA,NA,NA,NA,6,50809720,0.00243463,-5.39162,7e-8,335576,Niarchou2020fish,TRUE,reported,sObIaQ,2,TRUE,5e-6,NA,NA,TRUE
rs224295,C,A,C,A,-0.0121099,0.1098,0.456018,0.454,FALSE,FALSE,FALSE,dkk5qp,10,64590258,0.0725,1.51448,0.1299,4046,Beecham2014npany,TRUE,reported,NA,NA,NA,NA,NA,NA,NA,10,64590258,0.00244636,-4.95017,7.4e-7,335576,Niarchou2020fish,TRUE,reported,sObIaQ,2,TRUE,5e-6,NA,NA,TRUE
rs2248924,C,T,C,T,0.0129338,0.0259,0.327541,0.3414,FALSE,FALSE,FALSE,dkk5qp,3,158320923,0.0743,0.348587,0.7276,4046,Beecham2014npany,TRUE,reported,NA,NA,NA,NA,NA,NA,NA,3,158320923,0.00257667,5.01958,5.2e-7,335576,Niarchou2020fish,TRUE,reported,sObIaQ,2,TRUE,5e-6,NA,NA,TRUE
rs2282640,T,G,T,G,-0.0123932,-0.1141,0.295086,0.2992,FALSE,FALSE,FALSE,dkk5qp,11,66245851,0.076,-1.5013157894736842,0.1335,4046,Beecham2014npany,TRUE,reported,NA,NA,NA,NA,NA,NA,NA,11,66245851,0.0026604,-4.6584,3.2e-6,335576,Niarchou2020fish,TRUE,reported,sObIaQ,2,TRUE,5e-6,NA,NA,TRUE
rs2350901,G,A,G,A,-0.0199187,-0.0137,0.87551,0.8865,FALSE,FALSE,FALSE,dkk5qp,14,60948128,0.12,-0.114167,0.9089,4046,Beecham2014npany,TRUE,reported,NA,NA,NA,NA,NA,NA,NA,14,60948128,0.00368162,-5.41031,6.3e-8,335576,Niarchou2020fish,TRUE,reported,sObIaQ,2,TRUE,5e-6,NA,NA,TRUE
rs2413052,C,T,C,T,0.0193561,0.071,0.240382,0.2105,FALSE,FALSE,FALSE,dkk5qp,22,31783781,0.0949,0.748156,0.4541,4046,Beecham2014npany,TRUE,reported,NA,NA,NA,NA,NA,NA,NA,22,31783781,0.00284149,6.81195,9.6e-12,335576,Niarchou2020fish,TRUE,reported,sObIaQ,2,TRUE,5e-6,NA,NA,TRUE
rs2425026,T,C,T,C,0.0168691,0.0299,0.426877,0.4539,FALSE,FALSE,FALSE,dkk5qp,20,33847253,0.0724,0.4129834254143646,0.6797,4046,Beecham2014npany,TRUE,reported,NA,NA,NA,NA,NA,NA,NA,20,33847253,0.00246823,6.83449,8.2e-12,335576,Niarchou2020fish,TRUE,reported,sObIaQ,2,TRUE,5e-6,NA,NA,TRUE
rs2455021,G,C,G,C,0.0120926,0.1278,0.652968,0.6391,FALSE,TRUE,FALSE,dkk5qp,1,66437771,0.0733,1.74352,0.08125,4046,Beecham2014npany,TRUE,reported,TRUE,rs2455021,rs1937440,G,C,G,A,1,66489304,0.00257831,4.69013,2.7000000000000004e-6,335576,Niarchou2020fish,TRUE,reported,sObIaQ,2,TRUE,5e-6,NA,NA,TRUE
rs2463652,A,C,A,C,0.0144339,0.0381,0.462862,0.4596,FALSE,FALSE,FALSE,dkk5qp,2,157120584,0.0722,0.5277008310249308,0.5976,4046,Beecham2014npany,TRUE,reported,TRUE,rs2463652,rs2695439,A,C,A,C,2,157127415,0.00243718,5.92238,3.2e-9,335576,Niarchou2020fish,TRUE,reported,sObIaQ,2,TRUE,5e-6,NA,NA,TRUE
rs2503094,T,A,T,A,-0.0141858,-0.0515,0.201248,0.183,FALSE,TRUE,FALSE,dkk5qp,6,100606568,0.0931,-0.553169,0.5801,4046,Beecham2014npany,TRUE,reported,TRUE,rs2503094,rs2503097,T,A,G,A,6,100600726,0.00301368,-4.70714,2.5e-6,335576,Niarchou2020fish,TRUE,reported,sObIaQ,2,TRUE,5e-6,NA,NA,TRUE
rs2624839,C,T,C,T,0.0125441,0.001,0.428313,0.423,FALSE,FALSE,FALSE,dkk5qp,3,50202231,0.0707,0.0141443,0.9892,4046,Beecham2014npany,TRUE,reported,NA,NA,NA,NA,NA,NA,NA,3,50202231,0.00245128,5.11737,3.1e-7,335576,Niarchou2020fish,TRUE,reported,sObIaQ,2,TRUE,5e-6,NA,NA,TRUE
rs2664292,G,A,G,A,-0.0123407,0.095,0.703949,0.6898,FALSE,FALSE,FALSE,dkk5qp,14,99676807,0.0757,1.25495,0.2098,4046,Beecham2014npany,TRUE,reported,NA,NA,NA,NA,NA,NA,NA,14,99676807,0.0026438000000000004,-4.66779,3e-6,335576,Niarchou2020fish,TRUE,reported,sObIaQ,2,TRUE,5e-6,NA,NA,TRUE
rs28703977,C,T,C,T,-0.0159889,0.0553,0.654148,0.6591,FALSE,FALSE,FALSE,dkk5qp,6,31472792,0.0822,0.672749,0.501,4046,Beecham2014npany,TRUE,reported,NA,NA,NA,NA,NA,NA,NA,6,31472792,0.00255074,-6.26834,3.6000000000000005e-10,335576,Niarchou2020fish,TRUE,reported,sObIaQ,2,TRUE,5e-6,NA,NA,TRUE
rs3017687,G,A,G,A,-0.0123002,-0.0963,0.702525,0.6747,FALSE,FALSE,FALSE,dkk5qp,4,105475331,0.077,-1.25065,0.2107,4046,Beecham2014npany,TRUE,reported,NA,NA,NA,NA,NA,NA,NA,4,105475331,0.00264671,-4.64735,3.4e-6,335576,Niarchou2020fish,TRUE,reported,sObIaQ,2,TRUE,5e-6,NA,NA,TRUE
rs3021494,G,A,G,A,-0.0196447,-0.049,0.530477,0.5306,FALSE,FALSE,FALSE,dkk5qp,8,10983534,0.0716,-0.684358,0.49370000000000003,4046,Beecham2014npany,TRUE,reported,NA,NA,NA,NA,NA,NA,NA,8,10983534,0.00243572,-8.06525,7.3e-16,335576,Niarchou2020fish,TRUE,reported,sObIaQ,2,TRUE,5e-6,NA,NA,TRUE
rs3138491,T,C,T,C,0.0137183,-0.0376,0.309444,0.2929,FALSE,FALSE,FALSE,dkk5qp,9,92219038,0.0802,-0.46882793017456365,0.6389,4046,Beecham2014npany,TRUE,reported,NA,NA,NA,NA,NA,NA,NA,9,92219038,0.00266164,5.15408,2.5e-7,335576,Niarchou2020fish,TRUE,reported,sObIaQ,2,TRUE,5e-6,NA,NA,TRUE
rs34634095,A,C,A,C,-0.0159467,0.0515,0.698257,0.6946,FALSE,FALSE,FALSE,dkk5qp,11,111451869,0.0792,0.650253,0.5155,4046,Beecham2014npany,TRUE,reported,TRUE,rs34634095,rs510388,A,C,G,T,11,111455942,0.00269385,-5.91967,3.2e-9,335576,Niarchou2020fish,TRUE,reported,sObIaQ,2,TRUE,5e-6,NA,NA,TRUE
rs34655989,T,C,T,C,0.015073,0.0939,0.17778,0.1732,FALSE,FALSE,FALSE,dkk5qp,9,23626035,0.1639,0.5729103111653447,0.5666,4046,Beecham2014npany,TRUE,reported,NA,NA,NA,NA,NA,NA,NA,9,23626035,0.0031954,4.71709,2.4e-6,335576,Niarchou2020fish,TRUE,reported,sObIaQ,2,TRUE,5e-6,NA,NA,TRUE
rs35287743,T,G,T,G,-0.0345582,-0.0343,0.113999,0.1193,FALSE,FALSE,FALSE,dkk5qp,12,110057250,0.1232,-0.2784090909090909,0.7809999999999999,4046,Beecham2014npany,TRUE,reported,NA,NA,NA,NA,NA,NA,NA,12,110057250,0.00382725,-9.02951,1.6999999999999999e-19,335576,Niarchou2020fish,TRUE,reported,sObIaQ,2,TRUE,5e-6,NA,NA,TRUE
rs35711160,G,A,G,A,-0.0144553,-0.0681,0.183178,0.2158,FALSE,FALSE,FALSE,dkk5qp,7,133595233,0.0913,-0.745893,0.4558,4046,Beecham2014npany,TRUE,reported,NA,NA,NA,NA,NA,NA,NA,7,133595233,0.00312906,-4.61969,3.8e-6,335576,Niarchou2020fish,TRUE,reported,sObIaQ,2,TRUE,5e-6,NA,NA,TRUE
rs357842,G,A,G,A,-0.0120793,0.0625,0.338413,0.341,FALSE,FALSE,FALSE,dkk5qp,4,60004974,0.0758,0.824538,0.4097,4046,Beecham2014npany,TRUE,reported,NA,NA,NA,NA,NA,NA,NA,4,60004974,0.00258835,-4.6668,3.1e-6,335576,Niarchou2020fish,TRUE,reported,sObIaQ,2,TRUE,5e-6,NA,NA,TRUE
rs364926,T,C,T,C,0.0174371,0.0229,0.235798,0.2452,FALSE,FALSE,FALSE,dkk5qp,5,166392055,0.0862,0.265661252900232,0.7904,4046,Beecham2014npany,TRUE,reported,NA,NA,NA,NA,NA,NA,NA,5,166392055,0.00285087,6.11641,9.6e-10,335576,Niarchou2020fish,TRUE,reported,sObIaQ,2,TRUE,5e-6,NA,NA,TRUE
rs380743,A,G,A,G,-0.0175022,0.0688,0.493772,0.4787,FALSE,FALSE,FALSE,dkk5qp,19,49241014,0.0748,0.9197860962566844,0.3574,4046,Beecham2014npany,TRUE,reported,NA,NA,NA,NA,NA,NA,NA,19,49241014,0.00243995,-7.17318,7.3e-13,335576,Niarchou2020fish,TRUE,reported,sObIaQ,2,TRUE,5e-6,NA,NA,TRUE
rs3892657,T,C,T,C,0.0179677,-0.1411,0.152514,0.10780000000000001,FALSE,FALSE,FALSE,dkk5qp,14,104607966,0.1652,-0.8541162227602905,0.3933,4046,Beecham2014npany,TRUE,reported,NA,NA,NA,NA,NA,NA,NA,14,104607966,0.00341536,5.26085,1.4e-7,335576,Niarchou2020fish,TRUE,reported,sObIaQ,2,TRUE,5e-6,NA,NA,TRUE
rs4458235,T,A,T,A,-0.0161001,-0.177,0.671605,0.6796,FALSE,TRUE,FALSE,dkk5qp,2,79703384,0.0817,-2.1664626682986534,0.030410000000000003,4046,Beecham2014npany,TRUE,reported,TRUE,rs4458235,rs6717316,T,A,A,G,2,79710525,0.00257371,-6.2556,4e-10,335576,Niarchou2020fish,TRUE,reported,sObIaQ,2,TRUE,5e-6,NA,NA,TRUE
rs45501495,T,C,T,C,0.0175379,-0.1031,0.233721,0.2377,FALSE,FALSE,FALSE,dkk5qp,1,204596454,0.0821,-1.2557856272838002,0.2093,4046,Beecham2014npany,TRUE,reported,NA,NA,NA,NA,NA,NA,NA,1,204596454,0.00286562,6.12011,9.4e-10,335576,Niarchou2020fish,TRUE,reported,sObIaQ,2,TRUE,5e-6,NA,NA,TRUE
rs4608688,C,G,C,G,-0.0114205,0.0437,0.546489,0.5304,FALSE,TRUE,TRUE,dkk5qp,3,53422146,0.0718,0.6086350974930362,0.5427,4046,Beecham2014npany,TRUE,reported,TRUE,rs4608688,rs4687727,C,G,T,G,3,53432086,0.00244305,-4.67469,2.8999999999999998e-6,335576,Niarchou2020fish,TRUE,reported,sObIaQ,2,FALSE,5e-6,NA,NA,NA
rs4762204,A,G,A,G,-0.0140314,-0.0124,0.255983,0.2538,FALSE,FALSE,FALSE,dkk5qp,12,98776847,0.0829,-0.14957780458383593,0.8814,4046,Beecham2014npany,TRUE,reported,NA,NA,NA,NA,NA,NA,NA,12,98776847,0.00279897,-5.01306,5.4e-7,335576,Niarchou2020fish,TRUE,reported,sObIaQ,2,TRUE,5e-6,NA,NA,TRUE
rs478975,A,G,A,G,0.0125011,0.0795,0.645274,0.6318,FALSE,FALSE,FALSE,dkk5qp,1,234773373,0.0735,1.0816326530612246,0.2794,4046,Beecham2014npany,TRUE,reported,NA,NA,NA,NA,NA,NA,NA,1,234773373,0.0025533,4.89606,9.8e-7,335576,Niarchou2020fish,TRUE,reported,sObIaQ,2,TRUE,5e-6,NA,NA,TRUE
rs4905897,C,T,C,T,-0.0115742,-0.0062,0.456473,0.4443,FALSE,FALSE,FALSE,dkk5qp,14,100275413,0.0731,-0.0848153,0.9318,4046,Beecham2014npany,TRUE,reported,NA,NA,NA,NA,NA,NA,NA,14,100275413,0.00243925,-4.74498,2.1000000000000002e-6,335576,Niarchou2020fish,TRUE,reported,sObIaQ,2,TRUE,5e-6,NA,NA,TRUE
rs491711,C,A,C,A,-0.0122033,0.0454,0.309211,0.3208,FALSE,FALSE,FALSE,dkk5qp,11,28742220,0.0769,0.590377,0.5549,4046,Beecham2014npany,TRUE,reported,NA,NA,NA,NA,NA,NA,NA,11,28742220,0.00263685,-4.62798,3.7000000000000006e-6,335576,Niarchou2020fish,TRUE,reported,sObIaQ,2,TRUE,5e-6,NA,NA,TRUE
rs4953150,T,C,T,C,-0.0193152,-0.0377,0.342028,0.3589,FALSE,FALSE,FALSE,dkk5qp,2,45157336,0.0796,-0.4736180904522613,0.6359,4046,Beecham2014npany,TRUE,reported,NA,NA,NA,NA,NA,NA,NA,2,45157336,0.00257415,-7.50353,6.2e-14,335576,Niarchou2020fish,TRUE,reported,sObIaQ,2,TRUE,5e-6,NA,NA,TRUE
rs560815,A,T,A,T,-0.0235298,-0.0039,0.733176,0.7166,FALSE,TRUE,FALSE,dkk5qp,13,55920686,0.0787,-0.04955527318932655,0.9608,4046,Beecham2014npany,TRUE,reported,TRUE,rs560815,rs1436698,A,T,T,C,13,55935080,0.002726,-8.63162,6e-18,335576,Niarchou2020fish,TRUE,reported,sObIaQ,2,TRUE,5e-6,NA,NA,TRUE
rs56094641,G,A,G,A,0.0223354,0.0592,0.403329,0.4078,FALSE,FALSE,FALSE,dkk5qp,16,53806453,0.0725,0.81655199999999994,0.4143,4046,Beecham2014npany,TRUE,reported,NA,NA,NA,NA,NA,NA,NA,16,53806453,0.00246582,9.058,1.2999999999999998e-19,335576,Niarchou2020fish,TRUE,reported,sObIaQ,2,TRUE,5e-6,NA,NA,TRUE
rs56338521,C,G,C,G,-0.0123695,-0.0355,0.333415,0.3298,FALSE,TRUE,FALSE,dkk5qp,5,145453440,0.0771,-0.4604409857328145,0.6454,4046,Beecham2014npany,TRUE,reported,TRUE,rs56338521,rs12374457,C,G,T,C,5,145453340,0.00260912,-4.74087,2.1000000000000002e-6,335576,Niarchou2020fish,TRUE,reported,sObIaQ,2,TRUE,5e-6,NA,NA,TRUE
rs566936,G,T,G,T,-0.0117856,0.021,0.553755,0.5515,FALSE,FALSE,FALSE,dkk5qp,9,37233890,0.0704,0.298295,0.7657,4046,Beecham2014npany,TRUE,reported,NA,NA,NA,NA,NA,NA,NA,9,37233890,0.00243355,-4.84297,1.3e-6,335576,Niarchou2020fish,TRUE,reported,sObIaQ,2,TRUE,5e-6,NA,NA,TRUE
rs58645417,G,T,G,T,0.0245966,-0.0561,0.068244,0.0653,FALSE,FALSE,FALSE,dkk5qp,15,75292916,0.1511,-0.37127729980145596,0.7107,4046,Beecham2014npany,TRUE,reported,TRUE,rs58645417,rs56970592,G,T,A,G,15,75325858,0.00479675,5.12776,2.9e-7,335576,Niarchou2020fish,TRUE,reported,sObIaQ,2,TRUE,5e-6,NA,NA,TRUE
rs59733471,T,G,T,G,0.0160445,0.0606,0.182287,0.1867,FALSE,FALSE,FALSE,dkk5qp,1,88436992,0.0964,0.6286307053941909,0.5294,4046,Beecham2014npany,TRUE,reported,NA,NA,NA,NA,NA,NA,NA,1,88436992,0.00313807,5.11286,3.2e-7,335576,Niarchou2020fish,TRUE,reported,sObIaQ,2,TRUE,5e-6,NA,NA,TRUE
rs6017250,C,T,C,T,0.0138677,-0.1202,0.732057,0.7454,FALSE,FALSE,FALSE,dkk5qp,20,42661504,0.0833,-1.44298,0.1488,4046,Beecham2014npany,TRUE,reported,NA,NA,NA,NA,NA,NA,NA,20,42661504,0.0027421,5.05733,4.3e-7,335576,Niarchou2020fish,TRUE,reported,sObIaQ,2,TRUE,5e-6,NA,NA,TRUE
rs6089741,G,A,G,A,-0.0111999,-0.0623,0.532082,0.545,FALSE,FALSE,FALSE,dkk5qp,20,61154594,0.0739,-0.843031,0.3991,4046,Beecham2014npany,TRUE,reported,NA,NA,NA,NA,NA,NA,NA,20,61154594,0.00243311,-4.60312,4.2000000000000004e-6,335576,Niarchou2020fish,TRUE,reported,sObIaQ,2,TRUE,5e-6,NA,NA,TRUE
rs613597,G,A,G,A,-0.014878,0.165,0.650945,0.6449,FALSE,FALSE,FALSE,dkk5qp,11,88598646,0.0728,2.26648,0.02348,4046,Beecham2014npany,TRUE,reported,NA,NA,NA,NA,NA,NA,NA,11,88598646,0.00253317,-5.87327,4.3e-9,335576,Niarchou2020fish,TRUE,reported,sObIaQ,2,TRUE,5e-6,NA,NA,TRUE
rs61508189,A,C,A,C,0.0114725,0.0287,0.494766,0.4786,FALSE,FALSE,FALSE,dkk5qp,3,146993779,0.07200000000000001,0.3986111111111111,0.6901,4046,Beecham2014npany,TRUE,reported,NA,NA,NA,NA,NA,NA,NA,3,146993779,0.0024177,4.74521,2.1000000000000002e-6,335576,Niarchou2020fish,TRUE,reported,sObIaQ,2,TRUE,5e-6,NA,NA,TRUE
rs62267081,A,C,A,C,0.0385466,0.1016,0.029426,0.033,FALSE,FALSE,FALSE,dkk5qp,3,81702628,0.3341,0.30410056869200836,0.7611,4046,Beecham2014npany,TRUE,reported,NA,NA,NA,NA,NA,NA,NA,3,81702628,0.00720216,5.35209,8.7e-8,335576,Niarchou2020fish,TRUE,reported,sObIaQ,2,TRUE,5e-6,NA,NA,TRUE
rs62515047,T,A,T,A,0.0114981,-0.0344,0.48269,0.4307,FALSE,TRUE,TRUE,dkk5qp,8,77154222,0.0752,-0.457447,0.6472,4046,Beecham2014npany,TRUE,reported,TRUE,rs62515047,rs7822015,T,A,C,T,8,77165847,0.0024736000000000003,4.64833,3.3e-6,335576,Niarchou2020fish,TRUE,reported,sObIaQ,2,FALSE,5e-6,NA,NA,NA
rs6454587,G,A,G,A,-0.0124225,-0.1445,0.527104,0.5277,FALSE,FALSE,FALSE,dkk5qp,6,87857882,0.0711,-2.03235,0.04202,4046,Beecham2014npany,TRUE,reported,NA,NA,NA,NA,NA,NA,NA,6,87857882,0.00241955,-5.13422,2.8e-7,335576,Niarchou2020fish,TRUE,reported,sObIaQ,2,TRUE,5e-6,NA,NA,TRUE
rs66531668,G,C,G,C,-0.0142477,0.0376,0.239931,0.2449,FALSE,TRUE,FALSE,dkk5qp,7,111388919,0.0836,0.449761,0.6529,4046,Beecham2014npany,TRUE,reported,TRUE,rs66531668,rs10232609,G,C,G,A,7,111402589,0.0028954999999999996,-4.92064,8.6e-7,335576,Niarchou2020fish,TRUE,reported,sObIaQ,2,TRUE,5e-6,NA,NA,TRUE
rs6690619,T,C,T,C,-0.0182667,-0.0396,0.508389,0.511,FALSE,FALSE,FALSE,dkk5qp,1,153765399,0.0756,-0.5238095238095238,0.6008,4046,Beecham2014npany,TRUE,reported,NA,NA,NA,NA,NA,NA,NA,1,153765399,0.00243049,-7.51564,5.700000000000001e-14,335576,Niarchou2020fish,TRUE,reported,sObIaQ,2,TRUE,5e-6,NA,NA,TRUE
rs6699744,T,A,T,A,0.0176817,0.0871,0.61435,0.6235,FALSE,TRUE,FALSE,dkk5qp,1,72819612,0.0727,1.19807,0.2305,4046,Beecham2014npany,TRUE,reported,TRUE,rs6699744,rs2012697,T,A,C,T,1,72825144,0.0025124,7.03777,2e-12,335576,Niarchou2020fish,TRUE,reported,sObIaQ,2,TRUE,5e-6,NA,NA,TRUE
rs6756149,T,C,T,C,0.015856,-0.0842,0.460539,0.4465,FALSE,FALSE,FALSE,dkk5qp,2,104099833,0.076,-1.1078947368421053,0.2678,4046,Beecham2014npany,TRUE,reported,NA,NA,NA,NA,NA,NA,NA,2,104099833,0.0024274,6.53209,6.5e-11,335576,Niarchou2020fish,TRUE,reported,sObIaQ,2,TRUE,5e-6,NA,NA,TRUE
rs6790797,A,G,A,G,-0.0122551,-0.0272,0.63488,0.6374,FALSE,FALSE,FALSE,dkk5qp,3,68753972,0.0757,-0.3593130779392338,0.7197,4046,Beecham2014npany,TRUE,reported,NA,NA,NA,NA,NA,NA,NA,3,68753972,0.00251737,-4.86822,1.1e-6,335576,Niarchou2020fish,TRUE,reported,sObIaQ,2,TRUE,5e-6,NA,NA,TRUE
rs6870152,G,A,G,A,-0.0138461,-0.109,0.623327,0.6139,FALSE,FALSE,FALSE,dkk5qp,5,95883544,0.0737,-1.47897,0.1392,4046,Beecham2014npany,TRUE,reported,NA,NA,NA,NA,NA,NA,NA,5,95883544,0.00251463,-5.50622,3.7e-8,335576,Niarchou2020fish,TRUE,reported,sObIaQ,2,TRUE,5e-6,NA,NA,TRUE
rs690189,C,T,C,T,-0.0132159,0.0035,0.366096,0.3707,FALSE,FALSE,FALSE,dkk5qp,18,8897035,0.0738,0.0474255,0.9620000000000001,4046,Beecham2014npany,TRUE,reported,NA,NA,NA,NA,NA,NA,NA,18,8897035,0.00252328,-5.23759,1.6e-7,335576,Niarchou2020fish,TRUE,reported,sObIaQ,2,TRUE,5e-6,NA,NA,TRUE
rs7088854,A,T,A,T,-0.0112925,0.0499,0.455837,0.4735,FALSE,TRUE,TRUE,dkk5qp,10,13606905,0.0726,0.687328,0.4917,4046,Beecham2014npany,TRUE,reported,TRUE,rs7088854,rs7089579,A,T,C,T,10,13606499,0.0024644000000000003,-4.58225,4.6e-6,335576,Niarchou2020fish,TRUE,reported,sObIaQ,2,FALSE,5e-6,NA,NA,NA
rs7126316,A,T,A,T,0.0173706,-0.1388,0.168705,0.166,FALSE,TRUE,FALSE,dkk5qp,11,46438715,0.092,-1.5086956521739132,0.1311,4046,Beecham2014npany,TRUE,reported,TRUE,rs7126316,rs61882691,A,T,A,C,11,46660550,0.00323032,5.37736,7.599999999999999e-8,335576,Niarchou2020fish,TRUE,reported,sObIaQ,2,TRUE,5e-6,NA,NA,TRUE
rs71516386,C,A,C,A,0.0223934,-0.1035,0.920179,0.9141,FALSE,FALSE,FALSE,dkk5qp,1,35706365,0.1427,-0.725298,0.4683,4046,Beecham2014npany,TRUE,reported,NA,NA,NA,NA,NA,NA,NA,1,35706365,0.0045284,4.9451,7.6e-7,335576,Niarchou2020fish,TRUE,reported,sObIaQ,2,TRUE,5e-6,NA,NA,TRUE
rs71552412,G,A,G,A,0.0192195,0.1343,0.107624,0.1217,FALSE,FALSE,FALSE,dkk5qp,7,76505568,0.183,0.73388,0.4628,4046,Beecham2014npany,TRUE,reported,NA,NA,NA,NA,NA,NA,NA,7,76505568,0.00389872,4.92969,8.2e-7,335576,Niarchou2020fish,TRUE,reported,sObIaQ,2,TRUE,5e-6,NA,NA,TRUE
rs7190210,G,T,G,T,-0.0114196,0.0395,0.60091,0.6028,FALSE,FALSE,FALSE,dkk5qp,16,64604919,0.0721,0.54785,0.5843,4046,Beecham2014npany,TRUE,reported,NA,NA,NA,NA,NA,NA,NA,16,64604919,0.00246985,-4.6236,3.8e-6,335576,Niarchou2020fish,TRUE,reported,sObIaQ,2,TRUE,5e-6,NA,NA,TRUE
rs7210182,A,G,A,G,0.0142814,0.2086,0.209799,0.1789,FALSE,FALSE,FALSE,dkk5qp,17,45327140,0.1041,2.0038424591738715,0.04504,4046,Beecham2014npany,TRUE,reported,NA,NA,NA,NA,NA,NA,NA,17,45327140,0.00298166,4.78975,1.7e-6,335576,Niarchou2020fish,TRUE,reported,sObIaQ,2,TRUE,5e-6,NA,NA,TRUE
rs72674149,A,G,A,G,0.0200382,0.0368,0.087491,0.0924,FALSE,FALSE,FALSE,dkk5qp,8,105765835,0.1343,0.2740134028294862,0.7842,4046,Beecham2014npany,TRUE,reported,NA,NA,NA,NA,NA,NA,NA,8,105765835,0.004280600000000001,4.68117,2.8999999999999998e-6,335576,Niarchou2020fish,TRUE,reported,sObIaQ,2,TRUE,5e-6,NA,NA,TRUE
rs72813607,A,G,A,G,-0.018586600000000002,0.107,0.138393,0.1284,FALSE,FALSE,FALSE,dkk5qp,17,29461525,0.1133,0.9443954104148279,0.3448,4046,Beecham2014npany,TRUE,reported,NA,NA,NA,NA,NA,NA,NA,17,29461525,0.00350887,-5.29703,1.2e-7,335576,Niarchou2020fish,TRUE,reported,sObIaQ,2,TRUE,5e-6,NA,NA,TRUE
rs72900472,G,A,G,A,-0.0197725,0.0666,0.125962,0.126,FALSE,FALSE,FALSE,dkk5qp,4,67508545,0.1118,0.595707,0.5513,4046,Beecham2014npany,TRUE,reported,NA,NA,NA,NA,NA,NA,NA,4,67508545,0.00364312,-5.42735,5.7e-8,335576,Niarchou2020fish,TRUE,reported,sObIaQ,2,TRUE,5e-6,NA,NA,TRUE
rs73042584,G,A,G,A,0.0131406,-0.0345,0.251347,0.2545,FALSE,FALSE,FALSE,dkk5qp,3,29483342,0.0885,-0.389831,0.6962,4046,Beecham2014npany,TRUE,reported,NA,NA,NA,NA,NA,NA,NA,3,29483342,0.00282883,4.64524,3.4e-6,335576,Niarchou2020fish,TRUE,reported,sObIaQ,2,TRUE,5e-6,NA,NA,TRUE
rs7359623,T,C,T,C,0.013091,0.0283,0.512771,0.4997,FALSE,FALSE,FALSE,dkk5qp,17,38049589,0.0708,0.39971751412429374,0.6893,4046,Beecham2014npany,TRUE,reported,NA,NA,NA,NA,NA,NA,NA,17,38049589,0.00242361,5.40145,6.6e-8,335576,Niarchou2020fish,TRUE,reported,sObIaQ,2,TRUE,5e-6,NA,NA,TRUE
rs73868702,A,G,A,G,-0.0333836,-0.1859,0.043127,0.0425,FALSE,FALSE,FALSE,dkk5qp,3,149754216,0.1826,-1.0180722891566265,0.3086,4046,Beecham2014npany,TRUE,reported,NA,NA,NA,NA,NA,NA,NA,3,149754216,0.00594694,-5.61358,2e-8,335576,Niarchou2020fish,TRUE,reported,sObIaQ,2,TRUE,5e-6,NA,NA,TRUE
rs74792366,C,T,C,T,0.0169256,-0.0333,0.149882,0.1508,FALSE,FALSE,FALSE,dkk5qp,8,59866085,0.1253,-0.265762,0.7903,4046,Beecham2014npany,TRUE,reported,NA,NA,NA,NA,NA,NA,NA,8,59866085,0.0034560000000000003,4.89745,9.7e-7,335576,Niarchou2020fish,TRUE,reported,sObIaQ,2,TRUE,5e-6,NA,NA,TRUE
rs75264826,T,A,T,A,-0.0204008,0.045,0.107451,0.1218,FALSE,TRUE,FALSE,dkk5qp,16,7282614,0.1145,0.3930131004366812,0.6945,4046,Beecham2014npany,TRUE,reported,TRUE,rs75264826,rs11864490,T,A,A,G,16,7280672,0.00393735,-5.18135,2.2e-7,335576,Niarchou2020fish,TRUE,reported,sObIaQ,2,TRUE,5e-6,NA,NA,TRUE
rs75324100,T,C,T,C,-0.0147598,0.0819,0.193594,0.1711,FALSE,FALSE,FALSE,dkk5qp,2,60297576,0.1064,0.7697368421052632,0.4416,4046,Beecham2014npany,TRUE,reported,NA,NA,NA,NA,NA,NA,NA,2,60297576,0.00309044,-4.77595,1.8000000000000001e-6,335576,Niarchou2020fish,TRUE,reported,sObIaQ,2,TRUE,5e-6,NA,NA,TRUE
rs777591,G,A,G,A,-0.0116233,-0.0696,0.611532,0.6221,FALSE,FALSE,FALSE,dkk5qp,2,61417617,0.0743,-0.936743,0.3485,4046,Beecham2014npany,TRUE,reported,NA,NA,NA,NA,NA,NA,NA,2,61417617,0.00248317,-4.68083,2.8999999999999998e-6,335576,Niarchou2020fish,TRUE,reported,sObIaQ,2,TRUE,5e-6,NA,NA,TRUE
rs7787498,T,C,T,C,-0.012669,-0.0289,0.606285,0.5981,FALSE,FALSE,FALSE,dkk5qp,7,10896020,0.0735,-0.39319727891156464,0.6944,4046,Beecham2014npany,TRUE,reported,NA,NA,NA,NA,NA,NA,NA,7,10896020,0.00251222,-5.04295,4.6e-7,335576,Niarchou2020fish,TRUE,reported,sObIaQ,2,TRUE,5e-6,NA,NA,TRUE
rs7868854,A,C,A,C,-0.0155035,0.0749,0.190651,0.1885,FALSE,FALSE,FALSE,dkk5qp,9,73432277,0.0927,0.8079827400215749,0.419,4046,Beecham2014npany,TRUE,reported,NA,NA,NA,NA,NA,NA,NA,9,73432277,0.00308084,-5.03223,4.8e-7,335576,Niarchou2020fish,TRUE,reported,sObIaQ,2,TRUE,5e-6,NA,NA,TRUE
rs78986608,C,T,C,T,0.040476,-0.1649,0.019472,0.0219,FALSE,FALSE,FALSE,dkk5qp,2,137376647,0.2572,-0.641135,0.5213,4046,Beecham2014npany,TRUE,reported,NA,NA,NA,NA,NA,NA,NA,2,137376647,0.00875081,4.6254,3.7000000000000006e-6,335576,Niarchou2020fish,TRUE,reported,sObIaQ,2,TRUE,5e-6,NA,NA,TRUE
rs79262908,T,C,T,C,-0.0158374,-0.1082,0.19021,0.1914,FALSE,FALSE,FALSE,dkk5qp,3,185803594,0.0885,-1.2225988700564974,0.2215,4046,Beecham2014npany,TRUE,reported,NA,NA,NA,NA,NA,NA,NA,3,185803594,0.00308404,-5.13528,2.8e-7,335576,Niarchou2020fish,TRUE,reported,sObIaQ,2,TRUE,5e-6,NA,NA,TRUE
rs7978702,A,G,A,G,0.0173966,0.1382,0.818835,0.8181,FALSE,FALSE,FALSE,dkk5qp,12,34366373,0.0893,1.5475923852183648,0.1218,4046,Beecham2014npany,TRUE,reported,NA,NA,NA,NA,NA,NA,NA,12,34366373,0.00313907,5.54196,3e-8,335576,Niarchou2020fish,TRUE,reported,sObIaQ,2,TRUE,5e-6,NA,NA,TRUE
rs7986546,G,A,G,A,0.0127469,-0.0191,0.325636,0.3261,FALSE,FALSE,FALSE,dkk5qp,13,107712513,0.0771,-0.24773,0.8043,4046,Beecham2014npany,TRUE,reported,NA,NA,NA,NA,NA,NA,NA,13,107712513,0.00261278,4.87867,1.1e-6,335576,Niarchou2020fish,TRUE,reported,sObIaQ,2,TRUE,5e-6,NA,NA,TRUE
rs8018402,G,A,G,A,0.0132495,-0.0628,0.727516,0.6976,FALSE,FALSE,FALSE,dkk5qp,14,31422972,0.0792,-0.792929,0.4279,4046,Beecham2014npany,TRUE,reported,NA,NA,NA,NA,NA,NA,NA,14,31422972,0.00272165,4.86819,1.1e-6,335576,Niarchou2020fish,TRUE,reported,sObIaQ,2,TRUE,5e-6,NA,NA,TRUE
rs8018535,T,G,T,G,-0.0137998,0.0079,0.285627,0.2751,FALSE,FALSE,FALSE,dkk5qp,14,85800256,0.0812,0.09729064039408869,0.9223,4046,Beecham2014npany,TRUE,reported,NA,NA,NA,NA,NA,NA,NA,14,85800256,0.00268555,-5.13854,2.8e-7,335576,Niarchou2020fish,TRUE,reported,sObIaQ,2,TRUE,5e-6,NA,NA,TRUE
rs80264330,G,T,G,T,0.0302655,0.0187,0.056141,0.0612,FALSE,FALSE,FALSE,dkk5qp,3,114815659,0.152,0.123026,0.902,4046,Beecham2014npany,TRUE,reported,NA,NA,NA,NA,NA,NA,NA,3,114815659,0.00525711,5.75706,8.6e-9,335576,Niarchou2020fish,TRUE,reported,sObIaQ,2,TRUE,5e-6,NA,NA,TRUE
rs9362897,T,G,T,G,0.0153747,0.0751,0.471084,0.4948,FALSE,FALSE,FALSE,dkk5qp,6,92327446,0.07,1.0728571428571427,0.2835,4046,Beecham2014npany,TRUE,reported,NA,NA,NA,NA,NA,NA,NA,6,92327446,0.00242031,6.35237,2.1000000000000002e-10,335576,Niarchou2020fish,TRUE,reported,sObIaQ,2,TRUE,5e-6,NA,NA,TRUE
rs946711,C,A,C,A,-0.0265991,0.0302,0.326072,0.3292,FALSE,FALSE,FALSE,dkk5qp,10,21806832,0.0776,0.389175,0.6977,4046,Beecham2014npany,TRUE,reported,NA,NA,NA,NA,NA,NA,NA,10,21806832,0.0026030999999999997,-10.2182,1.6e-24,335576,Niarchou2020fish,TRUE,reported,sObIaQ,2,TRUE,5e-6,NA,NA,TRUE
rs9513754,T,C,T,C,0.012779,0.0841,0.289583,0.2985,FALSE,FALSE,FALSE,dkk5qp,13,101043420,0.0801,1.0499375780274656,0.2941,4046,Beecham2014npany,TRUE,reported,NA,NA,NA,NA,NA,NA,NA,13,101043420,0.00268128,4.76601,1.9e-6,335576,Niarchou2020fish,TRUE,reported,sObIaQ,2,TRUE,5e-6,NA,NA,TRUE
rs977275,T,C,T,C,-0.0119329,0.1346,0.418974,0.4182,FALSE,FALSE,FALSE,dkk5qp,5,124513247,0.08,1.6824999999999999,0.0922,4046,Beecham2014npany,TRUE,reported,NA,NA,NA,NA,NA,NA,NA,5,124513247,0.00246175,-4.84732,1.3e-6,335576,Niarchou2020fish,TRUE,reported,sObIaQ,2,TRUE,5e-6,NA,NA,TRUE
rs9844620,T,G,T,G,0.0127213,0.0344,0.311193,0.3129,FALSE,FALSE,FALSE,dkk5qp,3,126822685,0.0762,0.45144356955380577,0.652,4046,Beecham2014npany,TRUE,reported,NA,NA,NA,NA,NA,NA,NA,3,126822685,0.00262804,4.8406,1.3e-6,335576,Niarchou2020fish,TRUE,reported,sObIaQ,2,TRUE,5e-6,NA,NA,TRUE
rs9955276,T,C,T,C,0.0194761,4e-4,0.141809,0.1507,FALSE,FALSE,FALSE,dkk5qp,18,1839339,0.0989,0.004044489383215369,0.9971,4046,Beecham2014npany,TRUE,reported,NA,NA,NA,NA,NA,NA,NA,18,1839339,0.00348698,5.58538,2.2999999999999998e-8,335576,Niarchou2020fish,TRUE,reported,sObIaQ,2,TRUE,5e-6,NA,NA,TRUE
