outcome,exposure,pt,outliers_removed,qval,nsnp,n_outliers,RSSobs,MRPRESSO.pval,egger_intercept,egger_se,Egger.pval,exposure.name,exposure.domain,outcome.name,outcome.domain,Egger_b,IVW_b,WMBE_b,WME_b,Egger_se,IVW_se,WMBE_se,WME_se,Egger_MR.pval,IVW_MR.pval,WMBE_MR.pval,WME_MR.pval,IVW_Signif,Egger_Signif,WME_Signif,WMBE_Signif,MRPRESSO.pval_rm,pass,pass_0.1,domain.exposure,domain.outcome
Dashti2019slepdur,Beecham2014braak4,5e-6,FALSE,0.06897203890324632,10,0,21.7,0.121,-0.00144,0.0016,0.41,Neurofibrillary Tangles,Neuropathology,Sleep Duration,Psychosocial,-0.0023,-0.0033,-0.0026,-0.0027,0.002,0.0013,0.0017,0.0018,0.3,0.014,0.17,0.12,*, , , ,0.121,FALSE,TRUE,Neuropathology,Psychosocial
Dashti2019slepdur,Beecham2014npany,5e-6,FALSE,0.7609728930146562,11,0,21,0.066,-0.00393,0.0031,0.23,Neuritic Plaques,Neuropathology,Sleep Duration,Psychosocial,0.0042,-1.1e-4,0.0034,0.0017,0.004,0.0017,0.0039,0.0026,0.32,0.95,0.4,0.52, , , , ,0.066,FALSE,FALSE,Neuropathology,Psychosocial
Dashti2019slepdur,Deming2017ab42,5e-6,FALSE,0.2933149843464943,12,0,15,0.321,-0.00185,0.0016,0.27,AB42,CSF,Sleep Duration,Psychosocial,0.077,0.036,0.063,0.067,0.043,0.024,0.033,0.031,0.1,0.14,0.087,0.03, ,.,*,.,0.321,FALSE,FALSE,CSF,Psychosocial
Dashti2019slepdur,Deming2017ptau,5e-8,TRUE,0.012116554827357472,3,2,NA,NA,-0.00416,0.0083,0.7,Ptau181,CSF,Sleep Duration,Psychosocial,-0.033,-0.1,-0.086,-0.086,0.14,0.031,0.041,0.034,0.85,0.0014,0.17,0.01,**, ,**, ,NA,NA,FALSE,CSF,Psychosocial
Dashti2019slepdur,Deming2017tau,5e-6,TRUE,0.06897203890324632,7,1,12,0.212,0.00337,0.0032,0.34,Tau,CSF,Sleep Duration,Psychosocial,-0.15,-0.067,-0.083,-0.08,0.086,0.027,0.046,0.034,0.14,0.014,0.12,0.02,*, ,*, ,0.212,FALSE,TRUE,CSF,Psychosocial
Dashti2019slepdur,Grasby2020surfarea,5e-6,TRUE,1.6476221888395421e-7,41,3,61.8,0.0362,1.1e-4,0.0016,0.95,Cortical Surface Area,Neuroimaging,Sleep Duration,Psychosocial,3.2e-6,3.3e-6,9.3e-7,3e-6,2.2e-6,5.6e-7,1.6e-6,9.1e-7,0.17,5e-9,0.57,0.0011,***, ,**, ,0.0362,TRUE,FALSE,Neuroimaging,Psychosocial
Dashti2019slepdur,Grasby2020thickness,5e-8,TRUE,0.10685581136742091,4,1,5.9,0.356,-0.00127,0.0076,0.88,Cortical Thickness,Neuroimaging,Sleep Duration,Psychosocial,-0.33,-0.55,-0.17,-0.4,1.3,0.25,0.47,0.31,0.83,0.03,0.74,0.2,*, , , ,0.356,FALSE,FALSE,Neuroimaging,Psychosocial
Dashti2019slepdur,Hilbar2017hipv,5e-8,TRUE,0.01066695430726578,5,1,7.3,0.361,-0.00331,0.0031,0.37,Hippocampal Volume,Neuroimaging,Sleep Duration,Psychosocial,-0.0094,-0.052,-0.039,-0.047,0.044,0.016,0.024,0.02,0.85,0.0011,0.19,0.018,**, ,*, ,0.361,TRUE,FALSE,Neuroimaging,Psychosocial
Dashti2019slepdur,Huang2017aaos,5e-6,TRUE,0.56023342396396425,34,2,37.5,0.3606,-6.8e-4,9.7e-4,0.49,AAOS,Diagnosis,Sleep Duration,Psychosocial,2.5e-4,-0.0025,8.5e-4,6e-4,0.0054,0.0035,0.0064,0.0051,0.96,0.47,0.9,0.91, , , , ,0.3606,FALSE,FALSE,Diagnosis,Psychosocial
Dashti2019slepdur,Kunkle2019load,5e-6,TRUE,0.44957744259251814,36,1,50.7,0.0716,-6.01e-4,0.0014,0.68,LOAD,Diagnosis,Sleep Duration,Psychosocial,0.0091,0.0044,0.0028,0.0026,0.012,0.0045,0.011,0.0065,0.46,0.33,0.79,0.69, , , , ,0.0716,FALSE,FALSE,Diagnosis,Psychosocial
Day2018sociso,Beecham2014braak4,5e-6,FALSE,0.6957000099587403,10,0,19.9,0.146,0.00194,0.0012,0.14,Neurofibrillary Tangles,Neuropathology,Social Isolation,Psychosocial,-0.001,3.1e-4,-4.6e-4,-8.9e-4,0.0014,0.0012,0.0013,0.0014,0.49,0.79,0.73,0.53, , , , ,0.146,FALSE,FALSE,Neuropathology,Psychosocial
Day2018sociso,Beecham2014npany,5e-6,TRUE,0.3592593527451832,10,1,16.8,0.115,0.00279,0.0033,0.42,Neuritic Plaques,Neuropathology,Social Isolation,Psychosocial,-7.4e-4,0.002,0.0058,0.0035,0.0037,0.0016,0.0034,0.0023,0.85,0.21,0.12,0.12, , , , ,0.115,FALSE,FALSE,Neuropathology,Psychosocial
Day2018sociso,Deming2017ab42,5e-6,FALSE,0.7646835122298183,12,0,13.6,0.411,0.00131,0.0015,0.41,AB42,CSF,Social Isolation,Psychosocial,-0.029,9.3e-5,-0.01,-0.0088,0.042,0.022,0.029,0.028,0.5,1,0.73,0.75, , , , ,0.411,FALSE,FALSE,CSF,Psychosocial
Day2018sociso,Deming2017ptau,5e-6,FALSE,0.6516405492932152,13,0,15.3,0.385,-4.22e-4,0.0023,0.86,Ptau181,CSF,Social Isolation,Psychosocial,0.016,0.0074,0.029,0.017,0.054,0.018,0.037,0.026,0.77,0.68,0.44,0.52, , , , ,0.385,FALSE,FALSE,CSF,Psychosocial
Day2018sociso,Deming2017tau,5e-6,FALSE,0.56023342396396425,8,0,5.3,0.787,2.64e-4,0.0023,0.91,Tau,CSF,Social Isolation,Psychosocial,-0.023,-0.016,0.014,-0.017,0.062,0.022,0.039,0.029,0.73,0.47,0.72,0.56, , , , ,0.787,FALSE,FALSE,CSF,Psychosocial
Day2018sociso,Grasby2020surfarea,5e-6,TRUE,0.0027234721566445205,43,2,66.8,0.0188,0.00153,0.0012,0.22,Cortical Surface Area,Neuroimaging,Social Isolation,Psychosocial,-3.7e-6,-1.8e-6,-1.7e-6,-1.9e-6,1.6e-6,4.7e-7,1.9e-6,7.8e-7,0.031,2.1e-4,0.38,0.014,***,*,*, ,0.0188,TRUE,FALSE,Neuroimaging,Psychosocial
Day2018sociso,Grasby2020thickness,5e-6,TRUE,5.777545497503519e-4,38,1,99.5,<2e-04,-3.28e-4,0.0026,0.9,Cortical Thickness,Neuroimaging,Social Isolation,Psychosocial,0.41,0.34,-0.27,0.2,0.57,0.083,0.39,0.14,0.47,3.8e-5,0.49,0.16,***, , , ,2e-4,FALSE,FALSE,Neuroimaging,Psychosocial
Day2018sociso,Hilbar2017hipv,5e-8,FALSE,0.43924110794706994,6,0,15,0.065,-0.00273,0.0033,0.45,Hippocampal Volume,Neuroimaging,Social Isolation,Psychosocial,0.02,-0.013,-0.024,-0.02,0.043,0.012,0.041,0.018,0.67,0.3,0.58,0.26, , , , ,0.065,FALSE,FALSE,Neuroimaging,Psychosocial
Day2018sociso,Huang2017aaos,5e-6,FALSE,0.4575782071999828,32,0,46.9,0.0658,-0.002,9.4e-4,0.042,AAOS,Diagnosis,Social Isolation,Psychosocial,0.0061,-0.0032,0.0071,0.0063,0.0058,0.0034,0.0073,0.0053,0.3,0.34,0.34,0.23, , , , ,0.0658,FALSE,FALSE,Diagnosis,Psychosocial
Day2018sociso,Kunkle2019load,5e-8,TRUE,0.2669582368392153,14,1,12.3,0.633,9.4e-4,0.0016,0.56,LOAD,Diagnosis,Social Isolation,Psychosocial,-0.015,-0.0083,-0.0071,-0.007,0.012,0.0051,0.011,0.007,0.24,0.1,0.53,0.32,., , , ,0.633,FALSE,FALSE,Diagnosis,Psychosocial
Evangelou2018dbp,Beecham2014braak4,5e-6,TRUE,0.7242652010269639,8,1,10.2,0.352,0.00737,0.018,0.7,Neurofibrillary Tangles,Neuropathology,Diastolic Blood Pressure,Health,-0.011,0.004,-0.014,-0.009,0.043,0.021,0.028,0.026,0.81,0.85,0.64,0.73, , , , ,0.352,FALSE,FALSE,Neuropathology,Health
Evangelou2018dbp,Beecham2014npany,5e-6,FALSE,0.09332144333622679,11,0,18.9,0.109,0.0218,0.023,0.38,Neuritic Plaques,Neuropathology,Diastolic Blood Pressure,Health,0.0062,0.031,0.038,0.029,0.031,0.014,0.035,0.019,0.85,0.023,0.3,0.14,*, , , ,0.109,FALSE,TRUE,Neuropathology,Health
Evangelou2018dbp,Deming2017ab42,5e-6,FALSE,0.18068784601621118,12,0,18.4,0.179,-0.0134,0.015,0.38,AB42,CSF,Diastolic Blood Pressure,Health,0.66,0.35,0.48,0.48,0.4,0.19,0.25,0.23,0.13,0.06,0.079,0.042,., ,*,.,0.179,FALSE,FALSE,CSF,Health
Evangelou2018dbp,Deming2017ptau,5e-6,FALSE,0.27730168059007626,13,0,23,0.076,0.0209,0.024,0.39,Ptau181,CSF,Diastolic Blood Pressure,Health,-0.69,-0.24,-0.49,-0.32,0.54,0.15,0.32,0.23,0.23,0.12,0.16,0.16, , , , ,0.076,FALSE,FALSE,CSF,Health
Evangelou2018dbp,Deming2017tau,5e-6,FALSE,0.5123979227438187,8,0,10,0.373,0.0322,0.02,0.16,Tau,CSF,Diastolic Blood Pressure,Health,-0.95,-0.16,0.079,0.0041,0.53,0.19,0.4,0.26,0.12,0.4,0.85,0.99, , , , ,0.373,FALSE,FALSE,CSF,Health
Evangelou2018dbp,Grasby2020surfarea,5e-8,TRUE,3.8048819996766675e-17,9,2,29.8,0.01,-0.0409,0.041,0.35,Cortical Surface Area,Neuroimaging,Diastolic Blood Pressure,Health,-2e-5,-6.6e-5,-5.8e-5,-6.2e-5,4.8e-5,7.4e-6,1.4e-5,1.2e-5,0.68,3.3e-19,0.0036,2.2e-7,***, ,***,**,0.01,TRUE,FALSE,Neuroimaging,Health
Evangelou2018dbp,Grasby2020thickness,5e-6,TRUE,0.5661259989461481,35,2,77.4,2e-4,-0.0127,0.026,0.63,Cortical Thickness,Neuroimaging,Diastolic Blood Pressure,Health,3.3,0.5,0.94,0.68,5.9,0.77,2.8,1.3,0.58,0.51,0.74,0.59, , , , ,2e-4,FALSE,FALSE,Neuroimaging,Health
Evangelou2018dbp,Hilbar2017hipv,5e-6,TRUE,0.4294229794776171,18,3,17,0.563,-0.0041,0.014,0.78,Hippocampal Volume,Neuroimaging,Diastolic Blood Pressure,Health,0.13,0.083,-0.067,2.6e-4,0.19,0.076,0.19,0.11,0.49,0.28,0.73,1, , , , ,0.563,FALSE,FALSE,Neuroimaging,Health
Evangelou2018dbp,Huang2017aaos,5e-6,TRUE,0.2895055126323244,29,1,47.1,0.029,0.015,0.0093,0.12,AAOS,Diagnosis,Diastolic Blood Pressure,Health,-0.031,0.047,0.024,0.024,0.062,0.031,0.054,0.048,0.62,0.13,0.66,0.62, , , , ,0.029,FALSE,FALSE,Diagnosis,Health
Evangelou2018dbp,Kunkle2019load,5e-6,TRUE,0.4242085287157068,28,4,33.9,0.277,-0.0203,0.013,0.12,LOAD,Diagnosis,Diastolic Blood Pressure,Health,0.12,-0.043,-0.081,-0.056,0.11,0.039,0.089,0.056,0.28,0.27,0.37,0.32, , , , ,0.277,FALSE,FALSE,Diagnosis,Health
Evangelou2018pp,Beecham2014braak4,5e-6,FALSE,0.43924110794706994,7,0,10.6,0.272,0.0299,0.041,0.5,Neurofibrillary Tangles,Neuropathology,Pulse Pressure,Health,-0.14,-0.039,-0.061,-0.043,0.15,0.038,0.075,0.053,0.38,0.3,0.45,0.41, , , , ,0.272,FALSE,FALSE,Neuropathology,Health
Evangelou2018pp,Beecham2014npany,5e-6,TRUE,0.3535171137509356,9,2,4.2,0.901,-0.0225,0.028,0.45,Neuritic Plaques,Neuropathology,Pulse Pressure,Health,7.6e-4,-0.023,-0.0028,-0.011,0.034,0.018,0.035,0.023,0.98,0.2,0.94,0.64, , , , ,0.901,FALSE,FALSE,Neuropathology,Health
Evangelou2018pp,Deming2017ab42,5e-6,TRUE,3.464296870199711e-5,11,1,30,0.022,0.0526,0.016,0.0086,AB42,CSF,Pulse Pressure,Health,-2.2,-1.1,-1.6,-1.6,0.41,0.23,0.34,0.3,4.2e-4,1.8e-6,8.1e-4,4.5e-8,***,***,***,***,0.022,TRUE,FALSE,CSF,Health
Evangelou2018pp,Deming2017ptau,5e-8,TRUE,0.15602643048023868,4,1,2.5,0.743,0.0802,0.069,0.36,Ptau181,CSF,Pulse Pressure,Health,-1.1,0.6,0.4,0.45,1.5,0.31,0.48,0.34,0.54,0.049,0.47,0.18,*, , , ,0.743,FALSE,FALSE,CSF,Health
Evangelou2018pp,Deming2017tau,5e-6,TRUE,0.09332144333622679,7,1,8.5,0.397,-0.0273,0.047,0.59,Tau,CSF,Pulse Pressure,Health,1.4,0.63,1,0.72,1.5,0.27,0.53,0.35,0.36,0.022,0.099,0.038,*, ,*,.,0.397,FALSE,TRUE,CSF,Health
Evangelou2018pp,Grasby2020surfarea,5e-6,TRUE,2.018434203102239e-8,35,6,76.7,4e-4,-0.00581,0.022,0.8,Cortical Surface Area,Neuroimaging,Pulse Pressure,Health,-2.9e-5,-3.7e-5,-2.1e-5,-2.3e-5,3.3e-5,5.9e-6,1.8e-5,9.4e-6,0.39,5.3e-10,0.26,0.016,***, ,*, ,4e-4,TRUE,FALSE,Neuroimaging,Health
Evangelou2018pp,Grasby2020thickness,5e-6,TRUE,0.6115929988977831,33,5,60,0.0062,-0.036,0.024,0.15,Cortical Thickness,Neuroimaging,Pulse Pressure,Health,8.2,0.49,1.3,0.97,5.4,0.92,2.5,1.4,0.13,0.6,0.61,0.49, , , , ,0.0062,FALSE,FALSE,Neuroimaging,Health
Evangelou2018pp,Hilbar2017hipv,5e-6,TRUE,0.27730168059007626,20,1,26.1,0.222,-0.0038,0.016,0.82,Hippocampal Volume,Neuroimaging,Pulse Pressure,Health,0.19,0.14,0.055,0.095,0.24,0.087,0.18,0.12,0.44,0.12,0.76,0.44, , , , ,0.222,FALSE,FALSE,Neuroimaging,Health
Evangelou2018pp,Huang2017aaos,5e-6,TRUE,0.01547908680328493,27,2,34.4,0.23,0.00437,0.01,0.67,AAOS,Diagnosis,Pulse Pressure,Health,0.095,0.12,-0.0039,0.062,0.068,0.038,0.086,0.059,0.17,0.002,0.96,0.29,**, , , ,0.23,TRUE,FALSE,Diagnosis,Health
Evangelou2018pp,Kunkle2019load,5e-8,FALSE,0.09332144333622679,14,0,12.4,0.666,-0.0233,0.018,0.22,LOAD,Diagnosis,Pulse Pressure,Health,0.29,0.12,0.13,0.13,0.15,0.053,0.11,0.073,0.067,0.024,0.27,0.081,*,.,., ,0.666,FALSE,TRUE,Diagnosis,Health
Evangelou2018sbp,Beecham2014braak4,5e-6,TRUE,0.02515087429798534,7,1,24.9,0.026,-0.0582,0.039,0.2,Neurofibrillary Tangles,Neuropathology,Systolic Blood Pressure,Health,0.24,0.12,0.19,0.12,0.1,0.039,0.055,0.051,0.061,0.0034,0.014,0.023,**,.,*,*,0.026,TRUE,FALSE,Neuropathology,Health
Evangelou2018sbp,Beecham2014npany,5e-6,TRUE,0.561754332469259,10,1,14.6,0.216,-0.00503,0.048,0.92,Neuritic Plaques,Neuropathology,Systolic Blood Pressure,Health,-0.012,-0.017,0.045,0.015,0.056,0.025,0.067,0.036,0.84,0.5,0.52,0.67, , , , ,0.216,FALSE,FALSE,Neuropathology,Health
Evangelou2018sbp,Deming2017ab42,5e-6,FALSE,0.23991305924448736,12,0,21.7,0.106,0.0441,0.024,0.095,AB42,CSF,Systolic Blood Pressure,Health,-1.6,-0.56,-0.85,-0.84,0.66,0.33,0.46,0.41,0.039,0.086,0.089,0.039,.,*,*,.,0.106,FALSE,FALSE,CSF,Health
Evangelou2018sbp,Deming2017ptau,5e-8,FALSE,0.03348931858004937,5,0,3.4,0.714,-0.017,0.065,0.81,Ptau181,CSF,Systolic Blood Pressure,Health,1.3,1,1.4,1.2,1.2,0.36,0.57,0.44,0.36,0.0051,0.074,0.0064,**, ,**,.,0.714,TRUE,FALSE,CSF,Health
Evangelou2018sbp,Deming2017tau,5e-6,FALSE,0.03898792677182983,8,0,6.9,0.635,-0.0349,0.035,0.36,Tau,CSF,Systolic Blood Pressure,Health,1.8,0.9,1.3,1.3,0.92,0.33,0.51,0.44,0.1,0.0068,0.034,0.0039,**,.,**,*,0.635,TRUE,FALSE,CSF,Health
Evangelou2018sbp,Grasby2020surfarea,5e-6,TRUE,6.738776882656843e-15,34,5,91.4,<2e-04,-0.0267,0.036,0.47,Cortical Surface Area,Neuroimaging,Systolic Blood Pressure,Health,-3.6e-5,-7.3e-5,-1.5e-5,-4.3e-5,5.3e-5,8.8e-6,4.3e-5,1.5e-5,0.51,8.8e-17,0.73,0.0045,***, ,**, ,2e-4,TRUE,FALSE,Neuroimaging,Health
Evangelou2018sbp,Grasby2020thickness,5e-8,TRUE,0.24634765830689317,4,1,19.1,0.015,-0.527,0.23,0.15,Cortical Thickness,Neuroimaging,Systolic Blood Pressure,Health,110,5.7,11,11,45,3.3,5.1,4.4,0.14,0.09,0.11,0.016,., ,*, ,0.015,FALSE,FALSE,Neuroimaging,Health
Evangelou2018sbp,Hilbar2017hipv,5e-6,TRUE,0.05346780487038189,19,2,15.5,0.735,0.0318,0.022,0.16,Hippocampal Volume,Neuroimaging,Systolic Blood Pressure,Health,-0.069,0.34,0.38,0.33,0.31,0.13,0.29,0.19,0.82,0.01,0.21,0.073,**, ,., ,0.735,FALSE,TRUE,Neuroimaging,Health
Evangelou2018sbp,Huang2017aaos,5e-6,TRUE,0.09332144333622679,28,1,31.4,0.35,0.015,0.014,0.28,AAOS,Diagnosis,Systolic Blood Pressure,Health,0.048,0.13,0.1,0.13,0.091,0.056,0.11,0.079,0.6,0.023,0.36,0.093,*, ,., ,0.35,FALSE,TRUE,Diagnosis,Health
Evangelou2018sbp,Kunkle2019load,5e-8,TRUE,0.3322563908405173,13,1,15.3,0.391,-0.0598,0.028,0.054,LOAD,Diagnosis,Systolic Blood Pressure,Health,0.55,0.11,-0.15,0.052,0.22,0.081,0.24,0.12,0.03,0.18,0.55,0.67, ,*, , ,0.391,FALSE,FALSE,Diagnosis,Health
Howard2019dep23andMe,Beecham2014braak4,5e-6,FALSE,0.7242652010269639,9,0,12.4,0.292,-0.00465,0.0035,0.22,Neurofibrillary Tangles,Neuropathology,Depression,Psychosocial,0.01,6.8e-4,0.0043,0.0029,0.0083,0.0041,0.0053,0.0053,0.27,0.87,0.43,0.58, , , , ,0.292,FALSE,FALSE,Neuropathology,Psychosocial
Howard2019dep23andMe,Beecham2014npany,5e-6,FALSE,0.6527378447659602,11,0,12.5,0.412,-0.00616,0.0038,0.14,Neuritic Plaques,Neuropathology,Depression,Psychosocial,0.0081,0.0011,0.0047,0.0039,0.0051,0.0027,0.0053,0.0038,0.15,0.69,0.4,0.29, , , , ,0.412,FALSE,FALSE,Neuropathology,Psychosocial
Howard2019dep23andMe,Deming2017ab42,5e-6,FALSE,0.7242652010269639,12,0,23.5,0.061,0.00508,0.0032,0.14,AB42,CSF,Depression,Psychosocial,-0.11,0.0067,-0.0094,-0.014,0.088,0.038,0.05,0.049,0.24,0.86,0.86,0.77, , , , ,0.061,FALSE,FALSE,CSF,Psychosocial
Howard2019dep23andMe,Deming2017ptau,5e-8,FALSE,0.4274823886674816,5,0,8.7,0.223,0.0119,0.0083,0.25,Ptau181,CSF,Depression,Psychosocial,-0.17,0.045,0.063,0.06,0.16,0.041,0.066,0.051,0.36,0.27,0.39,0.24, , , , ,0.223,FALSE,FALSE,CSF,Psychosocial
Howard2019dep23andMe,Deming2017tau,5e-6,FALSE,0.6289571716337237,8,0,11.1,0.32,9.18e-4,0.0049,0.86,Tau,CSF,Depression,Psychosocial,-0.0037,0.019,0.035,0.021,0.13,0.039,0.065,0.055,0.98,0.63,0.61,0.7, , , , ,0.32,FALSE,FALSE,CSF,Psychosocial
Howard2019dep23andMe,Grasby2020surfarea,5e-8,TRUE,0.020770440192712614,11,1,21.7,0.06,-9.03e-4,0.0051,0.86,Cortical Surface Area,Neuroimaging,Depression,Psychosocial,-2.8e-6,-3.7e-6,-3.4e-6,-3.4e-6,5.3e-6,1.2e-6,2.1e-6,1.8e-6,0.61,0.0027,0.14,0.055,**, ,., ,0.06,TRUE,FALSE,Neuroimaging,Psychosocial
Howard2019dep23andMe,Grasby2020thickness,5e-6,TRUE,0.560842525720368,36,2,72.4,4e-4,-0.00122,0.0043,0.78,Cortical Thickness,Neuroimaging,Depression,Psychosocial,0.16,-0.1,0.27,0.11,0.96,0.15,0.42,0.23,0.87,0.5,0.53,0.63, , , , ,4e-4,FALSE,FALSE,Neuroimaging,Psychosocial
Howard2019dep23andMe,Hilbar2017hipv,5e-8,FALSE,0.09332144333622679,6,0,5.5,0.6,-0.00256,0.0043,0.59,Hippocampal Volume,Neuroimaging,Depression,Psychosocial,-0.018,-0.049,-0.035,-0.042,0.056,0.022,0.035,0.029,0.76,0.024,0.36,0.14,*, , , ,0.6,FALSE,TRUE,Neuroimaging,Psychosocial
Howard2019dep23andMe,Huang2017aaos,5e-6,TRUE,0.6321065391710643,32,1,58.9,0.0058,-0.004,0.0018,0.038,AAOS,Diagnosis,Depression,Psychosocial,0.021,0.0028,0.017,0.014,0.011,0.0059,0.012,0.0093,0.073,0.63,0.14,0.12, ,., , ,0.0058,FALSE,FALSE,Diagnosis,Psychosocial
Howard2019dep23andMe,Kunkle2019load,5e-6,TRUE,0.56023342396396425,33,1,71,2e-4,-0.00108,0.0034,0.75,LOAD,Diagnosis,Depression,Psychosocial,0.014,0.0052,7.4e-4,0.0031,0.031,0.0076,0.02,0.012,0.64,0.49,0.97,0.79, , , , ,2e-4,FALSE,FALSE,Diagnosis,Psychosocial
Jansen2018insomnia23andMe,Beecham2014braak4,5e-6,TRUE,0.31901722942771565,9,1,19,0.112,1.9e-4,6.4e-4,0.78,Neurofibrillary Tangles,Neuropathology,Insomnia Symptoms,Psychosocial,3.1e-4,4.3e-4,4.6e-4,4.9e-4,6.4e-4,3.1e-4,3.4e-4,4.2e-4,0.64,0.17,0.21,0.25, , , , ,0.112,FALSE,FALSE,Neuropathology,Psychosocial
Jansen2018insomnia23andMe,Beecham2014npany,5e-6,FALSE,0.6610826233325704,11,0,15.1,0.252,-1.48e-4,7.8e-4,0.85,Neuritic Plaques,Neuropathology,Insomnia Symptoms,Psychosocial,1.8e-4,7.7e-5,3.8e-5,2.1e-5,6.1e-4,2.1e-4,2.5e-4,2.6e-4,0.77,0.71,0.88,0.94, , , , ,0.252,FALSE,FALSE,Neuropathology,Psychosocial
Jansen2018insomnia23andMe,Deming2017ab42,5e-6,FALSE,0.0011546537528771327,12,0,33.1,0.01,-0.00113,6.1e-4,0.095,AB42,CSF,Insomnia Symptoms,Psychosocial,0.045,0.023,0.039,0.034,0.014,0.0058,0.0083,0.0085,0.0087,8e-5,6.5e-4,6.3e-5,***,**,***,***,0.01,TRUE,FALSE,CSF,Psychosocial
Jansen2018insomnia23andMe,Deming2017ptau,5e-8,TRUE,0.43127411410785005,4,1,3.7,0.578,0.00336,0.0023,0.28,Ptau181,CSF,Insomnia Symptoms,Psychosocial,-0.057,0.0095,0.0024,0.0035,0.047,0.0088,0.012,0.01,0.35,0.28,0.85,0.73, , , , ,0.578,FALSE,FALSE,CSF,Psychosocial
Jansen2018insomnia23andMe,Deming2017tau,5e-6,TRUE,1.2948283415353706e-5,7,1,10.6,0.335,0.0012,8.1e-4,0.2,Tau,CSF,Insomnia Symptoms,Psychosocial,-0.064,-0.038,-0.053,-0.031,0.019,0.0077,0.011,0.01,0.02,6.2e-7,0.0027,0.0028,***,*,**,**,0.335,TRUE,FALSE,CSF,Psychosocial
Jansen2018insomnia23andMe,Grasby2020surfarea,5e-6,TRUE,1.2870164555120166e-8,41,5,106.1,<2e-04,-7.58e-4,4.8e-4,0.13,Cortical Surface Area,Neuroimaging,Insomnia Symptoms,Psychosocial,-2.1e-7,-9.6e-7,-3.3e-7,-2.4e-7,5.3e-7,1.5e-7,2.5e-7,2.8e-7,0.69,2.8e-10,0.2,0.39,***, , , ,2e-4,FALSE,FALSE,Neuroimaging,Psychosocial
Jansen2018insomnia23andMe,Grasby2020thickness,5e-6,TRUE,0.27319169381313185,34,3,73,<2e-04,5.65e-4,8.5e-4,0.51,Cortical Thickness,Neuroimaging,Insomnia Symptoms,Psychosocial,-0.062,0.051,-0.057,-0.031,0.18,0.031,0.068,0.049,0.73,0.11,0.41,0.52, , , , ,2e-4,FALSE,FALSE,Neuroimaging,Psychosocial
Jansen2018insomnia23andMe,Hilbar2017hipv,5e-6,FALSE,0.4332004901271059,25,0,37.8,0.074,-4.48e-5,3.6e-4,0.9,Hippocampal Volume,Neuroimaging,Insomnia Symptoms,Psychosocial,0.0018,0.0016,0.0016,0.0014,0.0029,0.0014,0.0017,0.0021,0.53,0.28,0.36,0.5, , , , ,0.074,FALSE,FALSE,Neuroimaging,Psychosocial
Jansen2018insomnia23andMe,Huang2017aaos,5e-6,TRUE,0.2933149843464943,30,2,45.1,0.064,1.84e-4,2.8e-4,0.51,AAOS,Diagnosis,Insomnia Symptoms,Psychosocial,-9.8e-4,-6.3e-4,-7.1e-4,-4.2e-4,7.4e-4,4.2e-4,4.9e-4,5.8e-4,0.2,0.14,0.16,0.46, , , , ,0.064,FALSE,FALSE,Diagnosis,Psychosocial
Jansen2018insomnia23andMe,Kunkle2019load,5e-6,TRUE,0.35455649446344406,35,1,65.4,0.0038,-6.55e-5,3.9e-4,0.87,LOAD,Diagnosis,Insomnia Symptoms,Psychosocial,-7.9e-4,-0.0011,-0.0011,-0.0012,0.0022,8.7e-4,0.0013,0.0013,0.72,0.21,0.41,0.35, , , , ,0.0038,FALSE,FALSE,Diagnosis,Psychosocial
Klimentidis2018mvpa,Beecham2014braak4,5e-6,FALSE,0.3088485480784955,9,0,10.1,0.583,7.34e-4,0.0015,0.64,Neurofibrillary Tangles,Neuropathology,Moderate-to-vigorous PA,Lifestyle,-0.0024,-0.002,-0.002,-0.002,0.0019,0.0014,0.0015,0.0017,0.24,0.16,0.22,0.25, , , , ,0.583,FALSE,FALSE,Neuropathology,Lifestyle
Klimentidis2018mvpa,Beecham2014npany,5e-6,FALSE,0.035544974248970025,11,0,11.8,0.497,-0.00119,0.0024,0.64,Neuritic Plaques,Neuropathology,Moderate-to-vigorous PA,Lifestyle,0.0059,0.0046,0.006,0.006,0.0032,0.0017,0.0032,0.0023,0.099,0.0058,0.089,0.0098,**,.,**,.,0.497,TRUE,FALSE,Neuropathology,Lifestyle
Klimentidis2018mvpa,Deming2017ab42,5e-6,FALSE,0.5152934285531866,11,0,7,0.827,-0.0016,0.0028,0.58,AB42,CSF,Moderate-to-vigorous PA,Lifestyle,0.029,-0.028,-0.016,-0.016,0.1,0.033,0.067,0.044,0.79,0.41,0.82,0.71, , , , ,0.827,FALSE,FALSE,CSF,Lifestyle
Klimentidis2018mvpa,Deming2017ptau,5e-8,FALSE,0.5988651969329699,4,0,1.9,0.783,-2.4e-4,0.0073,0.98,Ptau181,CSF,Moderate-to-vigorous PA,Lifestyle,0.024,0.019,0.032,0.027,0.16,0.032,0.052,0.036,0.9,0.56,0.58,0.46, , , , ,0.783,FALSE,FALSE,CSF,Lifestyle
Klimentidis2018mvpa,Deming2017tau,5e-6,FALSE,0.56023342396396425,7,0,2.6,0.918,0.00177,0.0047,0.72,Tau,CSF,Moderate-to-vigorous PA,Lifestyle,-0.032,0.021,0.038,0.03,0.14,0.029,0.05,0.035,0.83,0.47,0.47,0.39, , , , ,0.918,FALSE,FALSE,CSF,Lifestyle
Klimentidis2018mvpa,Grasby2020surfarea,5e-8,TRUE,3.1016451666841996e-6,9,3,7.3,0.704,0.00225,0.0023,0.36,Cortical Surface Area,Neuroimaging,Moderate-to-vigorous PA,Lifestyle,-6.7e-6,-4.5e-6,-3.4e-6,-4.3e-6,2.4e-6,8.6e-7,1.7e-6,1.2e-6,0.025,1.3e-7,0.084,3.3e-4,***,*,***,.,0.704,TRUE,FALSE,Neuroimaging,Lifestyle
Klimentidis2018mvpa,Grasby2020thickness,5e-8,TRUE,0.5153043670113983,5,1,1.9,0.872,0.00297,0.0054,0.62,Cortical Thickness,Neuroimaging,Moderate-to-vigorous PA,Lifestyle,-0.71,-0.18,-0.048,-0.079,0.99,0.21,0.36,0.27,0.53,0.41,0.9,0.77, , , , ,0.872,FALSE,FALSE,Neuroimaging,Lifestyle
Klimentidis2018mvpa,Hilbar2017hipv,5e-6,TRUE,0.5096455976206122,20,3,12,0.924,-1.74e-5,0.0014,0.99,Hippocampal Volume,Neuroimaging,Moderate-to-vigorous PA,Lifestyle,0.0079,0.0077,-0.0016,9.8e-4,0.019,0.0091,0.018,0.013,0.68,0.4,0.93,0.94, , , , ,0.924,FALSE,FALSE,Neuroimaging,Lifestyle
Klimentidis2018mvpa,Huang2017aaos,5e-6,FALSE,0.2561475258454379,36,0,42.6,0.2568,9.74e-4,0.00093000000000000005,0.3,AAOS,Diagnosis,Moderate-to-vigorous PA,Lifestyle,0.0015,0.0056,1.1e-4,0.0014,0.0053,0.0034,0.0067,0.0052,0.77,0.096,0.99,0.79,., , , ,0.2568,FALSE,FALSE,Diagnosis,Lifestyle
Klimentidis2018mvpa,Kunkle2019load,5e-8,FALSE,0.28422908214619685,15,0,18.3,0.315,-0.00216,0.0018,0.25,LOAD,Diagnosis,Moderate-to-vigorous PA,Lifestyle,0.024,0.0084,0.012,0.012,0.014,0.0054,0.0097,0.0073,0.11,0.12,0.25,0.11, , , , ,0.315,FALSE,FALSE,Diagnosis,Lifestyle
Lee2018education23andMe,Beecham2014braak4,5e-6,FALSE,0.2886724205707835,9,0,11.4,0.364,-0.00182,0.0012,0.19,Neurofibrillary Tangles,Neuropathology,Educational Attainment,Psychosocial,0.0061,0.0025,0.0043,0.004,0.003,0.0016,0.0021,0.0021,0.08,0.13,0.076,0.054, ,.,.,.,0.364,FALSE,FALSE,Neuropathology,Psychosocial
Lee2018education23andMe,Beecham2014npany,5e-6,FALSE,0.30705437929626395,11,0,22.1,0.04,0.00437,0.0016,0.021,Neuritic Plaques,Neuropathology,Educational Attainment,Psychosocial,-0.0065,-0.0015,-6.7e-4,-9.9e-4,0.0021,0.0011,0.0023,0.0016,0.013,0.15,0.78,0.53, ,*, , ,0.04,FALSE,FALSE,Neuropathology,Psychosocial
Lee2018education23andMe,Deming2017ab42,5e-6,TRUE,0.53150216867774,9,3,22.1,0.058,0.00141,0.0016,0.4,AB42,CSF,Educational Attainment,Psychosocial,-0.042,-0.013,-0.03,-0.026,0.04,0.017,0.022,0.02,0.33,0.43,0.21,0.21, , , , ,0.058,FALSE,FALSE,CSF,Psychosocial
Lee2018education23andMe,Deming2017ptau,5e-6,TRUE,0.6069533778533358,11,1,21.2,0.076,-0.00198,0.0022,0.4,Ptau181,CSF,Educational Attainment,Psychosocial,0.048,0.0073,0.018,0.012,0.049,0.013,0.026,0.019,0.35,0.58,0.51,0.51, , , , ,0.076,FALSE,FALSE,CSF,Psychosocial
Lee2018education23andMe,Deming2017tau,5e-6,TRUE,0.6338784441117933,7,1,18.7,0.027,-0.00272,0.0026,0.35,Tau,CSF,Educational Attainment,Psychosocial,0.071,0.0074,0.04,0.042,0.066,0.016,0.028,0.023,0.33,0.65,0.2,0.071, , ,., ,0.027,FALSE,FALSE,CSF,Psychosocial
Lee2018education23andMe,Grasby2020surfarea,5e-6,TRUE,4.2146065727460494e-38,37,3,120.2,<2e-04,-4.51e-4,0.0017,0.79,Cortical Surface Area,Neuroimaging,Educational Attainment,Psychosocial,5.7e-6,5.1e-6,7.3e-6,5.9e-6,2.4e-6,3.8e-7,1.4e-6,7e-7,0.023,1.8e-40,9.7e-6,6.4e-17,***,*,***,***,2e-4,TRUE,FALSE,Neuroimaging,Psychosocial
Lee2018education23andMe,Grasby2020thickness,5e-8,TRUE,2.060671176176927e-6,2,3,NA,NA,NA,NA,NA,Cortical Thickness,Neuroimaging,Educational Attainment,Psychosocial,NA,1.2,NA,NA,NA,0.23,NA,NA,NA,7.2e-8,NA,NA,***,,,,NA,NA,FALSE,Neuroimaging,Psychosocial
Lee2018education23andMe,Hilbar2015hipv,5e-6,TRUE,0.03348931858004937,9,1,24.8,0.018,0.00187,0.0026,0.49,Hippocampal Volume,Neuroimaging,Educational Attainment,Psychosocial,1.9e-6,5.2e-5,5.3e-5,5.4e-5,7.5e-5,1.9e-5,4.8e-5,2.8e-5,0.98,0.0051,0.31,0.049,**, ,*, ,0.018,TRUE,FALSE,Neuroimaging,Psychosocial
Lee2018education23andMe,Hilbar2017hipv,5e-6,TRUE,0.1315555046352566,22,2,49.9,0.003,0.00121,0.0013,0.38,Hippocampal Volume,Neuroimaging,Educational Attainment,Psychosocial,-0.0022,0.012,0.032,0.017,0.018,0.0058,0.026,0.01,0.9,0.039,0.22,0.097,*, ,., ,0.003,FALSE,FALSE,Neuroimaging,Psychosocial
Lee2018education23andMe,Huang2017aaos,5e-6,TRUE,0.6602118978698822,30,5,58,0.01,1.99e-4,8.6e-4,0.82,AAOS,Diagnosis,Educational Attainment,Psychosocial,-0.0016,-9.2e-4,-0.0028,-0.0014,0.0046,0.0024,0.0048,0.0037,0.72,0.7,0.57,0.7, , , , ,0.01,FALSE,FALSE,Diagnosis,Psychosocial
Lee2018education23andMe,Lambert2013load,5e-6,TRUE,0.23613734820657178,25,5,41,0.11,5.67e-4,6.1e-4,0.36,LOAD,Diagnosis,Educational Attainment,Psychosocial,0.0013,0.0026,0.0023,0.002,0.0024,0.0015,0.0017,0.0017,0.6,0.081,0.17,0.23,., , , ,0.11,FALSE,FALSE,Diagnosis,Psychosocial
Liu2019drnkwk23andMe,Beecham2014braak4,5e-6,FALSE,0.6797406436216415,9,0,15.6,0.182,-3.17e-4,7.5e-4,0.69,Neurofibrillary Tangles,Neuropathology,Alcohol Consumption,Lifestyle,5.4e-4,1.6e-4,5.1e-4,4.6e-4,0.0011,5.2e-4,6.3e-4,6.8e-4,0.65,0.76,0.44,0.5, , , , ,0.182,FALSE,FALSE,Neuropathology,Lifestyle
Liu2019drnkwk23andMe,Beecham2014npany,5e-6,FALSE,0.28625862561561316,11,0,6.3,0.867,-9.67e-5,7e-4,0.89,Neuritic Plaques,Neuropathology,Alcohol Consumption,Lifestyle,-3.1e-4,-3.8e-4,-3.9e-4,-3.9e-4,5.6e-4,2.5e-4,3.9e-4,3.4e-4,0.59,0.13,0.35,0.25, , , , ,0.867,FALSE,FALSE,Neuropathology,Lifestyle
Liu2019drnkwk23andMe,Deming2017ab42,5e-6,FALSE,0.47007886701928064,12,0,18.9,0.202,1.32e-4,8.1e-4,0.87,AB42,CSF,Alcohol Consumption,Lifestyle,0.0041,0.0066,0.012,0.012,0.018,0.007,0.0083,0.0088,0.82,0.35,0.19,0.19, , , , ,0.202,FALSE,FALSE,CSF,Lifestyle
Liu2019drnkwk23andMe,Deming2017ptau,5e-8,FALSE,0.3241552046749769,5,0,11.4,0.135,-0.00271,0.0026,0.37,Ptau181,CSF,Alcohol Consumption,Lifestyle,0.035,-0.011,-0.0067,-0.012,0.046,0.0081,0.011,0.01,0.5,0.17,0.56,0.25, , , , ,0.135,FALSE,FALSE,CSF,Lifestyle
Liu2019drnkwk23andMe,Deming2017tau,5e-6,TRUE,0.6610826233325704,7,1,14.6,0.11,0.00201,9.6e-4,0.091,Tau,CSF,Alcohol Consumption,Lifestyle,-0.04,0.0034,-0.0061,8.5e-4,0.022,0.0091,0.012,0.011,0.14,0.71,0.64,0.94, , , , ,0.11,FALSE,FALSE,CSF,Lifestyle
Liu2019drnkwk23andMe,Grasby2020surfarea,5e-6,TRUE,0.2340707153863,45,1,80.2,6e-4,-5.51e-4,4.9e-4,0.27,Cortical Surface Area,Neuroimaging,Alcohol Consumption,Lifestyle,9e-7,3.2e-7,4.8e-7,4.5e-7,5.7e-7,1.8e-7,3.1e-7,2.9e-7,0.12,0.079,0.13,0.13,., , , ,6e-4,FALSE,FALSE,Neuroimaging,Lifestyle
Liu2019drnkwk23andMe,Grasby2020thickness,5e-6,TRUE,0.004193264985567238,34,2,53.4,0.0336,0.00114,0.0011,0.29,Cortical Thickness,Neuroimaging,Alcohol Consumption,Lifestyle,-0.38,-0.14,-0.21,-0.2,0.23,0.04,0.11,0.06,0.11,3.6e-4,0.064,0.0011,***, ,**,.,0.0336,TRUE,FALSE,Neuroimaging,Lifestyle
Liu2019drnkwk23andMe,Hilbar2015hipv,5e-6,TRUE,0.6610826233325704,9,2,13.9,0.241,5.9e-4,0.00093000000000000005,0.55,Hippocampal Volume,Neuroimaging,Alcohol Consumption,Lifestyle,-8.1e-6,2.6e-6,1.1e-7,-1.4e-6,1.9e-5,7e-6,9.1e-6,9.2e-6,0.68,0.71,0.99,0.88, , , , ,0.241,FALSE,FALSE,Neuroimaging,Lifestyle
Liu2019drnkwk23andMe,Huang2017aaos,5e-6,FALSE,0.56023342396396425,36,0,50.3,0.0828,3.93e-4,3e-4,0.2,AAOS,Diagnosis,Alcohol Consumption,Lifestyle,-0.001,-3e-4,-4.2e-4,-1.9e-4,7.3e-4,4.3e-4,5.1e-4,6.1e-4,0.18,0.48,0.42,0.76, , , , ,0.0828,FALSE,FALSE,Diagnosis,Lifestyle
Liu2019drnkwk23andMe,Kunkle2019load,5e-8,FALSE,0.6698269605757375,14,0,18.2,0.311,-8.19e-4,4.8e-4,0.12,LOAD,Diagnosis,Alcohol Consumption,Lifestyle,0.0032,4.2e-4,0.0016,0.0018,0.0021,0.0012,0.0014,0.0016,0.15,0.73,0.3,0.27, , , , ,0.311,FALSE,FALSE,Diagnosis,Lifestyle
Liu2019drnkwk23andMe,Lambert2013load,5e-6,FALSE,0.30705437929626395,31,0,48,0.0558,-3.37e-4,3.1e-4,0.29,LOAD,Diagnosis,Alcohol Consumption,Lifestyle,-1.4e-4,-9.6e-4,-6.3e-4,-0.001,0.0011,6.7e-4,7.6e-4,9e-4,0.9,0.15,0.41,0.25, , , , ,0.0558,FALSE,FALSE,Diagnosis,Lifestyle
Liu2019smkcpd23andMe,Beecham2014braak4,5e-6,FALSE,0.5076461466137632,9,0,12.7,0.308,5.87e-4,0.0012,0.63,Neurofibrillary Tangles,Neuropathology,Cigarettes per Day,Lifestyle,-0.0015,-7.5e-4,-4.8e-4,-5.4e-4,0.0018,8.7e-4,0.0011,0.0011,0.43,0.39,0.67,0.63, , , , ,0.308,FALSE,FALSE,Neuropathology,Lifestyle
Liu2019smkcpd23andMe,Beecham2014npany,5e-6,TRUE,0.17851095166398753,10,1,17.1,0.125,0.00102,0.0016,0.55,Neuritic Plaques,Neuropathology,Cigarettes per Day,Lifestyle,-0.0015,-8e-4,2.8e-4,9.8e-5,0.0012,4.2e-4,7.8e-4,6.4e-4,0.26,0.057,0.73,0.88,., , , ,0.125,FALSE,FALSE,Neuropathology,Lifestyle
Liu2019smkcpd23andMe,Deming2017ab42,5e-6,FALSE,0.56023342396396425,12,0,20.8,0.127,-5.15e-4,0.0013,0.7,AB42,CSF,Cigarettes per Day,Lifestyle,0.018,0.0085,0.024,0.027,0.028,0.012,0.015,0.015,0.54,0.48,0.13,0.076, , ,., ,0.127,FALSE,FALSE,CSF,Lifestyle
Liu2019smkcpd23andMe,Deming2017ptau,5e-6,FALSE,0.23285922243002416,13,0,19.2,0.169,-6.31e-5,0.0016,0.97,Ptau181,CSF,Cigarettes per Day,Lifestyle,-0.015,-0.016,-0.026,-0.024,0.03,0.009,0.017,0.013,0.63,0.078,0.15,0.061,., ,., ,0.169,FALSE,FALSE,CSF,Lifestyle
Liu2019smkcpd23andMe,Deming2017tau,5e-6,FALSE,0.06897203890324632,8,0,13.9,0.186,1.84e-4,0.0022,0.94,Tau,CSF,Cigarettes per Day,Lifestyle,-0.039,-0.035,-0.043,-0.042,0.052,0.014,0.022,0.019,0.48,0.014,0.091,0.026,*, ,*,.,0.186,FALSE,TRUE,CSF,Lifestyle
Liu2019smkcpd23andMe,Grasby2020surfarea,5e-6,TRUE,0.01066695430726578,45,2,78.4,0.0022,-4.37e-4,8e-4,0.59,Cortical Surface Area,Neuroimaging,Cigarettes per Day,Lifestyle,-5.2e-7,-9.6e-7,-5.3e-7,-7.8e-7,9e-7,3e-7,5.3e-7,5.4e-7,0.56,0.0012,0.33,0.15,**, , , ,0.0022,FALSE,FALSE,Neuroimaging,Lifestyle
Liu2019smkcpd23andMe,Grasby2020thickness,5e-6,FALSE,0.5305515918379665,38,0,55,0.048,-0.00106,0.0014,0.44,Cortical Thickness,Neuroimaging,Cigarettes per Day,Lifestyle,0.16,-0.048,0.042,0.077,0.28,0.06,0.15,0.094,0.57,0.43,0.77,0.41, , , , ,0.048,FALSE,FALSE,Neuroimaging,Lifestyle
Liu2019smkcpd23andMe,Hilbar2017hipv,5e-8,FALSE,0.09332144333622679,6,0,5.6,0.582,-5.8e-4,0.0016,0.74,Hippocampal Volume,Neuroimaging,Cigarettes per Day,Lifestyle,0.023,0.017,0.015,0.016,0.018,0.0076,0.011,0.0095,0.27,0.023,0.22,0.087,*, ,., ,0.582,FALSE,TRUE,Neuroimaging,Lifestyle
Liu2019smkcpd23andMe,Huang2017aaos,5e-6,FALSE,0.23991305924448736,36,0,37,0.4714,4.58e-4,4.4e-4,0.3,AAOS,Diagnosis,Cigarettes per Day,Lifestyle,4.2e-4,0.0012,0.0014,0.0023,0.001,7.1e-4,8.7e-4,0.0011,0.69,0.085,0.13,0.037,., ,*, ,0.4714,FALSE,FALSE,Diagnosis,Lifestyle
Liu2019smkcpd23andMe,Kunkle2019load,5e-6,TRUE,0.7242652010269639,35,2,32.5,0.6472,-2.84e-5,5.1e-4,0.96,LOAD,Diagnosis,Cigarettes per Day,Lifestyle,-1.5e-4,-2.7e-4,7.3e-5,-1.6e-4,0.0026,0.0015,0.0021,0.0023,0.95,0.86,0.97,0.94, , , , ,0.6472,FALSE,FALSE,Diagnosis,Lifestyle
Liu2019smkint23andMe,Beecham2014braak4,5e-6,TRUE,0.6797406436216415,7,2,9.8,0.385,-4.15e-4,5.3e-4,0.47,Neurofibrillary Tangles,Neuropathology,Smoking Initiation,Lifestyle,6.2e-4,1.5e-4,5.6e-4,5.5e-4,7.8e-4,5.1e-4,6e-4,6e-4,0.46,0.77,0.39,0.36, , , , ,0.385,FALSE,FALSE,Neuropathology,Lifestyle
Liu2019smkint23andMe,Beecham2014npany,5e-6,FALSE,0.44957744259251814,11,0,22.8,0.059,-0.00107,8.2e-4,0.23,Neuritic Plaques,Neuropathology,Smoking Initiation,Lifestyle,5.4e-4,-2.1e-4,-8.9e-5,-2.1e-4,6.5e-4,2.2e-4,3.4e-4,3.2e-4,0.43,0.32,0.8,0.51, , , , ,0.059,FALSE,FALSE,Neuropathology,Lifestyle
Liu2019smkint23andMe,Deming2017ab42,5e-6,FALSE,0.3592593527451832,12,0,26.6,0.031,-6.44e-4,7.4e-4,0.41,AB42,CSF,Smoking Initiation,Lifestyle,0.02,0.0076,0.017,0.015,0.016,0.0061,0.0084,0.0084,0.25,0.21,0.066,0.067, , ,.,.,0.031,FALSE,FALSE,CSF,Lifestyle
Liu2019smkint23andMe,Deming2017ptau,5e-6,TRUE,0.5018567047614041,12,1,17,0.229,7.44e-4,8.6e-4,0.41,Ptau181,CSF,Smoking Initiation,Lifestyle,-0.016,-0.0041,-0.0079,-0.0076,0.015,0.0047,0.0097,0.0068,0.3,0.38,0.43,0.27, , , , ,0.229,FALSE,FALSE,CSF,Lifestyle
Liu2019smkint23andMe,Deming2017tau,5e-6,FALSE,0.2417417230820359,8,0,15.2,0.135,0.00143,0.001,0.21,Tau,CSF,Smoking Initiation,Lifestyle,-0.044,-0.013,-0.019,-0.016,0.024,0.0075,0.011,0.01,0.11,0.087,0.13,0.11,., , , ,0.135,FALSE,FALSE,CSF,Lifestyle
Liu2019smkint23andMe,Grasby2020surfarea,5e-6,TRUE,0.037848592130107175,36,7,113.9,<2e-04,-5.39e-4,6e-4,0.38,Cortical Surface Area,Neuroimaging,Smoking Initiation,Lifestyle,8e-8,-4.6e-7,3.3e-7,2.2e-7,6.7e-7,1.7e-7,3.1e-7,3.1e-7,0.91,0.0064,0.29,0.48,**, , , ,2e-4,FALSE,FALSE,Neuroimaging,Lifestyle
Liu2019smkint23andMe,Grasby2020thickness,5e-8,TRUE,0.012189128066398087,2,2,NA,NA,NA,NA,NA,Cortical Thickness,Neuroimaging,Smoking Initiation,Lifestyle,NA,-0.38,NA,NA,NA,0.12,NA,NA,NA,0.0015,NA,NA,**,,,,NA,NA,FALSE,Neuroimaging,Lifestyle
Liu2019smkint23andMe,Hilbar2017hipv,5e-6,TRUE,0.30705437929626395,23,2,30,0.209,-2.72e-4,3.4e-4,0.43,Hippocampal Volume,Neuroimaging,Smoking Initiation,Lifestyle,0.0039,0.0022,0.0039,0.0039,0.0027,0.0015,0.0021,0.0022,0.16,0.15,0.084,0.081, , ,.,.,0.209,FALSE,FALSE,Neuroimaging,Lifestyle
Liu2019smkint23andMe,Huang2017aaos,5e-6,TRUE,0.0732821005412974,34,2,43.4,0.1822,3.11e-4,2.6e-4,0.25,AAOS,Diagnosis,Smoking Initiation,Lifestyle,3.7e-4,9.1e-4,8.2e-4,7.8e-4,6.3e-4,3.8e-4,4.5e-4,5.3e-4,0.56,0.016,0.075,0.14,*, , ,.,0.1822,FALSE,TRUE,Diagnosis,Lifestyle
Liu2019smkint23andMe,Kunkle2019load,5e-6,TRUE,0.6115929988977831,34,2,68.2,8e-4,-1.41e-4,4e-4,0.73,LOAD,Diagnosis,Smoking Initiation,Lifestyle,1.5e-4,-4.2e-4,-5.9e-4,9.7e-4,0.002,7.9e-4,0.0013,0.0012,0.94,0.59,0.64,0.44, , , , ,8e-4,FALSE,FALSE,Diagnosis,Lifestyle
Niarchou2020fish,Beecham2014braak4,5e-6,FALSE,0.34569144386412204,9,0,29.8,0.083,7.26e-4,0.002,0.73,Neurofibrillary Tangles,Neuropathology,Fish and Plant diet,Lifestyle,-0.0026,-0.0021,-0.0033,-0.0033,0.0026,0.0016,0.0019,0.0021,0.35,0.2,0.12,0.11, , , , ,0.083,FALSE,FALSE,Neuropathology,Lifestyle
Niarchou2020fish,Beecham2014npany,5e-6,FALSE,0.6781631695102227,11,0,28.9,0.012,-4.97e-4,0.0043,0.91,Neuritic Plaques,Neuropathology,Fish and Plant diet,Lifestyle,0.0011,5.9e-4,0.0019,8.6e-4,0.0056,0.0018,0.0033,0.0026,0.84,0.75,0.58,0.74, , , , ,0.012,FALSE,FALSE,Neuropathology,Lifestyle
Niarchou2020fish,Deming2017ab42,5e-6,TRUE,0.7646835122298183,10,2,10.1,0.517,0.00242,0.0036,0.52,AB42,CSF,Fish and Plant diet,Lifestyle,-0.091,-1.3e-4,-0.088,-6.6e-4,0.14,0.039,0.098,0.052,0.53,1,0.39,0.99, , , , ,0.517,FALSE,FALSE,CSF,Lifestyle
Niarchou2020fish,Deming2017ptau,5e-8,TRUE,0.2760726216398571,4,1,1.6,0.831,-6.35e-4,0.0081,0.94,Ptau181,CSF,Fish and Plant diet,Lifestyle,-0.043,-0.057,-0.03,-0.05,0.18,0.036,0.056,0.041,0.83,0.11,0.63,0.22, , , , ,0.831,FALSE,FALSE,CSF,Lifestyle
Niarchou2020fish,Deming2017tau,5e-6,TRUE,0.6970041300576667,7,1,12.7,0.157,0.0088,0.0058,0.19,Tau,CSF,Fish and Plant diet,Lifestyle,-0.26,0.0083,-0.044,-0.027,0.18,0.032,0.051,0.043,0.21,0.8,0.42,0.53, , , , ,0.157,FALSE,FALSE,CSF,Lifestyle
Niarchou2020fish,Grasby2020surfarea,5e-6,TRUE,2.8994099283491387e-6,41,1,74.3,0.003,-1.4e-4,0.0017,0.94,Cortical Surface Area,Neuroimaging,Fish and Plant diet,Lifestyle,3.3e-6,3.1e-6,2.8e-6,2.9e-6,2.3e-6,5.9e-7,1.4e-6,9.5e-7,0.15,1.1e-7,0.049,0.0021,***, ,**,*,0.003,TRUE,FALSE,Neuroimaging,Lifestyle
Niarchou2020fish,Grasby2020thickness,5e-8,TRUE,0.004193264985567238,5,1,15.3,0.074,0.00152,0.015,0.92,Cortical Thickness,Neuroimaging,Fish and Plant diet,Lifestyle,-1.1,-0.81,-1,-0.73,2.7,0.23,0.51,0.35,0.71,3.6e-4,0.12,0.038,***, ,*, ,0.074,TRUE,FALSE,Neuroimaging,Lifestyle
Niarchou2020fish,Hilbar2017hipv,5e-6,FALSE,0.09374447199247758,22,0,46.2,0.004,0.00137,0.0022,0.53,Hippocampal Volume,Neuroimaging,Fish and Plant diet,Lifestyle,0.0051,0.022,0.019,0.019,0.03,0.0097,0.023,0.015,0.86,0.025,0.42,0.21,*, , , ,0.004,FALSE,FALSE,Neuroimaging,Lifestyle
Niarchou2020fish,Huang2017aaos,5e-6,FALSE,0.7242652010269639,36,0,35.7,0.5358,0.00107,9.6e-4,0.27,AAOS,Diagnosis,Fish and Plant diet,Lifestyle,-0.0053,-6.3e-4,-0.0088,3.2e-4,0.0057,0.0038,0.0088,0.0058,0.36,0.87,0.32,0.96, , , , ,0.5358,FALSE,FALSE,Diagnosis,Lifestyle
Niarchou2020fish,Kunkle2019load,5e-6,TRUE,0.56023342396396425,35,1,65.9,0.0036,-0.00152,0.0018,0.4,LOAD,Diagnosis,Fish and Plant diet,Lifestyle,0.0087,-0.0034,-0.0046,-0.002,0.016,0.0049,0.015,0.008,0.58,0.49,0.77,0.81, , , , ,0.0036,FALSE,FALSE,Diagnosis,Lifestyle
Niarchou2020meat,Beecham2014braak4,5e-6,FALSE,0.7242652010269639,9,0,13.8,0.36,-4.57e-4,0.0018,0.81,Neurofibrillary Tangles,Neuropathology,Meat diet,Lifestyle,-2.7e-6,-3.1e-4,-7.7e-4,-7.5e-4,0.0024,0.0016,0.0018,0.0019,1,0.85,0.68,0.69, , , , ,0.36,FALSE,FALSE,Neuropathology,Lifestyle
Niarchou2020meat,Beecham2014npany,5e-6,FALSE,0.6610826233325704,11,0,9.9,0.617,0.00205,0.0026,0.45,Neuritic Plaques,Neuropathology,Meat diet,Lifestyle,-0.003,-7e-4,2.1e-4,2.1e-5,0.0034,0.0018,0.0037,0.0026,0.41,0.7,0.96,0.99, , , , ,0.617,FALSE,FALSE,Neuropathology,Lifestyle
Niarchou2020meat,Deming2017ab42,5e-6,FALSE,0.5661259989461481,11,0,20.1,0.096,1.25e-4,0.0041,0.98,AB42,CSF,Meat diet,Lifestyle,-0.029,-0.024,0.047,-0.0037,0.15,0.037,0.099,0.056,0.86,0.51,0.65,0.95, , , , ,0.096,FALSE,FALSE,CSF,Lifestyle
Niarchou2020meat,Deming2017ptau,5e-8,FALSE,0.32227939379252685,4,0,2.3,0.761,-0.00463,0.0081,0.63,Ptau181,CSF,Meat diet,Lifestyle,0.15,0.049,0.016,0.038,0.18,0.036,0.056,0.041,0.49,0.17,0.79,0.35, , , , ,0.761,FALSE,FALSE,CSF,Lifestyle
Niarchou2020meat,Deming2017tau,5e-6,FALSE,0.6115929988977831,7,0,2.3,0.946,-8.39e-4,0.0052,0.88,Tau,CSF,Meat diet,Lifestyle,0.043,0.017,0.0035,0.007,0.16,0.033,0.051,0.04,0.8,0.6,0.95,0.86, , , , ,0.946,FALSE,FALSE,CSF,Lifestyle
Niarchou2020meat,Grasby2020surfarea,5e-8,TRUE,0.09332144333622679,11,1,24.1,0.031,-0.00452,0.0043,0.32,Cortical Surface Area,Neuroimaging,Meat diet,Lifestyle,2.9e-6,-2.2e-6,-8.2e-7,-1.1e-6,5.1e-6,9.6e-7,1.7e-6,1.3e-6,0.58,0.02,0.63,0.43,*, , , ,0.031,FALSE,FALSE,Neuroimaging,Lifestyle
Niarchou2020meat,Grasby2020thickness,5e-6,TRUE,0.2760726216398571,36,1,74.2,6e-4,0.00276,0.0033,0.4,Cortical Thickness,Neuroimaging,Meat diet,Lifestyle,-0.78,-0.17,0.2,-0.065,0.74,0.11,0.33,0.17,0.3,0.11,0.54,0.7, , , , ,6e-4,FALSE,FALSE,Neuroimaging,Lifestyle
Niarchou2020meat,Hilbar2017hipv,5e-6,FALSE,0.28572252569487105,23,0,36.5,0.058,-6.52e-5,0.0018,0.97,Hippocampal Volume,Neuroimaging,Meat diet,Lifestyle,0.016,0.015,-5.5e-4,0.0069,0.026,0.0096,0.024,0.015,0.55,0.12,0.98,0.64, , , , ,0.058,FALSE,FALSE,Neuroimaging,Lifestyle
Niarchou2020meat,Huang2017aaos,5e-6,FALSE,0.1340830680804075,36,0,36,0.533,0.00118,9.7e-4,0.23,AAOS,Diagnosis,Meat diet,Lifestyle,-0.013,-0.0079,-0.014,-0.011,0.0057,0.0038,0.0074,0.0057,0.029,0.04,0.066,0.052,*,*,.,.,0.533,FALSE,FALSE,Diagnosis,Lifestyle
Niarchou2020meat,Kunkle2019load,5e-8,TRUE,0.410509572073432,14,2,22.7,0.098,1.32e-4,0.0026,0.96,LOAD,Diagnosis,Meat diet,Lifestyle,0.0061,0.0071,0.0058,0.0076,0.021,0.0062,0.011,0.0088,0.77,0.25,0.61,0.39, , , , ,0.098,FALSE,FALSE,Diagnosis,Lifestyle
SanchezRoige2019auditt23andMe,Beecham2014braak4,5e-6,FALSE,0.7609728930146562,9,0,20.2,0.082,-4.53e-4,0.0018,0.81,Neurofibrillary Tangles,Neuropathology,AUDIT,Lifestyle,5e-4,-4.5e-5,0.0012,0.0014,0.0027,0.0013,0.0018,0.0018,0.86,0.97,0.52,0.44, , , , ,0.082,FALSE,FALSE,Neuropathology,Lifestyle
SanchezRoige2019auditt23andMe,Beecham2014npany,5e-6,FALSE,0.2760726216398571,11,0,8.7,0.69,0.00109,0.0018,0.57,Neuritic Plaques,Neuropathology,AUDIT,Lifestyle,-0.0018,-0.001,-0.0014,-0.0011,0.0014,6.3e-4,0.00093000000000000005,8.6e-4,0.25,0.11,0.16,0.2, , , , ,0.69,FALSE,FALSE,Neuropathology,Lifestyle
SanchezRoige2019auditt23andMe,Deming2017ab42,5e-6,FALSE,0.56023342396396425,12,0,34.3,0.005,-0.00138,0.0022,0.55,AB42,CSF,AUDIT,Lifestyle,0.039,0.012,0.054,0.056,0.052,0.018,0.027,0.027,0.46,0.49,0.072,0.04, , ,*,.,0.005,FALSE,FALSE,CSF,Lifestyle
SanchezRoige2019auditt23andMe,Deming2017ptau,5e-6,TRUE,0.035544974248970025,12,1,12.9,0.484,-0.0015,0.0021,0.49,Ptau181,CSF,AUDIT,Lifestyle,-0.013,-0.038,-0.012,-0.015,0.037,0.014,0.026,0.019,0.73,0.0059,0.64,0.43,**, , , ,0.484,TRUE,FALSE,CSF,Lifestyle
SanchezRoige2019auditt23andMe,Deming2017tau,5e-6,FALSE,0.33377434941355416,8,0,17.5,0.078,0.00642,0.0025,0.04,Tau,CSF,AUDIT,Lifestyle,-0.17,-0.029,-0.058,-0.049,0.058,0.022,0.028,0.028,0.027,0.18,0.079,0.084, ,*,.,.,0.078,FALSE,FALSE,CSF,Lifestyle
SanchezRoige2019auditt23andMe,Grasby2020surfarea,5e-8,TRUE,0.41607463747470286,9,2,17.2,0.112,0.00493,0.0038,0.24,Cortical Surface Area,Neuroimaging,AUDIT,Lifestyle,-4.4e-6,1.2e-6,-6.9e-7,-5.8e-7,4.5e-6,1.1e-6,1.4e-6,1.4e-6,0.37,0.26,0.64,0.68, , , , ,0.112,FALSE,FALSE,Neuroimaging,Lifestyle
SanchezRoige2019auditt23andMe,Grasby2020thickness,5e-8,FALSE,5.777545497503519e-4,4,0,0.3,0.99,7.59e-4,0.0052,0.9,Cortical Thickness,Neuroimaging,AUDIT,Lifestyle,-0.96,-0.85,-0.87,-0.85,0.8,0.21,0.31,0.26,0.35,3.7e-5,0.069,0.001,***, ,***,.,0.99,TRUE,FALSE,Neuroimaging,Lifestyle
SanchezRoige2019auditt23andMe,Hilbar2015hipv,5e-6,FALSE,0.2760726216398571,11,0,23.2,0.056,0.00322,0.0022,0.18,Hippocampal Volume,Neuroimaging,AUDIT,Lifestyle,-3.4e-5,2.8e-5,2.1e-6,4.2e-6,4.9e-5,1.8e-5,2.2e-5,2.5e-5,0.5,0.11,0.93,0.86, , , , ,0.056,FALSE,FALSE,Neuroimaging,Lifestyle
SanchezRoige2019auditt23andMe,Hilbar2017hipv,5e-8,FALSE,0.05926835952476174,6,0,16,0.068,0.00403,0.0033,0.29,Hippocampal Volume,Neuroimaging,AUDIT,Lifestyle,-0.0096,0.03,0.012,0.02,0.036,0.012,0.016,0.015,0.8,0.011,0.5,0.18,*, , , ,0.068,FALSE,TRUE,Neuroimaging,Lifestyle
SanchezRoige2019auditt23andMe,Huang2017aaos,5e-6,FALSE,0.56023342396396425,33,0,41.9,0.1766,-9.07e-4,7.2e-4,0.22,AAOS,Diagnosis,AUDIT,Lifestyle,8e-4,-8.8e-4,-7.3e-4,-8e-4,0.0019,0.0012,0.0015,0.0018,0.67,0.47,0.62,0.65, , , , ,0.1766,FALSE,FALSE,Diagnosis,Lifestyle
SanchezRoige2019auditt23andMe,Kunkle2019load,5e-8,TRUE,0.6445387965683541,11,2,15.7,0.242,9.48e-4,0.0023,0.68,LOAD,Diagnosis,AUDIT,Lifestyle,-0.0034,0.0023,0.0029,0.0069,0.015,0.0053,0.009,0.0076,0.82,0.67,0.75,0.37, , , , ,0.242,FALSE,FALSE,Diagnosis,Lifestyle
SanchezRoige2019auditt23andMe,Lambert2013load,5e-6,TRUE,0.28572252569487105,30,1,53.2,0.016,-5.53e-4,8.6e-4,0.53,LOAD,Diagnosis,AUDIT,Lifestyle,-0.0013,-0.0026,-0.0022,-0.0027,0.003,0.0017,0.002,0.0022,0.67,0.12,0.29,0.22, , , , ,0.016,FALSE,FALSE,Diagnosis,Lifestyle
Wells2019hdiff,Beecham2014braak4,5e-6,FALSE,0.5776430541472205,10,0,10.5,0.549,5.89e-4,8.1e-4,0.49,Neurofibrillary Tangles,Neuropathology,Hearing Difficulties,Health,7.6e-5,4.9e-4,4.4e-4,3.3e-4,0.001,7.8e-4,8.5e-4,9e-4,0.94,0.53,0.62,0.72, , , , ,0.549,FALSE,FALSE,Neuropathology,Health
Wells2019hdiff,Beecham2014npany,5e-6,FALSE,0.27730168059007626,11,0,9.2,0.663,-8.94e-4,0.0014,0.54,Neuritic Plaques,Neuropathology,Hearing Difficulties,Health,0.0025,0.0016,0.0021,0.0022,0.0018,9.9e-4,0.0017,0.0012,0.2,0.12,0.24,0.082, , ,., ,0.663,FALSE,FALSE,Neuropathology,Health
Wells2019hdiff,Deming2017ab42,5e-6,FALSE,0.2561475258454379,12,0,23.7,0.058,0.00149,0.0012,0.26,AB42,CSF,Hearing Difficulties,Health,-0.057,-0.023,-0.031,-0.029,0.034,0.014,0.02,0.018,0.12,0.097,0.14,0.11,., , , ,0.058,FALSE,FALSE,CSF,Health
Wells2019hdiff,Deming2017ptau,5e-8,TRUE,0.23613734820657178,4,1,3,0.649,-0.00455,0.0048,0.45,Ptau181,CSF,Hearing Difficulties,Health,0.1,0.029,0.042,0.037,0.08,0.017,0.024,0.02,0.33,0.082,0.18,0.07,., ,., ,0.649,FALSE,FALSE,CSF,Health
Wells2019hdiff,Deming2017tau,5e-6,FALSE,0.008751501608395672,8,0,16.9,0.093,-0.00143,0.0021,0.52,Tau,CSF,Hearing Difficulties,Health,0.083,0.048,0.038,0.036,0.054,0.015,0.024,0.02,0.18,8.8e-4,0.15,0.074,***, ,., ,0.093,TRUE,FALSE,CSF,Health
Wells2019hdiff,Grasby2020surfarea,5e-6,TRUE,0.09332144333622679,42,5,73.8,0.0014,0.00159,9.9e-4,0.12,Cortical Surface Area,Neuroimaging,Hearing Difficulties,Health,-2.8e-6,-7.4e-7,-7.1e-7,-6.6e-7,1.4e-6,3.3e-7,8.4e-7,4.8e-7,0.045,0.023,0.41,0.17,*,*, , ,0.0014,FALSE,TRUE,Neuroimaging,Health
Wells2019hdiff,Grasby2020thickness,5e-8,TRUE,0.5661259989461481,4,2,6.3,0.325,0.00424,0.0033,0.33,Cortical Thickness,Neuroimaging,Hearing Difficulties,Health,-0.64,0.093,0.2,0.16,0.59,0.14,0.26,0.17,0.39,0.51,0.5,0.37, , , , ,0.325,FALSE,FALSE,Neuroimaging,Health
Wells2019hdiff,Hilbar2017hipv,5e-8,FALSE,0.3592593527451832,6,0,11.4,0.158,-9.77e-4,0.0023,0.69,Hippocampal Volume,Neuroimaging,Hearing Difficulties,Health,0.0017,-0.01,-2.3e-4,-0.0067,0.029,0.0081,0.015,0.011,0.96,0.22,0.99,0.53, , , , ,0.158,FALSE,FALSE,Neuroimaging,Health
Wells2019hdiff,Huang2017aaos,5e-6,FALSE,0.5776430541472205,32,0,47.4,0.052,-4.83e-4,6.6e-4,0.47,AAOS,Diagnosis,Hearing Difficulties,Health,9.1e-4,-0.0014,-0.0033,-0.0017,0.0041,0.0022,0.0042,0.0034,0.83,0.53,0.44,0.62, , , , ,0.052,FALSE,FALSE,Diagnosis,Health
Wells2019hdiff,Kunkle2019load,5e-8,FALSE,0.4362379882674114,16,0,30.7,0.045,-6.77e-4,0.0013,0.62,LOAD,Diagnosis,Hearing Difficulties,Health,0.0081,0.0033,0.015,0.0077,0.01,0.0031,0.0089,0.0049,0.45,0.29,0.12,0.12, , , , ,0.045,FALSE,FALSE,Diagnosis,Health
Willer2013hdl,Beecham2014braak4,5e-6,FALSE,0.7609728930146562,5,0,2.4,0.831,-0.00842,0.011,0.51,Neurofibrillary Tangles,Neuropathology,High-density lipoproteins,Health,0.029,-3.3e-4,-4.3e-4,-0.0022,0.041,0.01,0.015,0.013,0.53,0.97,0.98,0.86, , , , ,0.831,FALSE,FALSE,Neuropathology,Health
Willer2013hdl,Deming2017ab42,5e-6,FALSE,0.2933149843464943,9,0,8,0.635,-2.83e-4,0.0072,0.97,AB42,CSF,High-density lipoproteins,Health,-0.11,-0.12,-0.21,-0.17,0.28,0.081,0.16,0.11,0.71,0.14,0.23,0.12, , , , ,0.635,FALSE,FALSE,CSF,Health
Willer2013hdl,Deming2017ptau,5e-6,FALSE,0.30705437929626395,10,0,19.9,0.053,-0.0163,0.0079,0.073,Ptau181,CSF,High-density lipoproteins,Health,0.33,-0.075,0.017,-0.003,0.21,0.052,0.12,0.071,0.15,0.15,0.89,0.97, , , , ,0.053,FALSE,FALSE,CSF,Health
Willer2013hdl,Deming2017tau,5e-6,FALSE,0.6866731490933973,7,0,5.7,0.646,0.00862,0.011,0.45,Tau,CSF,High-density lipoproteins,Health,-0.28,-0.018,-0.095,-0.038,0.32,0.065,0.11,0.082,0.43,0.78,0.44,0.64, , , , ,0.646,FALSE,FALSE,CSF,Health
Willer2013hdl,Grasby2020surfarea,5e-6,FALSE,0.6516405492932152,34,0,61.6,0.0056,-8.26e-4,0.0041,0.84,Cortical Surface Area,Neuroimaging,High-density lipoproteins,Health,5.7e-7,-5.2e-7,5.8e-7,-2.3e-7,5.6e-6,1.3e-6,2.7e-6,2e-6,0.92,0.68,0.83,0.91, , , , ,0.0056,FALSE,FALSE,Neuroimaging,Health
Willer2013hdl,Grasby2020thickness,5e-8,FALSE,0.4242085287157068,5,0,3,0.744,0.00537,0.013,0.7,Cortical Thickness,Neuroimaging,High-density lipoproteins,Health,-0.38,0.48,0.12,0.18,2.1,0.43,0.7,0.52,0.87,0.26,0.87,0.72, , , , ,0.744,FALSE,FALSE,Neuroimaging,Health
Willer2013hdl,Hilbar2017hipv,5e-8,FALSE,0.638820238230668,4,0,1.9,0.787,4.73e-4,0.0062,0.95,Hippocampal Volume,Neuroimaging,High-density lipoproteins,Health,-0.022,-0.016,-0.0083,-0.01,0.085,0.037,0.05,0.042,0.82,0.66,0.88,0.81, , , , ,0.787,FALSE,FALSE,Neuroimaging,Health
Willer2013hdl,Huang2017aaos,5e-6,FALSE,0.7646835122298183,21,0,36.5,0.039,0.00479,0.004,0.25,AAOS,Diagnosis,High-density lipoproteins,Health,-0.039,1.6e-4,-0.0039,-0.007,0.036,0.012,0.023,0.018,0.3,0.99,0.87,0.69, , , , ,0.039,FALSE,FALSE,Diagnosis,Health
Willer2013hdl,Kunkle2019load,5e-6,FALSE,0.36930252790316587,20,0,26.6,0.197,0.00352,0.0053,0.52,LOAD,Diagnosis,High-density lipoproteins,Health,-0.049,-0.016,-0.029,-0.017,0.052,0.013,0.034,0.02,0.36,0.22,0.41,0.39, , , , ,0.197,FALSE,FALSE,Diagnosis,Health
Willer2013ldl,Beecham2014braak4,5e-6,FALSE,0.2886724205707835,5,0,9.7,0.19,-0.0119,0.017,0.53,Neurofibrillary Tangles,Neuropathology,Low-density lipoproteins,Health,0.058,0.017,0.015,0.015,0.061,0.011,0.018,0.015,0.41,0.13,0.45,0.32, , , , ,0.19,FALSE,FALSE,Neuropathology,Health
Willer2013ldl,Deming2017ab42,5e-6,TRUE,0.27107400456638925,8,1,7.5,0.567,0.00819,0.0079,0.34,AB42,CSF,Low-density lipoproteins,Health,-0.16,0.15,0.34,0.23,0.31,0.093,0.18,0.12,0.63,0.1,0.11,0.063,., ,., ,0.567,FALSE,FALSE,CSF,Health
Willer2013ldl,Deming2017ptau,5e-6,FALSE,0.3530629623467778,10,0,6.4,0.807,-0.00544,0.0075,0.49,Ptau181,CSF,Low-density lipoproteins,Health,0.21,0.073,0.084,0.09,0.2,0.057,0.099,0.071,0.32,0.2,0.42,0.2, , , , ,0.807,FALSE,FALSE,CSF,Health
Willer2013ldl,Deming2017tau,5e-6,FALSE,0.5988651969329699,7,0,11.3,0.229,0.0158,0.013,0.28,Tau,CSF,Low-density lipoproteins,Health,-0.43,0.041,0.043,0.056,0.4,0.07,0.12,0.089,0.33,0.56,0.74,0.53, , , , ,0.229,FALSE,FALSE,CSF,Health
Willer2013ldl,Grasby2020surfarea,5e-8,FALSE,0.06897203890324632,11,0,17.4,0.161,9.34e-4,0.0068,0.89,Cortical Surface Area,Neuroimaging,Low-density lipoproteins,Health,-5.7e-6,-4.8e-6,-6.1e-6,-6.5e-6,7.7e-6,1.9e-6,3.3e-6,2.7e-6,0.47,0.014,0.092,0.015,*, ,*,.,0.161,FALSE,TRUE,Neuroimaging,Health
Willer2013ldl,Grasby2020thickness,5e-6,TRUE,0.30705437929626395,30,1,48.8,0.018,-0.00997,0.0057,0.092,Cortical Thickness,Neuroimaging,Low-density lipoproteins,Health,2.4,0.35,1.4,0.43,1.2,0.24,0.76,0.39,0.058,0.15,0.067,0.26, ,., ,.,0.018,FALSE,FALSE,Neuroimaging,Health
Willer2013ldl,Hilbar2017hipv,5e-6,FALSE,0.11828205490307538,16,0,28.2,0.058,-0.0059,0.0052,0.28,Hippocampal Volume,Neuroimaging,Low-density lipoproteins,Health,0.043,-0.056,-0.078,-0.077,0.093,0.026,0.069,0.04,0.65,0.034,0.28,0.057,*, ,., ,0.058,FALSE,FALSE,Neuroimaging,Health
Willer2013ldl,Huang2017aaos,5e-6,FALSE,0.56023342396396425,21,0,15.6,0.818,-0.00219,0.0034,0.53,AAOS,Diagnosis,Low-density lipoproteins,Health,0.027,0.0093,0.014,0.0087,0.031,0.013,0.021,0.018,0.39,0.49,0.51,0.63, , , , ,0.818,FALSE,FALSE,Diagnosis,Health
Willer2013ldl,Kunkle2019load,5e-6,FALSE,0.5096455976206122,20,0,30.2,0.095,0.00231,0.0062,0.71,LOAD,Diagnosis,Low-density lipoproteins,Health,-0.034,-0.012,0.03,0.024,0.06,0.015,0.034,0.021,0.58,0.4,0.38,0.27, , , , ,0.095,FALSE,FALSE,Diagnosis,Health
Willer2013tc,Beecham2014braak4,5e-6,FALSE,0.24702115036883215,5,0,10.6,0.176,-0.0217,0.014,0.21,Neurofibrillary Tangles,Neuropathology,Total Cholesterol,Health,0.094,0.018,0.0097,0.013,0.05,0.011,0.019,0.015,0.16,0.091,0.63,0.37,., , , ,0.176,FALSE,FALSE,Neuropathology,Health
Willer2013tc,Deming2017ab42,5e-6,FALSE,0.4464366480190161,9,0,18.9,0.056,-0.00145,0.011,0.9,AB42,CSF,Total Cholesterol,Health,0.14,0.087,0.12,0.15,0.45,0.085,0.16,0.12,0.76,0.31,0.45,0.21, , , , ,0.056,FALSE,FALSE,CSF,Health
Willer2013tc,Deming2017ptau,5e-8,FALSE,0.56023342396396425,4,0,1.5,0.843,-0.00343,0.017,0.86,Ptau181,CSF,Total Cholesterol,Health,0.13,0.053,0.011,0.036,0.37,0.077,0.12,0.086,0.77,0.49,0.93,0.67, , , , ,0.843,FALSE,FALSE,CSF,Health
Willer2013tc,Deming2017tau,5e-6,FALSE,0.7609728930146562,7,0,9.2,0.357,0.0115,0.012,0.38,Tau,CSF,Total Cholesterol,Health,-0.35,-0.0033,-0.036,-0.045,0.37,0.069,0.12,0.092,0.39,0.96,0.77,0.63, , , , ,0.357,FALSE,FALSE,CSF,Health
Willer2013tc,Grasby2020surfarea,5e-6,FALSE,0.028879206913119786,34,0,34.3,0.516,0.00237,0.0032,0.47,Cortical Surface Area,Neuroimaging,Total Cholesterol,Health,-6.9e-6,-3.8e-6,-5.7e-6,-5e-6,4.4e-6,1.3e-6,2.9e-6,2e-6,0.13,0.004,0.055,0.015,**, ,*,.,0.516,TRUE,FALSE,Neuroimaging,Health
Willer2013tc,Grasby2020thickness,5e-6,TRUE,0.44957744259251814,29,2,54,0.006,-0.00638,0.0066,0.35,Cortical Thickness,Neuroimaging,Total Cholesterol,Health,1.6,0.24,0.31,0.2,1.5,0.24,0.56,0.37,0.28,0.33,0.58,0.59, , , , ,0.006,FALSE,FALSE,Neuroimaging,Health
Willer2013tc,Hilbar2017hipv,5e-6,TRUE,0.155910611034658,14,2,19.9,0.2,-0.00801,0.0041,0.076,Hippocampal Volume,Neuroimaging,Total Cholesterol,Health,0.078,-0.054,0.0019,-0.041,0.073,0.027,0.06,0.042,0.31,0.048,0.97,0.33,*, , , ,0.2,FALSE,FALSE,Neuroimaging,Health
Willer2013tc,Huang2017aaos,5e-6,FALSE,0.7419527411798802,21,0,19.5,0.648,8.06e-4,0.0033,0.81,AAOS,Diagnosis,Total Cholesterol,Health,-0.0048,0.0017,-0.0065,4.7e-4,0.03,0.013,0.024,0.019,0.87,0.89,0.79,0.98, , , , ,0.648,FALSE,FALSE,Diagnosis,Health
Willer2013tc,Kunkle2019load,5e-6,TRUE,0.4464366480190161,19,1,27.3,0.141,-2.48e-4,0.0063,0.97,LOAD,Diagnosis,Total Cholesterol,Health,-0.012,-0.015,0.013,0.002,0.06,0.014,0.034,0.022,0.84,0.31,0.71,0.93, , , , ,0.141,FALSE,FALSE,Diagnosis,Health
Willer2013tg,Beecham2014braak4,5e-6,FALSE,0.7646835122298183,5,0,2.9,0.735,-0.00633,0.011,0.6,Neurofibrillary Tangles,Neuropathology,Triglycerides,Health,0.022,3.8e-5,-0.0076,-0.00093000000000000005,0.039,0.0099,0.017,0.012,0.61,1,0.68,0.94, , , , ,0.735,FALSE,FALSE,Neuropathology,Health
Willer2013tg,Deming2017ab42,5e-6,FALSE,0.6797406436216415,9,0,8.7,0.568,0.00234,0.0071,0.75,AB42,CSF,Triglycerides,Health,-0.065,0.024,-0.053,-0.043,0.28,0.079,0.16,0.1,0.82,0.77,0.75,0.67, , , , ,0.568,FALSE,FALSE,CSF,Health
Willer2013tg,Deming2017ptau,5e-8,FALSE,0.6115929988977831,4,0,1.7,0.828,-2.47e-4,0.016,0.99,Ptau181,CSF,Triglycerides,Health,0.043,0.038,0.053,0.04,0.34,0.071,0.11,0.081,0.91,0.59,0.67,0.63, , , , ,0.828,FALSE,FALSE,CSF,Health
Willer2013tg,Deming2017tau,5e-6,FALSE,0.6698269605757375,7,0,9.7,0.334,-0.00639,0.012,0.62,Tau,CSF,Triglycerides,Health,0.21,0.022,0.032,0.034,0.37,0.063,0.11,0.083,0.59,0.73,0.77,0.68, , , , ,0.334,FALSE,FALSE,CSF,Health
Willer2013tg,Grasby2020surfarea,5e-8,FALSE,0.30705437929626395,11,0,26.2,0.022,-0.00447,0.0071,0.55,Cortical Surface Area,Neuroimaging,Triglycerides,Health,2.2e-6,-2.5e-6,-1.5e-7,-3.6e-6,7.9e-6,1.7e-6,3.7e-6,2.7e-6,0.79,0.15,0.97,0.18, , , , ,0.022,FALSE,FALSE,Neuroimaging,Health
Willer2013tg,Grasby2020thickness,5e-6,TRUE,0.56023342396396425,30,1,65.6,0.001,0.00129,0.0067,0.85,Cortical Thickness,Neuroimaging,Triglycerides,Health,-0.43,-0.15,0.39,-0.1,1.5,0.22,0.68,0.35,0.77,0.49,0.57,0.77, , , , ,0.001,FALSE,FALSE,Neuroimaging,Health
Willer2013tg,Hilbar2017hipv,5e-8,FALSE,0.47345796340095486,4,0,4,0.554,-0.00332,0.0065,0.66,Hippocampal Volume,Neuroimaging,Triglycerides,Health,0.075,0.034,0.043,0.03,0.09,0.036,0.048,0.042,0.49,0.36,0.44,0.48, , , , ,0.554,FALSE,FALSE,Neuroimaging,Health
Willer2013tg,Huang2017aaos,5e-6,TRUE,0.11402805274571703,19,3,15.1,0.753,0.00187,0.0033,0.58,AAOS,Diagnosis,Triglycerides,Health,-0.041,-0.026,-0.038,-0.033,0.028,0.012,0.026,0.018,0.17,0.032,0.16,0.058,*, ,., ,0.753,FALSE,FALSE,Diagnosis,Health
Willer2013tg,Kunkle2019load,5e-6,TRUE,0.4362379882674114,18,2,17.9,0.535,-0.00251,0.0047,0.6,LOAD,Diagnosis,Triglycerides,Health,0.04,0.016,-0.0067,0.0067,0.048,0.015,0.032,0.02,0.42,0.29,0.84,0.74, , , , ,0.535,FALSE,FALSE,Diagnosis,Health
Xue2018diab,Beecham2014braak4,5e-6,FALSE,0.7242652010269639,4,0,15.1,0.049,-0.00931,0.042,0.84,Neurofibrillary Tangles,Neuropathology,Type 2 Diabetes,Health,0.036,0.0033,0.021,0.0054,0.15,0.02,0.05,0.028,0.83,0.87,0.7,0.85, , , , ,0.049,FALSE,FALSE,Neuropathology,Health
Xue2018diab,Deming2017ab42,5e-6,FALSE,0.6335099368866215,8,0,13.5,0.177,0.0256,0.012,0.075,AB42,CSF,Type 2 Diabetes,Health,-0.91,0.067,-0.22,-0.0057,0.47,0.14,0.34,0.21,0.11,0.64,0.53,0.98, , , , ,0.177,FALSE,FALSE,CSF,Health
Xue2018diab,Deming2017ptau,5e-6,FALSE,0.7070947495222979,8,0,22.5,0.024,0.0166,0.018,0.39,Ptau181,CSF,Type 2 Diabetes,Health,-0.4,0.022,-0.24,-0.013,0.48,0.094,0.31,0.14,0.43,0.81,0.46,0.93, , , , ,0.024,FALSE,FALSE,CSF,Health
Xue2018diab,Deming2017tau,5e-6,TRUE,0.7609728930146562,5,1,22.4,0.007,4.47e-4,0.05,0.99,Tau,CSF,Type 2 Diabetes,Health,-0.0055,0.0068,-0.32,-0.08,1.4,0.12,0.41,0.17,1,0.96,0.48,0.65, , , , ,0.007,FALSE,FALSE,CSF,Health
Xue2018diab,Grasby2020surfarea,5e-6,TRUE,0.002408631486908915,32,1,49.7,0.0404,-1.9e-4,0.0062,0.98,Cortical Surface Area,Neuroimaging,Type 2 Diabetes,Health,-8e-6,-8.2e-6,-5.5e-6,-6.1e-6,8.7e-6,2.2e-6,4.5e-6,3.4e-6,0.37,1.8e-4,0.23,0.071,***, ,., ,0.0404,FALSE,FALSE,Neuroimaging,Health
Xue2018diab,Grasby2020thickness,5e-8,TRUE,0.3088485480784955,5,1,10.7,0.139,-0.033,0.02,0.19,Cortical Thickness,Neuroimaging,Type 2 Diabetes,Health,4.4,-1,-2.2,-1.5,3.3,0.73,1.8,0.96,0.28,0.16,0.28,0.12, , , , ,0.139,FALSE,FALSE,Neuroimaging,Health
Xue2018diab,Hilbar2017hipv,5e-8,TRUE,0.7609728930146562,2,2,NA,NA,NA,NA,NA,Hippocampal Volume,Neuroimaging,Type 2 Diabetes,Health,NA,-0.0023,NA,NA,NA,0.078,NA,NA,NA,0.98,NA,NA, ,,,,NA,FALSE,FALSE,Neuroimaging,Health
Xue2018diab,Huang2017aaos,5e-6,TRUE,0.5849080654022967,20,1,28.3,0.141,0.0129,0.0085,0.14,AAOS,Diagnosis,Type 2 Diabetes,Health,-0.11,0.013,0.032,0.021,0.082,0.022,0.046,0.033,0.21,0.54,0.5,0.52, , , , ,0.141,FALSE,FALSE,Diagnosis,Health
Xue2018diab,Kunkle2019load,5e-6,TRUE,0.44273407541646714,20,1,39,0.009,0.0075,0.011,0.51,LOAD,Diagnosis,Type 2 Diabetes,Health,-0.051,0.022,0.08,0.046,0.11,0.021,0.053,0.033,0.65,0.31,0.15,0.17, , , , ,0.009,FALSE,FALSE,Diagnosis,Health
Yengo2018bmi,Beecham2014braak4,5e-6,FALSE,0.7609728930146562,5,0,5.6,0.49,-0.00562,0.0045,0.3,Neurofibrillary Tangles,Neuropathology,BMI,Health,0.021,1.5e-4,-0.0019,6.9e-4,0.017,0.0038,0.0066,0.0051,0.31,0.97,0.79,0.89, , , , ,0.49,FALSE,FALSE,Neuropathology,Health
Yengo2018bmi,Deming2017ab42,5e-6,TRUE,0.5002662640690654,8,1,8.5,0.491,-0.00148,0.0029,0.63,AB42,CSF,BMI,Health,0.028,-0.027,-0.037,-0.036,0.11,0.031,0.057,0.038,0.81,0.38,0.54,0.35, , , , ,0.491,FALSE,FALSE,CSF,Health
Yengo2018bmi,Deming2017ptau,5e-6,TRUE,0.4362379882674114,6,4,5.9,0.546,0.00288,0.004,0.52,Ptau181,CSF,BMI,Health,-0.044,0.024,-3.8e-5,0.013,0.098,0.023,0.041,0.029,0.68,0.29,1,0.64, , , , ,0.546,FALSE,FALSE,CSF,Health
Yengo2018bmi,Deming2017tau,5e-6,TRUE,0.584464196496261,6,1,15.9,0.057,-0.00477,0.006,0.47,Tau,CSF,BMI,Health,0.12,-0.015,-0.07,-0.053,0.18,0.025,0.073,0.038,0.53,0.54,0.38,0.17, , , , ,0.057,FALSE,FALSE,CSF,Health
Yengo2018bmi,Grasby2020surfarea,5e-8,TRUE,0.3322563908405173,5,2,11.5,0.181,0.00217,0.0031,0.53,Cortical Surface Area,Neuroimaging,BMI,Health,-3.4e-6,-1.2e-6,-1.8e-6,-1.6e-6,3.4e-6,9.3e-7,1.2e-6,1.1e-6,0.39,0.18,0.22,0.14, , , , ,0.181,FALSE,FALSE,Neuroimaging,Health
Yengo2018bmi,Grasby2020thickness,5e-8,TRUE,0.04390415148762146,4,2,18.1,0.023,-0.03,0.012,0.14,Cortical Thickness,Neuroimaging,BMI,Health,5.4,-0.52,-0.14,-0.42,2.4,0.2,0.46,0.27,0.16,0.0078,0.78,0.11,**, , , ,0.023,FALSE,FALSE,Neuroimaging,Health
Yengo2018bmi,Hilbar2017hipv,5e-8,TRUE,0.18068784601621118,2,2,NA,NA,NA,NA,NA,Hippocampal Volume,Neuroimaging,BMI,Health,NA,-0.04,NA,NA,NA,0.021,NA,NA,NA,0.06,NA,NA,.,,,,NA,FALSE,FALSE,Neuroimaging,Health
Yengo2018bmi,Huang2017aaos,5e-6,TRUE,0.7646835122298183,19,3,49.5,<0.001,7.78e-4,0.0016,0.64,AAOS,Diagnosis,BMI,Health,-0.0053,4e-5,-0.012,-0.0075,0.013,0.0042,0.0085,0.0073,0.69,0.99,0.16,0.31, , , , ,0.001,FALSE,FALSE,Diagnosis,Health
Yengo2018bmi,Kunkle2019load,5e-8,TRUE,0.41465080785716496,4,2,3.1,0.617,-0.00332,0.0057,0.62,LOAD,Diagnosis,BMI,Health,0.015,-0.0099,-0.018,-0.016,0.043,0.0087,0.014,0.011,0.76,0.25,0.3,0.12, , , , ,0.617,FALSE,FALSE,Diagnosis,Health
