outcome.name,exposure.name,pt,nsnp,pve.exposure,F,n_outliers,IVW_b,IVW_se,IVW_MR.pval,Power,Egger_b,Egger_se,Egger_MR.pval,WME_b,WME_se,WME_MR.pval,WMBE_b,WMBE_se,WMBE_MR.pval,RSSobs,MRPRESSO.pval,egger_intercept,egger_se,Egger.pval,outlier_IVW_b,outlier_IVW_se,outlier_IVW_MR.pval,outlier_Power,outlier_Egger_b,outlier_Egger_se,outlier_Egger_MR.pval,outlier_WME_b,outlier_WME_se,outlier_WME_MR.pval,outlier_WMBE_b,outlier_WMBE_se,outlier_WMBE_MR.pval,outlier_RSSobs,outlier_MRPRESSO.pval,outlier_egger_intercept,outlier_egger_se,outlier_Egger.pval
Alcohol Consumption,AAOS,5e-6,36,2.17,24.72,2,-0.00029,0.00043,0.49,0.06,-0.00079,0.00079,0.32,-0.00017,0.00059,0.77,-0.00039,0.00046,0.4,57.4,0.0206,0.000282,0.00033,0.39,,,,,,,,,,,,,,,,,,
Alcohol Consumption,AAOS,5e-6,NA,NA,NA,NA,NA,NA,NA,NA,NA,NA,NA,NA,NA,NA,NA,NA,NA,NA,NA,NA,NA,NA,-0.00029,0.00043,0.5,0.06,-0.00078,0.00065,0.23,-0.00017,6e-04,0.77,-0.00034,0.00047,0.48,35.6,0.4426,0.000285,0.00027,0.31
Alcohol Consumption,AB42,5e-6,11,7.87,24.34,0,0.0021,0.0097,0.83,0.12,-0.026,0.035,0.49,0.0083,0.014,0.54,0.011,0.014,0.47,19.5,0.093,0.00104,0.0012,0.42,,,,,,,,,,,,,,,,,,
Alcohol Consumption,Cortical Surface Area,5e-8,11,1.56,48.64,0,1.3e-06,3.5e-07,3e-04,0.97,7.5e-07,1.5e-06,0.64,1.1e-06,5.3e-07,0.038,9.8e-07,7e-07,0.19,16.6,0.202,0.000486,0.0014,0.73,,,,,,,,,,,,,,,,,,
Alcohol Consumption,Cortical Surface Area,5e-6,46,4.08,31.13,1,4.3e-07,1.8e-07,0.017,0.55,1e-06,6e-07,0.086,5.1e-07,2.8e-07,0.076,4.9e-07,3.2e-07,0.14,91.5,<2e-04,-0.00059,0.00052,0.26,,,,,,,,,,,,,,,,,,
Alcohol Consumption,Cortical Surface Area,5e-6,NA,NA,NA,NA,NA,NA,NA,NA,NA,NA,NA,NA,NA,NA,NA,NA,NA,NA,NA,NA,NA,NA,3.2e-07,1.8e-07,0.079,0.22,9e-07,5.7e-07,0.12,4.5e-07,2.9e-07,0.13,4.8e-07,3.2e-07,0.14,80.2,0.0012,-0.000551,0.00049,0.27
Alcohol Consumption,Cortical Thickness,5e-8,4,0.43,36.54,0,-0.32,0.1,0.0013,0.97,-0.4,1.6,0.83,-0.22,0.14,0.12,-0.12,0.18,0.57,13.2,0.08,0.000416,0.0091,0.97,,,,,,,,,,,,,,,,,,
Alcohol Consumption,Cortical Thickness,5e-6,36,2.6,24.94,2,-0.09,0.039,0.02,0.56,-0.39,0.28,0.17,-0.19,0.061,0.0024,-0.22,0.1,0.039,85.8,<2e-04,0.00144,0.0013,0.28,,,,,,,,,,,,,,,,,,
Alcohol Consumption,Cortical Thickness,5e-6,NA,NA,NA,NA,NA,NA,NA,NA,NA,NA,NA,NA,NA,NA,NA,NA,NA,NA,NA,NA,NA,NA,-0.14,0.04,0.00036,0.92,-0.38,0.23,0.11,-0.2,0.061,0.0014,-0.21,0.11,0.065,53.4,0.0336,0.00114,0.0011,0.29
Alcohol Consumption,Hippocampal Volume,5e-6,11,2.11,26.74,2,4.3e-06,6.9e-06,0.53,0.25,-1e-05,2.9e-05,0.73,-1.4e-06,9.2e-06,0.88,5.9e-07,8.5e-06,0.95,41.8,0.001,0.000744,0.0013,0.58,,,,,,,,,,,,,,,,,,
Alcohol Consumption,Hippocampal Volume,5e-6,NA,NA,NA,NA,NA,NA,NA,NA,NA,NA,NA,NA,NA,NA,NA,NA,NA,NA,NA,NA,NA,NA,2.6e-06,7e-06,0.71,0.14,-8.1e-06,1.9e-05,0.68,-1.4e-06,9.7e-06,0.89,1.1e-07,9.1e-06,0.99,13.9,0.211,0.00059,0.00093,0.55
Alcohol Consumption,LOAD,5e-8,13,1.24,52.48,0,-0.00068,0.0019,0.72,0.13,0.0051,0.0057,0.4,0.0027,0.0028,0.33,0.0029,0.0032,0.39,19.6,0.151,-0.000921,0.00084,0.3,,,,,,,,,,,,,,,,,,
Alcohol Consumption,LOAD,5e-8,11,0.91,53.41,0,-0.00052,0.0013,0.69,0.33,0.0027,0.0025,0.3,0.00067,0.0017,0.69,0.00097,0.0016,0.55,21.9,0.1,-0.00094,0.00058,0.14,,,,,,,,,,,,,,,,,,
Alcohol Consumption,LOAD,5e-6,33,1.72,33.86,1,-0.00083,0.00095,0.38,0.57,0.0022,0.0021,0.3,6e-04,0.0014,0.66,0.00063,0.0013,0.63,54.5,0.0232,-0.000689,0.00039,0.085,,,,,,,,,,,,,,,,,,
Alcohol Consumption,LOAD,5e-6,NA,NA,NA,NA,NA,NA,NA,NA,NA,NA,NA,NA,NA,NA,NA,NA,NA,NA,NA,NA,NA,NA,-0.00051,0.00096,0.6,0.37,0.0018,0.0019,0.34,0.00063,0.0014,0.65,0.00061,0.0013,0.65,43.2,0.134,-0.000538,0.00036,0.14
Alcohol Consumption,Neuritic Plaques,5e-6,10,6.45,27.81,0,-0.00036,0.00025,0.15,0.33,-5e-04,0.00061,0.44,-0.00039,0.00034,0.25,-0.00038,0.00037,0.33,5.8,0.884,0.000203,0.00081,0.81,,,,,,,,,,,,,,,,,,
Alcohol Consumption,Neurofibrillary Tangles,5e-6,8,3.82,23.44,0,0.00054,0.00057,0.35,0.06,0.00088,0.0011,0.46,0.00068,0.00068,0.32,0.00069,0.00066,0.34,10.1,0.43,-0.00029,0.00071,0.7,,,,,,,,,,,,,,,,,,
Alcohol Consumption,Ptau181,5e-8,4,4.37,35.85,0,-0.0088,0.01,0.4,0.28,0.14,0.056,0.12,0.0041,0.013,0.76,0.0053,0.013,0.72,13.1,0.054,-0.00774,0.0028,0.11,,,,,,,,,,,,,,,,,,
Alcohol Consumption,Ptau181,5e-6,12,10.66,31.14,2,-0.0019,0.0058,0.74,0.14,0.02,0.025,0.46,0.0032,0.0079,0.68,0.0039,0.0076,0.62,31.2,0.009,-0.00121,0.0013,0.38,,,,,,,,,,,,,,,,,,
Alcohol Consumption,Ptau181,5e-6,NA,NA,NA,NA,NA,NA,NA,NA,NA,NA,NA,NA,NA,NA,NA,NA,NA,NA,NA,NA,NA,NA,0.0039,0.006,0.52,0.14,-0.0088,0.021,0.69,0.0038,0.0078,0.62,0.0041,0.0078,0.61,13.8,0.27,0.000751,0.0012,0.54
Alcohol Consumption,Tau,5e-6,7,5.55,26.36,1,0.0014,0.011,0.9,0.05,-0.092,0.088,0.34,0.013,0.017,0.45,0.016,0.02,0.46,22.7,0.017,0.00329,0.003,0.33,,,,,,,,,,,,,,,,,,
Alcohol Consumption,Tau,5e-6,NA,NA,NA,NA,NA,NA,NA,NA,NA,NA,NA,NA,NA,NA,NA,NA,NA,NA,NA,NA,NA,NA,0.02,0.013,0.11,0.41,-0.029,0.06,0.65,0.014,0.016,0.37,0.016,0.019,0.45,6.4,0.512,0.00168,0.002,0.45
AUDIT,AAOS,5e-6,33,2,24.88,0,-0.00095,0.0012,0.44,0.46,0.0011,0.0019,0.58,-0.00082,0.0018,0.65,-0.00065,0.0014,0.65,44.1,0.125,-0.00109,0.00072,0.14,,,,,,,,,,,,,,,,,,
AUDIT,AB42,5e-6,11,7.87,24.34,0,-0.027,0.024,0.25,0.11,-0.11,0.089,0.23,-0.063,0.034,0.064,-0.065,0.036,0.098,21.3,0.072,0.00307,0.003,0.33,,,,,,,,,,,,,,,,,,
AUDIT,Cortical Surface Area,5e-8,11,1.56,48.64,1,1.7e-06,9.2e-07,0.06,0.6,-2.1e-06,6.3e-06,0.75,-5.7e-07,1.4e-06,0.67,-7.4e-07,1.6e-06,0.65,41.2,<0.001,0.00349,0.0055,0.54,,,,,,,,,,,,,,,,,,
AUDIT,Cortical Surface Area,5e-8,NA,NA,NA,NA,NA,NA,NA,NA,NA,NA,NA,NA,NA,NA,NA,NA,NA,NA,NA,NA,NA,NA,3.9e-07,9.8e-07,0.69,0.08,-5.8e-06,4.8e-06,0.26,-8.2e-07,1.3e-06,0.52,-7.2e-07,1.6e-06,0.65,22.1,0.041,0.00555,0.0041,0.21
AUDIT,Cortical Surface Area,5e-6,46,4.08,31.13,1,8e-07,4.6e-07,0.082,0.61,-5.8e-07,1.6e-06,0.72,-2.5e-08,7e-07,0.97,-1.7e-07,7.4e-07,0.82,101.2,<2e-04,0.0013,0.0014,0.36,,,,,,,,,,,,,,,,,,
AUDIT,Cortical Surface Area,5e-6,NA,NA,NA,NA,NA,NA,NA,NA,NA,NA,NA,NA,NA,NA,NA,NA,NA,NA,NA,NA,NA,NA,4.6e-07,4.7e-07,0.32,0.22,-1.1e-06,1.5e-06,0.48,-2.2e-07,7.1e-07,0.75,-1.3e-07,7.3e-07,0.86,84.3,6e-4,0.00144,0.0013,0.27
AUDIT,Cortical Thickness,5e-8,4,0.43,36.21,0,-0.85,0.21,3.7e-05,0.98,-0.96,0.8,0.35,-0.85,0.26,0.0013,-0.87,0.31,0.066,0.3,0.989,0.000759,0.0052,0.9,,,,,,,,,,,,,,,,,,
AUDIT,Cortical Thickness,5e-6,35,2.5,24.72,0,-0.33,0.094,0.00045,0.92,-0.7,0.49,0.17,-0.37,0.15,0.016,-0.68,0.29,0.026,61.3,0.0062,0.00181,0.0023,0.45,,,,,,,,,,,,,,,,,,
AUDIT,Hippocampal Volume,5e-8,6,1.32,59.54,0,0.03,0.012,0.011,0.82,-0.0096,0.036,0.8,0.02,0.016,0.2,0.012,0.015,0.48,16,0.072,0.00403,0.0033,0.29,,,,,,,,,,,,,,,,,,
AUDIT,Hippocampal Volume,5e-6,11,2.11,26.74,0,2.8e-05,1.8e-05,0.11,0.68,-3.4e-05,4.9e-05,0.5,4.2e-06,2.3e-05,0.86,2.1e-06,2.2e-05,0.93,23.2,0.054,0.00322,0.0022,0.18,,,,,,,,,,,,,,,,,,
AUDIT,Hippocampal Volume,5e-6,24,2.9,33.31,0,0.0035,0.0044,0.42,0.51,-0.0064,0.0076,0.41,-0.0053,0.0062,0.4,-0.0042,0.0056,0.46,32.3,0.176,0.00156,0.00094,0.11,,,,,,,,,,,,,,,,,,
AUDIT,LOAD,5e-8,14,1.32,51.76,2,0.0015,0.0049,0.76,0.07,-0.011,0.023,0.64,0.0048,0.0075,0.52,-0.0017,0.0083,0.84,47,<0.001,0.00199,0.0033,0.56,,,,,,,,,,,,,,,,,,
AUDIT,LOAD,5e-8,NA,NA,NA,NA,NA,NA,NA,NA,NA,NA,NA,NA,NA,NA,NA,NA,NA,NA,NA,NA,NA,NA,0.00076,0.0051,0.88,0.05,-0.0031,0.015,0.84,0.006,0.0072,0.4,0.00088,0.0087,0.92,17.1,0.21,0.000632,0.0022,0.78
AUDIT,LOAD,5e-8,11,0.91,53.41,0,-0.0022,0.0034,0.51,0.27,0.0021,0.008,0.8,0.0016,0.0043,0.71,-0.00033,0.0044,0.94,25.1,0.052,-0.00127,0.0019,0.52,,,,,,,,,,,,,,,,,,
AUDIT,LOAD,5e-6,37,2.31,34.62,2,-0.0021,0.0026,0.43,0.16,0.001,0.0075,0.89,-0.0018,0.0043,0.68,-0.00045,0.0044,0.92,81.2,<2e-04,-0.000603,0.0013,0.64,,,,,,,,,,,,,,,,,,
AUDIT,LOAD,5e-6,NA,NA,NA,NA,NA,NA,NA,NA,NA,NA,NA,NA,NA,NA,NA,NA,NA,NA,NA,NA,NA,NA,-0.0013,0.0027,0.63,0.27,0.0059,0.0059,0.32,-0.0017,0.0043,0.69,-0.00055,0.0045,0.9,47.8,0.1094,-0.00143,0.00099,0.16
AUDIT,LOAD,5e-6,33,1.72,33.86,1,0.00094,0.0024,0.7,0.14,0.006,0.0062,0.34,0.0024,0.0038,0.52,0.0031,0.0032,0.34,68.6,6e-4,-0.00117,0.0012,0.33,,,,,,,,,,,,,,,,,,
AUDIT,LOAD,5e-6,NA,NA,NA,NA,NA,NA,NA,NA,NA,NA,NA,NA,NA,NA,NA,NA,NA,NA,NA,NA,NA,NA,-0.00014,0.0025,0.95,0.31,0.0069,0.0054,0.21,0.0024,0.0037,0.52,0.0033,0.0033,0.33,53.7,0.0172,-0.00165,0.001,0.12
AUDIT,Neuritic Plaques,5e-6,10,6.45,27.81,0,-0.0011,0.00064,0.091,0.27,-0.0011,0.0016,0.49,-0.0011,0.00082,0.16,-0.0013,0.00091,0.2,7.4,0.744,9.89e-05,0.0021,0.96,,,,,,,,,,,,,,,,,,
AUDIT,Neurofibrillary Tangles,5e-6,8,3.82,23.44,0,0.0014,0.0015,0.34,0.1,0.0018,0.0023,0.46,0.0017,0.0018,0.33,0.0016,0.0017,0.36,6.3,0.715,-0.000339,0.0015,0.83,,,,,,,,,,,,,,,,,,
AUDIT,Ptau181,5e-8,4,4.37,35.85,0,-0.054,0.027,0.043,0.43,-0.14,0.16,0.47,-0.079,0.034,0.019,-0.085,0.048,0.17,5.4,0.418,0.00423,0.0078,0.64,,,,,,,,,,,,,,,,,,
AUDIT,Ptau181,5e-6,12,10.66,31.14,0,-0.02,0.015,0.17,0.25,-0.018,0.057,0.75,-0.0069,0.021,0.75,-0.01,0.022,0.66,22.8,0.062,-0.000103,0.0029,0.97,,,,,,,,,,,,,,,,,,
AUDIT,Tau,5e-6,7,5.55,26.36,0,0.0062,0.029,0.83,0.08,-0.26,0.14,0.12,-0.032,0.036,0.38,-0.035,0.039,0.4,11.1,0.23,0.00954,0.0048,0.11,,,,,,,,,,,,,,,,,,
BMI,AAOS,5e-6,21,1.28,24.76,3,0.0097,0.0041,0.019,0.94,-0.0057,0.017,0.74,-0.0041,0.0072,0.57,-0.0063,0.0073,0.4,91,<0.001,0.0021,0.002,0.31,,,,,,,,,,,,,,,,,,
BMI,AAOS,5e-6,NA,NA,NA,NA,NA,NA,NA,NA,NA,NA,NA,NA,NA,NA,NA,NA,NA,NA,NA,NA,NA,NA,0.002,0.0043,0.64,0.23,-0.0021,0.013,0.88,-0.0072,0.0071,0.31,-0.0097,0.0085,0.27,45.9,0.002,0.000596,0.0016,0.72
BMI,AB42,5e-6,9,6.52,24.29,1,0.013,0.029,0.65,0.1,-0.12,0.19,0.55,-0.029,0.041,0.47,-0.033,0.053,0.55,30.8,0.002,0.00347,0.0047,0.49,,,,,,,,,,,,,,,,,,
BMI,AB42,5e-6,NA,NA,NA,NA,NA,NA,NA,NA,NA,NA,NA,NA,NA,NA,NA,NA,NA,NA,NA,NA,NA,NA,-0.027,0.031,0.38,0.1,0.028,0.11,0.81,-0.036,0.04,0.37,-0.037,0.057,0.54,8.5,0.504,-0.00148,0.0029,0.63
BMI,Cortical Surface Area,5e-8,7,1.26,61.23,2,-9.8e-07,7.5e-07,0.19,0.25,-4.3e-06,6e-06,0.5,-1.4e-06,1.1e-06,0.2,-1.7e-06,1.4e-06,0.27,64.9,<0.001,0.00351,0.0059,0.58,,,,,,,,,,,,,,,,,,
BMI,Cortical Surface Area,5e-8,NA,NA,NA,NA,NA,NA,NA,NA,NA,NA,NA,NA,NA,NA,NA,NA,NA,NA,NA,NA,NA,NA,-1.2e-06,9.3e-07,0.18,0.24,-3.4e-06,3.4e-06,0.39,-1.6e-06,1.1e-06,0.14,-1.8e-06,1.2e-06,0.21,11.5,0.145,0.00217,0.0031,0.53
BMI,Cortical Surface Area,5e-6,26,2.65,35.2,5,-7.6e-07,5.1e-07,0.14,0.55,-1e-06,3.6e-06,0.78,-4.1e-07,8.8e-07,0.64,-5.3e-07,1.4e-06,0.7,136.7,<0.001,0.00019,0.0026,0.94,,,,,,,,,,,,,,,,,,
BMI,Cortical Surface Area,5e-6,NA,NA,NA,NA,NA,NA,NA,NA,NA,NA,NA,NA,NA,NA,NA,NA,NA,NA,NA,NA,NA,NA,-3.2e-07,5.9e-07,0.58,0.21,-2.6e-06,2.6e-06,0.33,-4.5e-07,8.8e-07,0.61,-1e-06,1.1e-06,0.38,44.1,0.005,0.00173,0.0019,0.37
BMI,Cortical Thickness,5e-8,6,0.63,35.86,2,-0.51,0.15,0.00076,0.87,-0.73,2.1,0.74,-0.1,0.29,0.71,0.2,0.3,0.54,53.6,<0.001,0.00131,0.012,0.92,,,,,,,,,,,,,,,,,,
BMI,Cortical Thickness,5e-8,NA,NA,NA,NA,NA,NA,NA,NA,NA,NA,NA,NA,NA,NA,NA,NA,NA,NA,NA,NA,NA,NA,-0.52,0.2,0.0078,0.56,5.4,2.4,0.16,-0.42,0.26,0.11,-0.14,0.47,0.78,18.1,0.018,-0.03,0.012,0.14
BMI,Cortical Thickness,5e-6,30,2.24,25.72,4,-0.31,0.081,0.00018,0.96,-0.82,0.84,0.34,-0.16,0.15,0.29,0.25,0.29,0.4,151,<0.001,0.00236,0.0038,0.54,,,,,,,,,,,,,,,,,,
BMI,Cortical Thickness,5e-6,NA,NA,NA,NA,NA,NA,NA,NA,NA,NA,NA,NA,NA,NA,NA,NA,NA,NA,NA,NA,NA,NA,-0.17,0.088,0.057,0.42,0.3,0.79,0.7,-0.015,0.15,0.92,0.36,0.32,0.28,72.5,<0.001,-0.00215,0.0035,0.55
BMI,Hippocampal Volume,5e-8,4,0.84,56.61,2,0.00058,0.013,0.96,0.05,0.12,0.03,0.052,0.00046,0.02,0.98,0.052,0.023,0.11,56.9,<0.001,-0.0102,0.0022,0.043,,,,,,,,,,,,,,,,,,
BMI,Hippocampal Volume,5e-8,NA,NA,NA,NA,NA,NA,NA,NA,NA,NA,NA,NA,NA,NA,NA,NA,NA,NA,NA,NA,NA,NA,-0.04,0.021,0.06,0.47,,,,,,,,,,,,,,
BMI,Hippocampal Volume,5e-6,16,1.91,32.61,3,-0.0011,0.0087,0.9,0.2,0.078,0.044,0.094,0.0083,0.014,0.56,0.039,0.019,0.062,72.5,<0.001,-0.00493,0.0025,0.071,,,,,,,,,,,,,,,,,,
BMI,Hippocampal Volume,5e-6,NA,NA,NA,NA,NA,NA,NA,NA,NA,NA,NA,NA,NA,NA,NA,NA,NA,NA,NA,NA,NA,NA,-0.0011,0.01,0.92,0.3,-0.02,0.072,0.78,0.0037,0.016,0.82,0.0031,0.028,0.91,28.8,0.018,0.00105,0.0038,0.79
BMI,LOAD,5e-8,7,0.69,53.65,2,-0.0075,0.0062,0.23,0.21,0.072,0.057,0.27,-0.0043,0.0085,0.61,-0.007,0.012,0.57,26.1,0.006,-0.00994,0.0071,0.22,,,,,,,,,,,,,,,,,,
BMI,LOAD,5e-8,NA,NA,NA,NA,NA,NA,NA,NA,NA,NA,NA,NA,NA,NA,NA,NA,NA,NA,NA,NA,NA,NA,-0.0076,0.0074,0.3,0.18,0.017,0.043,0.71,-0.0094,0.0091,0.3,-0.017,0.012,0.23,2.8,0.789,-0.00333,0.0057,0.6
BMI,LOAD,5e-6,20,1.25,34.27,4,-0.01,0.0046,0.026,0.6,0.0087,0.038,0.82,-0.0026,0.0073,0.72,-0.0063,0.0092,0.5,117.1,<0.001,-0.0021,0.004,0.61,,,,,,,,,,,,,,,,,,
BMI,LOAD,5e-6,NA,NA,NA,NA,NA,NA,NA,NA,NA,NA,NA,NA,NA,NA,NA,NA,NA,NA,NA,NA,NA,NA,-0.0027,0.0051,0.59,0.08,-0.048,0.024,0.065,-0.0018,0.0076,0.81,-0.0061,0.011,0.58,38.1,0.006,0.00524,0.0027,0.068
BMI,Neurofibrillary Tangles,5e-6,5,2.4,23.24,0,0.00015,0.0038,0.97,0.05,0.021,0.017,0.31,0.00069,0.0048,0.88,-0.0019,0.0067,0.79,5.6,0.464,-0.00562,0.0045,0.3,,,,,,,,,,,,,,,,,,
BMI,Ptau181,5e-8,4,4.37,35.85,0,0.062,0.026,0.016,0.67,0.073,0.27,0.81,0.034,0.035,0.32,0.0088,0.05,0.87,16.5,0.037,-0.000538,0.013,0.97,,,,,,,,,,,,,,,,,,
BMI,Ptau181,5e-6,10,9.1,31.37,4,0.036,0.018,0.05,0.46,0.029,0.15,0.85,0.013,0.029,0.65,0.01,0.036,0.78,53.1,<0.001,0.000269,0.0057,0.96,,,,,,,,,,,,,,,,,,
BMI,Ptau181,5e-6,NA,NA,NA,NA,NA,NA,NA,NA,NA,NA,NA,NA,NA,NA,NA,NA,NA,NA,NA,NA,NA,NA,0.024,0.023,0.29,0.19,-0.044,0.098,0.68,0.013,0.029,0.64,-3.8e-05,0.041,1,5.9,0.543,0.00288,0.004,0.52
BMI,Tau,5e-6,7,5.55,26.36,1,0.01,0.023,0.65,0.07,-0.052,0.21,0.82,-0.035,0.034,0.31,-0.066,0.071,0.38,24.3,0.01,0.00206,0.0069,0.78,,,,,,,,,,,,,,,,,,
BMI,Tau,5e-6,NA,NA,NA,NA,NA,NA,NA,NA,NA,NA,NA,NA,NA,NA,NA,NA,NA,NA,NA,NA,NA,NA,-0.015,0.025,0.54,0.09,0.12,0.18,0.53,-0.053,0.037,0.15,-0.07,0.073,0.38,15.9,0.054,-0.00477,0.006,0.47
Cigarettes per Day,AAOS,5e-6,36,2.17,24.72,0,0.0012,0.00071,0.092,0.39,0.00049,0.001,0.64,0.0022,0.001,0.034,0.0014,0.00086,0.12,36.9,0.486,0.000408,0.00043,0.35,,,,,,,,,,,,,,,,,,
Cigarettes per Day,AB42,5e-6,11,7.87,24.34,0,-0.0099,0.016,0.54,0.05,-0.061,0.051,0.26,0.015,0.024,0.53,0.0033,0.029,0.91,16.8,0.187,0.00194,0.0018,0.31,,,,,,,,,,,,,,,,,,
Cigarettes per Day,Cortical Surface Area,5e-8,12,2,57.18,1,-1.7e-07,5.1e-07,0.73,0.06,-2.8e-06,2.5e-06,0.28,-4.7e-07,7.8e-07,0.55,-5.1e-07,1.1e-06,0.65,34.5,0.001,0.00273,0.0024,0.28,,,,,,,,,,,,,,,,,,
Cigarettes per Day,Cortical Surface Area,5e-8,NA,NA,NA,NA,NA,NA,NA,NA,NA,NA,NA,NA,NA,NA,NA,NA,NA,NA,NA,NA,NA,NA,-5.1e-07,5.2e-07,0.33,0.18,-1.6e-06,2.2e-06,0.48,-6.3e-07,8.1e-07,0.44,8.2e-07,1.4e-06,0.58,22.2,0.071,0.00114,0.0022,0.61
Cigarettes per Day,Cortical Surface Area,5e-6,47,4.51,33.85,2,-1e-06,2.9e-07,0.00031,0.86,-1e-06,9.9e-07,0.3,-8.2e-07,5.3e-07,0.12,-5.3e-07,5.6e-07,0.35,103.3,<2e-04,9.51e-06,0.00089,0.99,,,,,,,,,,,,,,,,,,
Cigarettes per Day,Cortical Surface Area,5e-6,NA,NA,NA,NA,NA,NA,NA,NA,NA,NA,NA,NA,NA,NA,NA,NA,NA,NA,NA,NA,NA,NA,-9.6e-07,3e-07,0.0012,0.88,-5.2e-07,9e-07,0.56,-7.8e-07,5.1e-07,0.13,-5.3e-07,5.9e-07,0.38,78.4,0.003,-0.000437,8e-04,0.59
Cigarettes per Day,Cortical Thickness,5e-8,5,0.54,36.76,0,0.061,0.13,0.64,0.08,0.26,0.63,0.71,0.11,0.16,0.5,0.11,0.18,0.57,6.4,0.437,-0.00134,0.0041,0.76,,,,,,,,,,,,,,,,,,
Cigarettes per Day,Cortical Thickness,5e-6,38,2.78,25.38,0,-0.048,0.06,0.43,0.12,0.16,0.28,0.57,0.077,0.093,0.41,0.042,0.14,0.77,55,0.0546,-0.00106,0.0014,0.44,,,,,,,,,,,,,,,,,,
Cigarettes per Day,Hippocampal Volume,5e-8,6,1.32,59.54,0,0.017,0.0076,0.023,0.58,0.023,0.018,0.27,0.016,0.0095,0.088,0.015,0.011,0.21,5.6,0.564,-0.00058,0.0016,0.74,,,,,,,,,,,,,,,,,,
Cigarettes per Day,Hippocampal Volume,5e-6,25,2.98,32.86,0,-0.0049,0.0029,0.088,0.09,-0.0049,0.0053,0.37,-0.009,0.0042,0.031,-0.0089,0.0042,0.046,32.7,0.204,-5.49e-06,0.00065,0.99,,,,,,,,,,,,,,,,,,
Cigarettes per Day,LOAD,5e-8,14,1.32,51.76,2,-0.0018,0.0032,0.56,0.18,0.014,0.012,0.28,-3.1e-05,0.0044,0.99,-1.7e-05,0.0046,1,35.1,0.007,-0.00243,0.0017,0.19,,,,,,,,,,,,,,,,,,
Cigarettes per Day,LOAD,5e-8,NA,NA,NA,NA,NA,NA,NA,NA,NA,NA,NA,NA,NA,NA,NA,NA,NA,NA,NA,NA,NA,NA,-0.003,0.0033,0.37,0.34,0.0097,0.0083,0.27,-7e-04,0.0044,0.87,0.00037,0.005,0.94,11,0.612,-0.00207,0.0012,0.12
Cigarettes per Day,LOAD,5e-6,37,2.31,34.62,3,-0.00049,0.0018,0.79,0.06,-0.005,0.0053,0.35,-0.002,0.0027,0.45,-0.0021,0.0027,0.45,70.4,0.0016,0.000807,0.00084,0.34,,,,,,,,,,,,,,,,,,
Cigarettes per Day,LOAD,5e-6,NA,NA,NA,NA,NA,NA,NA,NA,NA,NA,NA,NA,NA,NA,NA,NA,NA,NA,NA,NA,NA,NA,-0.0014,0.0019,0.46,0.1,-0.0038,0.0039,0.34,-0.002,0.0029,0.49,-0.0024,0.0032,0.46,30.8,0.6764,0.000442,0.00064,0.49
Cigarettes per Day,Neuritic Plaques,5e-6,10,6.45,27.81,0,-8e-04,0.00042,0.057,0.23,-0.0015,0.0012,0.26,9.8e-05,0.00062,0.87,0.00028,0.00082,0.74,17.1,0.136,0.00102,0.0016,0.55,,,,,,,,,,,,,,,,,,
Cigarettes per Day,Neurofibrillary Tangles,5e-6,8,3.82,23.44,0,2.7e-05,0.00095,0.98,0.08,-0.00075,0.0015,0.63,-0.00044,0.0011,0.7,-4e-04,0.0011,0.72,9.2,0.523,0.000649,0.00097,0.53,,,,,,,,,,,,,,,,,,
Cigarettes per Day,Ptau181,5e-8,4,4.37,35.85,0,-0.0016,0.017,0.93,0.05,-0.076,0.16,0.67,-0.011,0.023,0.64,-0.02,0.033,0.59,10.4,0.122,0.00373,0.0077,0.68,,,,,,,,,,,,,,,,,,
Cigarettes per Day,Ptau181,5e-6,12,10.66,31.14,0,-0.012,0.0098,0.24,0.18,-0.0026,0.033,0.94,-0.023,0.014,0.09,-0.015,0.017,0.38,18.3,0.198,-0.000501,0.0017,0.77,,,,,,,,,,,,,,,,,,
Cigarettes per Day,Tau,5e-6,7,5.55,26.36,0,-0.034,0.019,0.073,0.29,-0.038,0.14,0.79,-0.051,0.027,0.062,-0.064,0.04,0.16,16.5,0.078,0.000131,0.0047,0.98,,,,,,,,,,,,,,,,,,
Depression,AAOS,5e-6,33,2.01,24.96,1,0.0089,0.0059,0.13,0.05,0.02,0.012,0.12,0.015,0.0088,0.082,0.018,0.011,0.11,68.2,4e-4,-0.00238,0.002,0.23,,,,,,,,,,,,,,,,,,
Depression,AAOS,5e-6,NA,NA,NA,NA,NA,NA,NA,NA,NA,NA,NA,NA,NA,NA,NA,NA,NA,NA,NA,NA,NA,NA,0.0054,0.006,0.37,0.08,0.022,0.011,0.053,0.015,0.0089,0.091,0.019,0.011,0.11,53,0.0206,-0.0035,0.0017,0.05
Depression,AB42,5e-6,11,7.87,24.34,1,0.029,0.054,0.58,0.08,-0.43,0.2,0.06,0.0046,0.073,0.95,0.0066,0.11,0.95,24.8,0.034,0.0129,0.0053,0.039,,,,,,,,,,,,,,,,,,
Depression,AB42,5e-6,NA,NA,NA,NA,NA,NA,NA,NA,NA,NA,NA,NA,NA,NA,NA,NA,NA,NA,NA,NA,NA,NA,-0.032,0.056,0.57,0.09,-0.26,0.18,0.19,0.00069,0.072,0.99,0.0062,0.12,0.96,6.7,0.816,0.00653,0.005,0.23
Depression,Cortical Surface Area,5e-8,12,2,57.18,2,-2.9e-06,1.2e-06,0.015,0.69,-5.1e-06,5.9e-06,0.41,-3.3e-06,1.7e-06,0.056,-3.6e-06,1.8e-06,0.068,31.4,0.004,0.00218,0.0056,0.7,,,,,,,,,,,,,,,,,,
Depression,Cortical Surface Area,5e-8,NA,NA,NA,NA,NA,NA,NA,NA,NA,NA,NA,NA,NA,NA,NA,NA,NA,NA,NA,NA,NA,NA,-4.6e-06,1.3e-06,0.00032,0.96,-4.9e-07,4.1e-06,0.91,-3.5e-06,1.8e-06,0.046,-3.4e-06,2.2e-06,0.16,13,0.323,-0.00425,0.004,0.32
Depression,Cortical Surface Area,5e-6,46,4.45,34.1,1,-2.6e-06,8e-07,0.0012,0.92,-4.9e-06,3.6e-06,0.17,-3e-06,1.4e-06,0.027,-3.7e-06,1.8e-06,0.047,103.3,<2e-04,0.00185,0.0027,0.49,,,,,,,,,,,,,,,,,,
Depression,Cortical Surface Area,5e-6,NA,NA,NA,NA,NA,NA,NA,NA,NA,NA,NA,NA,NA,NA,NA,NA,NA,NA,NA,NA,NA,NA,-2.3e-06,8.1e-07,0.0053,0.82,-4.9e-06,3.4e-06,0.16,-3e-06,1.3e-06,0.026,-3.6e-06,1.8e-06,0.058,92,2e-4,0.00207,0.0025,0.42
Depression,Cortical Thickness,5e-8,6,0.63,35.86,1,-0.41,0.3,0.17,0.32,-0.17,2.8,0.95,-0.076,0.45,0.87,0.29,0.6,0.65,23.6,0.007,-0.0014,0.016,0.93,,,,,,,,,,,,,,,,,,
Depression,Cortical Thickness,5e-8,NA,NA,NA,NA,NA,NA,NA,NA,NA,NA,NA,NA,NA,NA,NA,NA,NA,NA,NA,NA,NA,NA,-0.04,0.32,0.9,0.05,-1,2,0.64,0.15,0.42,0.72,0.56,0.6,0.4,10.7,0.133,0.00594,0.012,0.65
Depression,Cortical Thickness,5e-6,38,2.79,25.41,3,-0.099,0.15,0.5,0.13,-0.5,1,0.63,0.11,0.23,0.63,0.26,0.41,0.54,96.4,<2e-04,0.00189,0.0047,0.69,,,,,,,,,,,,,,,,,,
Depression,Cortical Thickness,5e-6,NA,NA,NA,NA,NA,NA,NA,NA,NA,NA,NA,NA,NA,NA,NA,NA,NA,NA,NA,NA,NA,NA,-0.0072,0.15,0.96,0.05,0.43,0.89,0.64,0.16,0.24,0.5,0.26,0.44,0.55,60.7,0.008,-0.00201,0.004,0.62
Depression,Hippocampal Volume,5e-8,6,1.32,59.54,0,-0.049,0.022,0.024,0.65,-0.018,0.056,0.76,-0.042,0.028,0.13,-0.035,0.033,0.34,5.5,0.584,-0.00256,0.0043,0.59,,,,,,,,,,,,,,,,,,
Depression,Hippocampal Volume,5e-6,23,2.8,33.61,0,-0.017,0.014,0.22,0.26,-0.029,0.036,0.43,-0.029,0.022,0.19,-0.039,0.032,0.24,32.9,0.117,0.000902,0.0025,0.72,,,,,,,,,,,,,,,,,,
Depression,LOAD,5e-8,13,1.25,52.52,0,0.0047,0.0093,0.62,0.08,-0.011,0.033,0.76,0.0016,0.012,0.89,0.00027,0.015,0.99,12.8,0.52,0.00192,0.004,0.64,,,,,,,,,,,,,,,,,,
Depression,LOAD,5e-6,36,2.24,34.39,2,0.00039,0.0069,0.95,0.05,0.015,0.03,0.62,0.0023,0.01,0.83,-0.0012,0.014,0.93,83.4,<2e-04,-0.00172,0.0033,0.61,,,,,,,,,,,,,,,,,,
Depression,LOAD,5e-6,NA,NA,NA,NA,NA,NA,NA,NA,NA,NA,NA,NA,NA,NA,NA,NA,NA,NA,NA,NA,NA,NA,-3.5e-05,0.0071,1,0.05,0.00023,0.027,0.99,0.0016,0.011,0.88,-0.0012,0.014,0.93,60.9,0.0062,-3.15e-05,0.003,0.99
Depression,Neuritic Plaques,5e-6,10,6.45,27.81,0,0.0026,0.0029,0.38,0.14,0.0063,0.0055,0.28,0.0048,0.0037,0.2,0.0048,0.005,0.37,9.3,0.597,-0.00381,0.0047,0.44,,,,,,,,,,,,,,,,,,
Depression,Neurofibrillary Tangles,5e-6,8,3.82,23.44,0,-0.0013,0.0057,0.81,0.11,0.013,0.014,0.38,0.0038,0.0078,0.62,0.0084,0.011,0.45,13.7,0.181,-0.00528,0.0044,0.28,,,,,,,,,,,,,,,,,,
Depression,Ptau181,5e-8,4,4.37,35.85,0,0.06,0.052,0.25,0.23,-0.42,0.28,0.27,0.11,0.065,0.11,0.12,0.087,0.26,10.3,0.133,0.0225,0.013,0.22,,,,,,,,,,,,,,,,,,
Depression,Ptau181,5e-6,12,10.66,31.14,0,0.017,0.034,0.62,0.07,-0.13,0.11,0.27,0.034,0.048,0.47,0.078,0.088,0.4,14.8,0.306,0.00613,0.0044,0.2,,,,,,,,,,,,,,,,,,
Depression,Tau,5e-6,7,5.55,26.36,0,0.018,0.047,0.7,0.07,-0.086,0.3,0.79,0.055,0.066,0.4,0.1,0.093,0.32,12.6,0.15,0.00345,0.0098,0.74,,,,,,,,,,,,,,,,,,
Diastolic Blood Pressure,AAOS,5e-6,30,1.83,25.02,1,0.025,0.031,0.43,0.21,-0.036,0.075,0.63,0.022,0.05,0.67,0.028,0.058,0.63,66.6,<0.001,0.0113,0.011,0.31,,,,,,,,,,,,,,,,,,
Diastolic Blood Pressure,AAOS,5e-6,NA,NA,NA,NA,NA,NA,NA,NA,NA,NA,NA,NA,NA,NA,NA,NA,NA,NA,NA,NA,NA,NA,0.04,0.032,0.21,0.51,-0.044,0.058,0.46,0.023,0.049,0.64,0.027,0.062,0.67,43.1,0.068,0.0156,0.0085,0.076
Diastolic Blood Pressure,AB42,5e-6,11,7.87,24.34,0,0.17,0.27,0.51,0.07,0.6,1,0.58,0.19,0.4,0.63,0.14,0.62,0.83,17.9,0.146,-0.0119,0.028,0.68,,,,,,,,,,,,,,,,,,
Diastolic Blood Pressure,Cortical Surface Area,5e-8,11,1.56,48.64,3,-5e-05,6.8e-06,1.5e-13,1,-2e-05,6.3e-05,0.76,-5.4e-05,1.2e-05,3.2e-06,-5.7e-05,1.5e-05,0.0035,64.9,<0.001,-0.0268,0.053,0.63,,,,,,,,,,,,,,,,,,
Diastolic Blood Pressure,Cortical Surface Area,5e-8,NA,NA,NA,NA,NA,NA,NA,NA,NA,NA,NA,NA,NA,NA,NA,NA,NA,NA,NA,NA,NA,NA,-6.1e-05,7.7e-06,1.7e-15,1,-3.8e-05,4.9e-05,0.47,-6.1e-05,1.1e-05,3.5e-08,-5.8e-05,1.5e-05,0.0055,22.6,0.031,-0.0215,0.043,0.64
Diastolic Blood Pressure,Cortical Surface Area,5e-6,44,3.94,31.4,8,-3.2e-05,4.2e-06,6.4e-14,1,-6.2e-05,3.3e-05,0.067,-3.4e-05,8.3e-06,4.5e-05,-4.7e-05,1.3e-05,0.001,241.5,<2e-04,0.0228,0.024,0.34,,,,,,,,,,,,,,,,,,
Diastolic Blood Pressure,Cortical Surface Area,5e-6,NA,NA,NA,NA,NA,NA,NA,NA,NA,NA,NA,NA,NA,NA,NA,NA,NA,NA,NA,NA,NA,NA,-3.8e-05,4.6e-06,4.1e-16,1,-3.7e-05,2.4e-05,0.14,-3.4e-05,7.7e-06,1e-05,-5.1e-05,1.6e-05,0.0031,99.3,<2e-04,-0.000151,0.018,0.99
Diastolic Blood Pressure,Cortical Thickness,5e-8,5,0.52,35.22,2,-2.1,1.7,0.22,0.21,-34,21,0.2,2.6,3,0.39,5.2,3,0.16,67.6,<0.001,0.179,0.11,0.21,,,,,,,,,,,,,,,,,,
Diastolic Blood Pressure,Cortical Thickness,5e-8,NA,NA,NA,NA,NA,NA,NA,NA,NA,NA,NA,NA,NA,NA,NA,NA,NA,NA,NA,NA,NA,NA,0.094,2.3,0.97,0.05,37,46,0.57,1.6,3.5,0.66,3.1,4.5,0.56,,,-0.186,0.23,0.57
Diastolic Blood Pressure,Cortical Thickness,5e-6,37,2.68,25.11,2,0.059,0.74,0.94,0.05,-7.6,6,0.22,0.68,1.2,0.58,1.1,2.7,0.69,119.8,<2e-04,0.035,0.027,0.2,,,,,,,,,,,,,,,,,,
Diastolic Blood Pressure,Cortical Thickness,5e-6,NA,NA,NA,NA,NA,NA,NA,NA,NA,NA,NA,NA,NA,NA,NA,NA,NA,NA,NA,NA,NA,NA,0.5,0.77,0.51,0.1,3.3,5.9,0.58,0.68,1.2,0.57,0.94,2.7,0.73,77.4,2e-4,-0.0127,0.026,0.63
Diastolic Blood Pressure,Hippocampal Volume,5e-8,6,1.32,59.54,0,0.11,0.11,0.31,0.17,0.41,0.28,0.22,0.047,0.14,0.75,-0.091,0.26,0.74,8.1,0.327,-0.0247,0.021,0.31,,,,,,,,,,,,,,,,,,
Diastolic Blood Pressure,Hippocampal Volume,5e-6,20,2.56,35.2,3,0.23,0.074,0.0015,0.9,-0.35,0.29,0.26,0.014,0.11,0.9,-0.051,0.14,0.72,72.1,<0.001,0.0442,0.02,0.043,,,,,,,,,,,,,,,,,,
Diastolic Blood Pressure,Hippocampal Volume,5e-6,NA,NA,NA,NA,NA,NA,NA,NA,NA,NA,NA,NA,NA,NA,NA,NA,NA,NA,NA,NA,NA,NA,0.061,0.078,0.43,0.13,0.15,0.19,0.45,-0.028,0.11,0.79,-0.081,0.21,0.7,14.8,0.664,-0.00704,0.014,0.63
Diastolic Blood Pressure,LOAD,5e-8,13,1.24,52.48,1,0.07,0.046,0.13,0.32,0.46,0.22,0.055,-0.007,0.073,0.92,-0.07,0.17,0.69,30.2,0.019,-0.05,0.026,0.085,,,,,,,,,,,,,,,,,,
Diastolic Blood Pressure,LOAD,5e-8,NA,NA,NA,NA,NA,NA,NA,NA,NA,NA,NA,NA,NA,NA,NA,NA,NA,NA,NA,NA,NA,NA,0.019,0.049,0.7,0.07,0.39,0.17,0.046,-0.023,0.073,0.76,-0.078,0.16,0.63,19.1,0.124,-0.0464,0.021,0.047
Diastolic Blood Pressure,LOAD,5e-6,33,2.12,35.48,3,0.055,0.035,0.12,0.36,0.026,0.2,0.9,-0.014,0.061,0.82,-0.091,0.13,0.48,115.5,<2e-04,0.0034,0.022,0.88,,,,,,,,,,,,,,,,,,
Diastolic Blood Pressure,LOAD,5e-6,NA,NA,NA,NA,NA,NA,NA,NA,NA,NA,NA,NA,NA,NA,NA,NA,NA,NA,NA,NA,NA,NA,0.028,0.037,0.45,0.13,0.099,0.16,0.55,-0.029,0.059,0.63,-0.1,0.12,0.43,63.9,0.002,-0.00828,0.018,0.65
Diastolic Blood Pressure,Neuritic Plaques,5e-6,10,6.45,27.81,0,0.021,0.014,0.14,0.27,0.027,0.03,0.4,0.025,0.019,0.2,0.038,0.034,0.29,12.6,0.329,-0.00598,0.026,0.82,,,,,,,,,,,,,,,,,,
Diastolic Blood Pressure,Neurofibrillary Tangles,5e-6,8,3.82,23.44,1,-0.0088,0.028,0.75,0.08,-0.0078,0.11,0.94,0.0081,0.04,0.84,0.0074,0.049,0.89,25.2,0.007,-0.000393,0.035,0.99,,,,,,,,,,,,,,,,,,
Diastolic Blood Pressure,Neurofibrillary Tangles,5e-6,NA,NA,NA,NA,NA,NA,NA,NA,NA,NA,NA,NA,NA,NA,NA,NA,NA,NA,NA,NA,NA,NA,0.022,0.029,0.44,0.13,0.024,0.07,0.75,0.017,0.04,0.68,0.0075,0.05,0.89,9.3,0.339,-0.00041,0.022,0.99
Diastolic Blood Pressure,Ptau181,5e-8,4,4.37,35.85,0,0.14,0.26,0.59,0.08,1.1,1.5,0.53,-0.04,0.31,0.9,-0.11,0.42,0.82,6,0.356,-0.0467,0.069,0.57,,,,,,,,,,,,,,,,,,
Diastolic Blood Pressure,Ptau181,5e-6,12,10.66,31.14,0,-0.13,0.17,0.45,0.14,-0.35,0.71,0.63,-0.097,0.25,0.69,-0.2,0.37,0.59,20.4,0.088,0.00931,0.028,0.75,,,,,,,,,,,,,,,,,,
Diastolic Blood Pressure,Tau,5e-6,7,5.55,26.36,0,0.082,0.23,0.72,0.07,0.0055,1.1,1,0.067,0.28,0.81,0.075,0.39,0.85,3.9,0.846,0.00254,0.037,0.95,,,,,,,,,,,,,,,,,,
Educational Attainment,AAOS,5e-6,35,2.11,24.79,5,-0.0027,0.0022,0.23,0.37,-0.0013,0.0062,0.83,-0.0014,0.0037,0.71,-0.0022,0.0045,0.63,126.5,<2e-04,-0.000318,0.001,0.76,,,,,,,,,,,,,,,,,,
Educational Attainment,AAOS,5e-6,NA,NA,NA,NA,NA,NA,NA,NA,NA,NA,NA,NA,NA,NA,NA,NA,NA,NA,NA,NA,NA,NA,-0.0017,0.0024,0.48,0.06,-0.0025,0.0043,0.57,-0.0014,0.0036,0.69,-0.0024,0.0048,0.62,51.5,0.008,0.000214,0.00078,0.79
Educational Attainment,AB42,5e-6,11,7.87,24.34,1,0.015,0.023,0.51,0.14,-0.14,0.14,0.37,0.022,0.038,0.56,0.029,0.055,0.61,53.5,<0.001,0.00435,0.0039,0.29,,,,,,,,,,,,,,,,,,
Educational Attainment,AB42,5e-6,NA,NA,NA,NA,NA,NA,NA,NA,NA,NA,NA,NA,NA,NA,NA,NA,NA,NA,NA,NA,NA,NA,0.054,0.024,0.028,0.72,0.051,0.14,0.74,0.038,0.037,0.31,0.031,0.051,0.56,28.6,0.005,8.35e-05,0.0037,0.98
Educational Attainment,Cortical Surface Area,5e-8,8,1.11,47.26,0,8e-06,6.5e-07,8e-35,1,5.4e-06,2.8e-06,0.1,7.2e-06,9.5e-07,3.1e-14,6.9e-06,1.3e-06,0.0011,7,0.788,0.00223,0.0023,0.37,,,,,,,,,,,,,,,,,,
Educational Attainment,Cortical Surface Area,5e-6,40,3.39,29.56,3,4.3e-06,3.7e-07,9.7e-32,1,7.2e-06,2.8e-06,0.015,5.1e-06,7.5e-07,1.1e-11,7e-06,1.3e-06,5.8e-06,193.9,<2e-04,-0.00212,0.002,0.29,,,,,,,,,,,,,,,,,,
Educational Attainment,Cortical Surface Area,5e-6,NA,NA,NA,NA,NA,NA,NA,NA,NA,NA,NA,NA,NA,NA,NA,NA,NA,NA,NA,NA,NA,NA,5.1e-06,3.8e-07,1.8e-40,1,5.7e-06,2.4e-06,0.023,5.9e-06,6.8e-07,8.3e-18,7.3e-06,1.4e-06,1.3e-05,120.2,<2e-04,-0.000451,0.0017,0.79
Educational Attainment,Cortical Thickness,5e-8,5,0.52,35.22,3,0.63,0.13,3.2e-06,1,1.5,1.9,0.5,0.5,0.2,0.01,-0.32,0.46,0.53,53.6,<0.001,-0.0049,0.011,0.68,,,,,,,,,,,,,,,,,,
Educational Attainment,Cortical Thickness,5e-8,NA,NA,NA,NA,NA,NA,NA,NA,NA,NA,NA,NA,NA,NA,NA,NA,NA,NA,NA,NA,NA,NA,1.2,0.23,7.2e-08,1,,,,,,,,,,,,,,
Educational Attainment,Cortical Thickness,5e-6,33,2.41,25.19,9,0.09,0.064,0.16,0.29,1.7,0.71,0.02,0.047,0.12,0.69,-0.013,0.19,0.95,210.2,<2e-04,-0.00753,0.0032,0.024,,,,,,,,,,,,,,,,,,
Educational Attainment,Cortical Thickness,5e-6,NA,NA,NA,NA,NA,NA,NA,NA,NA,NA,NA,NA,NA,NA,NA,NA,NA,NA,NA,NA,NA,NA,0.098,0.077,0.2,0.25,0.019,0.61,0.98,0.049,0.12,0.67,-0.037,0.2,0.86,49.6,0.005,0.000357,0.0027,0.9
Educational Attainment,Hippocampal Volume,5e-8,5,1.15,62.42,0,0.0095,0.0092,0.3,0.17,0.018,0.045,0.71,0.031,0.014,0.028,0.036,0.019,0.13,21.2,0.012,-0.00078,0.0037,0.85,,,,,,,,,,,,,,,,,,
Educational Attainment,Hippocampal Volume,5e-6,10,1.91,26.59,3,3.3e-05,1.8e-05,0.063,0.49,4.7e-05,9.2e-05,0.62,5.2e-05,2.8e-05,0.063,5.3e-05,4.6e-05,0.28,39.7,<0.001,-0.000511,0.0031,0.87,,,,,,,,,,,,,,,,,,
Educational Attainment,Hippocampal Volume,5e-6,NA,NA,NA,NA,NA,NA,NA,NA,NA,NA,NA,NA,NA,NA,NA,NA,NA,NA,NA,NA,NA,NA,6.5e-05,2.2e-05,0.0027,0.83,7.8e-05,5.3e-05,0.2,5.8e-05,2.8e-05,0.038,5.1e-05,4.2e-05,0.27,6,0.663,-0.000498,0.0019,0.8
Educational Attainment,Hippocampal Volume,5e-6,23,2.72,32.55,3,0.022,0.0057,9.7e-05,0.98,-0.015,0.019,0.44,0.023,0.0098,0.017,0.028,0.022,0.21,73.7,<0.001,0.00304,0.0014,0.036,,,,,,,,,,,,,,,,,,
Educational Attainment,Hippocampal Volume,5e-6,NA,NA,NA,NA,NA,NA,NA,NA,NA,NA,NA,NA,NA,NA,NA,NA,NA,NA,NA,NA,NA,NA,0.02,0.0062,0.0012,0.93,0.0057,0.016,0.73,0.027,0.0095,0.0045,0.033,0.019,0.091,34.5,0.04,0.00122,0.0012,0.31
Educational Attainment,LOAD,5e-8,11,0.91,53.41,3,-0.0057,0.0035,0.098,0.44,0.0049,0.025,0.85,0.0012,0.0051,0.82,0.0041,0.0053,0.46,60.2,<0.001,-0.00167,0.0037,0.66,,,,,,,,,,,,,,,,,,
Educational Attainment,LOAD,5e-8,NA,NA,NA,NA,NA,NA,NA,NA,NA,NA,NA,NA,NA,NA,NA,NA,NA,NA,NA,NA,NA,NA,0.00031,0.0039,0.94,0.05,-0.0047,0.014,0.75,0.0044,0.0052,0.39,0.0081,0.0078,0.34,10,0.37,0.000868,0.0024,0.73
Educational Attainment,LOAD,5e-6,32,1.68,34.21,5,-0.00023,0.0025,0.93,0.05,-0.0032,0.013,0.8,0.0036,0.0038,0.35,0.0046,0.0049,0.35,126.5,<2e-04,0.000414,0.0016,0.8,,,,,,,,,,,,,,,,,,
Educational Attainment,LOAD,5e-6,NA,NA,NA,NA,NA,NA,NA,NA,NA,NA,NA,NA,NA,NA,NA,NA,NA,NA,NA,NA,NA,NA,0.0034,0.0027,0.2,0.28,-0.0047,0.0083,0.57,0.004,0.0038,0.29,0.0045,0.0058,0.44,42.7,0.046,0.00118,0.0011,0.29
Educational Attainment,Neuritic Plaques,5e-6,10,6.45,27.81,0,-0.0021,0.0011,0.067,0.4,-0.0066,0.0024,0.024,-0.0015,0.0016,0.36,-0.00097,0.0024,0.7,19.4,0.082,0.00459,0.002,0.055,,,,,,,,,,,,,,,,,,
Educational Attainment,Neurofibrillary Tangles,5e-6,8,3.82,23.44,0,0.00064,0.0022,0.77,0.05,0.0044,0.0045,0.37,0.0022,0.003,0.46,0.0035,0.0038,0.38,8.8,0.46,-0.00142,0.0015,0.38,,,,,,,,,,,,,,,,,,
Educational Attainment,Ptau181,5e-8,4,4.37,35.85,1,0.021,0.021,0.32,0.17,0.19,0.22,0.49,-0.0013,0.029,0.97,-0.016,0.038,0.7,23.6,0.006,-0.00778,0.01,0.53,,,,,,,,,,,,,,,,,,
Educational Attainment,Ptau181,5e-8,NA,NA,NA,NA,NA,NA,NA,NA,NA,NA,NA,NA,NA,NA,NA,NA,NA,NA,NA,NA,NA,NA,-0.023,0.025,0.35,0.18,0.083,0.11,0.58,-0.015,0.032,0.64,-0.0068,0.037,0.87,,,-0.00482,0.0048,0.5
Educational Attainment,Ptau181,5e-6,11,9.94,31.46,2,0.014,0.014,0.33,0.15,0.052,0.077,0.52,0.012,0.021,0.58,0.0021,0.031,0.95,31,0.004,-0.0017,0.0033,0.61,,,,,,,,,,,,,,,,,,
Educational Attainment,Ptau181,5e-6,NA,NA,NA,NA,NA,NA,NA,NA,NA,NA,NA,NA,NA,NA,NA,NA,NA,NA,NA,NA,NA,NA,-0.018,0.016,0.25,0.22,0.037,0.049,0.48,-0.0077,0.021,0.71,0.0062,0.031,0.85,6.4,0.767,-0.00243,0.0021,0.28
Educational Attainment,Tau,5e-6,7,5.55,26.36,0,-0.029,0.019,0.12,0.38,0.1,0.16,0.55,-0.019,0.029,0.51,-0.0011,0.045,0.98,22,0.011,-0.00433,0.0051,0.44,,,,,,,,,,,,,,,,,,
Fish and Plant diet,AAOS,5e-6,36,2.17,24.72,0,-0.0014,0.0038,0.72,0.06,-0.0066,0.0057,0.25,-6.1e-05,0.0059,0.99,-0.0088,0.0095,0.36,32.3,0.6754,0.00118,0.00093,0.21,,,,,,,,,,,,,,,,,,
Fish and Plant diet,AB42,5e-6,11,7.87,24.34,0,0.03,0.037,0.42,0.15,0.091,0.13,0.51,0.046,0.052,0.38,-0.075,0.1,0.48,15.7,0.215,-0.00175,0.0035,0.63,,,,,,,,,,,,,,,,,,
Fish and Plant diet,Cortical Surface Area,5e-8,11,1.89,59.08,1,1.8e-06,8.5e-07,0.03,0.58,5.1e-06,3.9e-06,0.22,3e-06,1.4e-06,0.025,4.1e-06,1.7e-06,0.039,31.4,0.005,-0.00326,0.0037,0.4,,,,,,,,,,,,,,,,,,
Fish and Plant diet,Cortical Surface Area,5e-8,NA,NA,NA,NA,NA,NA,NA,NA,NA,NA,NA,NA,NA,NA,NA,NA,NA,NA,NA,NA,NA,NA,3e-06,9.2e-07,0.0013,0.89,8.6e-06,2.7e-06,0.014,3.2e-06,1.3e-06,0.013,4.1e-06,1.5e-06,0.022,17.2,0.144,-0.00553,0.0025,0.059
Fish and Plant diet,Cortical Surface Area,5e-6,42,4.13,34.53,2,2.6e-06,5.7e-07,4.3e-06,1,1.5e-06,2.3e-06,0.51,2.7e-06,9.4e-07,0.0043,2.7e-06,1.7e-06,0.11,87.3,<2e-04,0.000903,0.0017,0.61,,,,,,,,,,,,,,,,,,
Fish and Plant diet,Cortical Surface Area,5e-6,NA,NA,NA,NA,NA,NA,NA,NA,NA,NA,NA,NA,NA,NA,NA,NA,NA,NA,NA,NA,NA,NA,2.9e-06,5.9e-07,1.3e-06,1,2.7e-06,2.1e-06,0.21,2.9e-06,9.1e-07,0.0015,2.8e-06,1.4e-06,0.06,64.8,0.0136,9.88e-05,0.0016,0.95
Fish and Plant diet,Cortical Thickness,5e-8,6,0.63,35.86,1,-0.48,0.21,0.021,0.61,1.9,2,0.4,-0.56,0.32,0.086,-0.9,0.53,0.15,33.7,0.001,-0.0139,0.011,0.29,,,,,,,,,,,,,,,,,,
Fish and Plant diet,Cortical Thickness,5e-8,NA,NA,NA,NA,NA,NA,NA,NA,NA,NA,NA,NA,NA,NA,NA,NA,NA,NA,NA,NA,NA,NA,-0.81,0.23,0.00036,0.92,-1.1,2.7,0.71,-0.73,0.36,0.041,-1,0.54,0.14,15.3,0.07,0.00152,0.015,0.92
Fish and Plant diet,Cortical Thickness,5e-6,37,2.72,25.49,2,-0.00037,0.1,1,0.05,-0.19,0.8,0.82,-0.009,0.17,0.96,-0.25,0.39,0.53,107.6,<2e-04,0.000851,0.0036,0.81,,,,,,,,,,,,,,,,,,
Fish and Plant diet,Cortical Thickness,5e-6,NA,NA,NA,NA,NA,NA,NA,NA,NA,NA,NA,NA,NA,NA,NA,NA,NA,NA,NA,NA,NA,NA,0.014,0.11,0.9,0.05,0.68,0.75,0.37,0.015,0.17,0.93,-0.25,0.38,0.52,76,2e-4,-0.00301,0.0033,0.37
Fish and Plant diet,Hippocampal Volume,5e-8,6,1.32,59.54,0,0.03,0.015,0.042,0.53,0.1,0.038,0.059,0.04,0.02,0.048,0.05,0.026,0.11,11.6,0.156,-0.0059,0.003,0.12,,,,,,,,,,,,,,,,,,
Fish and Plant diet,Hippocampal Volume,5e-6,22,2.73,34.12,0,0.022,0.0097,0.025,0.68,0.0051,0.03,0.86,0.019,0.015,0.2,0.019,0.023,0.41,46.2,0.004,0.00137,0.0022,0.53,,,,,,,,,,,,,,,,,,
Fish and Plant diet,LOAD,5e-8,15,1.38,50.67,1,0.00018,0.006,0.98,0.05,0.007,0.039,0.86,-0.0016,0.0087,0.85,-0.00078,0.012,0.95,45.7,0.001,-0.000831,0.0046,0.86,,,,,,,,,,,,,,,,,,
Fish and Plant diet,LOAD,5e-8,NA,NA,NA,NA,NA,NA,NA,NA,NA,NA,NA,NA,NA,NA,NA,NA,NA,NA,NA,NA,NA,NA,-0.0074,0.0062,0.23,0.22,0.027,0.023,0.26,-0.0018,0.0084,0.83,-0.0019,0.014,0.89,16.5,0.351,-0.00428,0.0027,0.14
Fish and Plant diet,LOAD,5e-6,36,2.28,35.13,1,-0.00039,0.0047,0.93,0.05,-0.0032,0.021,0.88,-0.0017,0.0074,0.81,-0.00071,0.011,0.95,88.5,<2e-04,0.000331,0.0024,0.89,,,,,,,,,,,,,,,,,,
Fish and Plant diet,LOAD,5e-6,NA,NA,NA,NA,NA,NA,NA,NA,NA,NA,NA,NA,NA,NA,NA,NA,NA,NA,NA,NA,NA,NA,-0.0049,0.0048,0.3,0.16,1.6e-05,0.018,1,-0.0019,0.0076,0.81,-0.00081,0.012,0.94,60.7,0.0084,-0.00059,0.002,0.77
Fish and Plant diet,Neuritic Plaques,5e-6,10,6.45,27.81,0,-0.00073,0.0019,0.7,0.08,0.0055,0.0051,0.31,-0.00027,0.0027,0.92,0.0017,0.0032,0.61,22.8,0.027,-0.00638,0.0044,0.19,,,,,,,,,,,,,,,,,,
Fish and Plant diet,Neurofibrillary Tangles,5e-6,9,4.31,23.63,0,-0.0021,0.0016,0.2,0.05,-0.0026,0.0026,0.35,-0.0033,0.0021,0.11,-0.0033,0.0019,0.12,29.8,0.068,0.000726,0.002,0.73,,,,,,,,,,,,,,,,,,
Fish and Plant diet,Ptau181,5e-8,4,4.37,35.85,0,-0.057,0.036,0.11,0.35,-0.043,0.18,0.83,-0.05,0.041,0.22,-0.03,0.056,0.63,1.6,0.817,-0.000635,0.0081,0.94,,,,,,,,,,,,,,,,,,
Fish and Plant diet,Ptau181,5e-6,12,10.66,31.14,0,-0.03,0.024,0.21,0.26,-0.057,0.076,0.47,-0.025,0.033,0.45,-0.028,0.046,0.56,11.7,0.563,0.00116,0.003,0.71,,,,,,,,,,,,,,,,,,
Fish and Plant diet,Tau,5e-6,7,5.55,26.36,0,0.0083,0.032,0.8,0.06,-0.26,0.18,0.21,-0.027,0.043,0.53,-0.044,0.053,0.44,12.7,0.149,0.0088,0.0058,0.19,,,,,,,,,,,,,,,,,,
Hearing Difficulties,AAOS,5e-6,32,1.94,24.83,0,-0.00063,0.0022,0.78,0.05,0.00043,0.0042,0.92,-0.0017,0.0035,0.63,-0.0023,0.0039,0.55,49.9,0.035,-0.000219,0.00066,0.74,,,,,,,,,,,,,,,,,,
Hearing Difficulties,AB42,5e-6,11,7.87,24.34,0,-0.013,0.02,0.52,0.13,-0.12,0.085,0.2,0.015,0.03,0.62,0.05,0.054,0.38,24.6,0.023,0.00298,0.0023,0.22,,,,,,,,,,,,,,,,,,
Hearing Difficulties,Cortical Surface Area,5e-8,12,2,57.18,1,-2e-06,4.5e-07,1.5e-05,0.99,-4.1e-06,1.7e-06,0.038,-1.1e-06,7.3e-07,0.15,-4.2e-07,1.5e-06,0.79,26.9,0.031,0.00209,0.0016,0.22,,,,,,,,,,,,,,,,,,
Hearing Difficulties,Cortical Surface Area,5e-8,NA,NA,NA,NA,NA,NA,NA,NA,NA,NA,NA,NA,NA,NA,NA,NA,NA,NA,NA,NA,NA,NA,-1.1e-06,5.2e-07,0.029,0.6,3.1e-08,2e-06,0.99,-6.6e-07,7.2e-07,0.36,-4.1e-07,1e-06,0.7,10,0.595,-0.00102,0.0017,0.55
Hearing Difficulties,Cortical Surface Area,5e-6,47,4.51,33.85,4,-1.1e-06,3e-07,0.00013,0.96,-5e-06,1.4e-06,0.00081,-8.1e-07,5.1e-07,0.11,-7.5e-07,1e-06,0.47,144.1,<2e-04,0.00309,0.001,0.005,,,,,,,,,,,,,,,,,,
Hearing Difficulties,Cortical Surface Area,5e-6,NA,NA,NA,NA,NA,NA,NA,NA,NA,NA,NA,NA,NA,NA,NA,NA,NA,NA,NA,NA,NA,NA,-9e-07,3.2e-07,0.0055,0.79,-3.3e-06,1.4e-06,0.028,-6.7e-07,4.9e-07,0.18,-7.2e-07,8.3e-07,0.39,85.9,4e-4,0.00182,0.001,0.089
Hearing Difficulties,Cortical Thickness,5e-8,6,0.63,35.86,2,0.24,0.11,0.036,0.48,0.73,1.4,0.63,0.16,0.17,0.35,0.13,0.28,0.65,44.4,<0.001,-0.00287,0.0079,0.73,,,,,,,,,,,,,,,,,,
Hearing Difficulties,Cortical Thickness,5e-8,NA,NA,NA,NA,NA,NA,NA,NA,NA,NA,NA,NA,NA,NA,NA,NA,NA,NA,NA,NA,NA,NA,0.093,0.14,0.51,0.11,-0.64,0.59,0.39,0.16,0.17,0.36,0.2,0.26,0.5,6.3,0.312,0.00424,0.0033,0.33
Hearing Difficulties,Cortical Thickness,5e-6,39,2.88,25.57,3,0.083,0.053,0.12,0.2,0.78,0.39,0.049,0.077,0.086,0.37,0.18,0.2,0.36,122.5,<2e-04,-0.00332,0.0018,0.069,,,,,,,,,,,,,,,,,,
Hearing Difficulties,Cortical Thickness,5e-6,NA,NA,NA,NA,NA,NA,NA,NA,NA,NA,NA,NA,NA,NA,NA,NA,NA,NA,NA,NA,NA,NA,-0.0045,0.057,0.94,0.06,-0.15,0.31,0.63,0.044,0.086,0.61,0.22,0.19,0.27,51,0.0648,0.000671,0.0014,0.64
Hearing Difficulties,Hippocampal Volume,5e-8,6,1.32,59.54,0,-0.01,0.0081,0.22,0.24,0.0017,0.029,0.96,-0.0067,0.011,0.54,-0.00023,0.015,0.99,11.4,0.171,-0.000977,0.0023,0.69,,,,,,,,,,,,,,,,,,
Hearing Difficulties,Hippocampal Volume,5e-6,22,2.72,33.99,0,-0.0018,0.0053,0.74,0.06,-0.0053,0.018,0.77,0.0016,0.0082,0.85,0.0015,0.011,0.89,46.1,0.006,0.000266,0.0012,0.83,,,,,,,,,,,,,,,,,,
Hearing Difficulties,LOAD,5e-8,15,1.38,50.67,0,0.0067,0.0033,0.04,0.56,0.036,0.015,0.034,0.015,0.0049,0.002,0.017,0.0067,0.022,29.7,0.034,-0.00354,0.0018,0.067,,,,,,,,,,,,,,,,,,
Hearing Difficulties,LOAD,5e-6,37,2.34,34.98,0,0.0017,0.0025,0.5,0.12,0.0068,0.01,0.51,0.0053,0.004,0.19,0.015,0.0069,0.042,75.3,6e-4,-0.000613,0.0012,0.6,,,,,,,,,,,,,,,,,,
Hearing Difficulties,Neuritic Plaques,5e-6,10,6.45,27.81,0,0.0016,0.001,0.13,0.3,0.0029,0.002,0.18,0.0025,0.0013,0.062,0.0031,0.0019,0.14,9.3,0.563,-0.00136,0.0017,0.45,,,,,,,,,,,,,,,,,,
Hearing Difficulties,Neurofibrillary Tangles,5e-6,9,4.31,23.63,0,0.00047,0.00084,0.58,0.11,9e-05,0.0011,0.94,0.00039,0.00097,0.69,0.00031,0.00097,0.75,11.8,0.467,0.000601,0.00088,0.52,,,,,,,,,,,,,,,,,,
Hearing Difficulties,Ptau181,5e-8,4,4.37,35.85,1,0.055,0.019,0.005,0.81,-0.21,0.13,0.25,0.03,0.027,0.28,0.02,0.028,0.53,21.5,0.013,0.0124,0.006,0.17,,,,,,,,,,,,,,,,,,
Hearing Difficulties,Ptau181,5e-8,NA,NA,NA,NA,NA,NA,NA,NA,NA,NA,NA,NA,NA,NA,NA,NA,NA,NA,NA,NA,NA,NA,0.018,0.022,0.42,0.12,0.19,0.24,0.58,0.021,0.027,0.43,0.03,0.032,0.45,,,-0.0089,0.013,0.61
Hearing Difficulties,Ptau181,5e-6,12,10.66,31.14,1,0.02,0.013,0.12,0.36,0.04,0.063,0.54,0.019,0.019,0.31,0.025,0.024,0.32,28.7,0.006,-0.000832,0.0025,0.75,,,,,,,,,,,,,,,,,,
Hearing Difficulties,Ptau181,5e-6,NA,NA,NA,NA,NA,NA,NA,NA,NA,NA,NA,NA,NA,NA,NA,NA,NA,NA,NA,NA,NA,NA,0.0026,0.014,0.85,0.05,0.058,0.041,0.19,0.013,0.017,0.45,0.023,0.026,0.4,9.6,0.625,-0.00241,0.0017,0.19
Hearing Difficulties,Tau,5e-6,7,5.55,26.36,1,0.051,0.018,0.0041,0.83,0.23,0.11,0.079,0.027,0.026,0.29,0.019,0.044,0.68,20,0.026,-0.00606,0.0035,0.14,,,,,,,,,,,,,,,,,,
Hearing Difficulties,Tau,5e-6,NA,NA,NA,NA,NA,NA,NA,NA,NA,NA,NA,NA,NA,NA,NA,NA,NA,NA,NA,NA,NA,NA,0.016,0.021,0.43,0.13,0.083,0.11,0.48,0.023,0.025,0.34,0.026,0.039,0.53,2.6,0.874,-0.00208,0.0033,0.56
High-density lipoproteins,AAOS,5e-6,21,1.28,24.76,0,0.00016,0.012,0.99,0.05,-0.039,0.036,0.3,-0.007,0.018,0.7,-0.0039,0.022,0.86,36.5,0.04,0.00479,0.004,0.25,,,,,,,,,,,,,,,,,,
High-density lipoproteins,AB42,5e-6,9,6.52,24.29,0,-0.12,0.081,0.14,0.25,-0.11,0.28,0.71,-0.17,0.11,0.12,-0.21,0.18,0.27,8,0.597,-0.000283,0.0072,0.97,,,,,,,,,,,,,,,,,,
High-density lipoproteins,Cortical Surface Area,5e-8,11,1.73,53.83,0,5.8e-07,1.8e-06,0.75,0.09,-9.4e-07,6.9e-06,0.9,-7e-08,2.5e-06,0.98,4.8e-07,2.9e-06,0.87,17.1,0.171,0.00143,0.0062,0.82,,,,,,,,,,,,,,,,,,
High-density lipoproteins,Cortical Surface Area,5e-6,34,3.39,34.78,0,-5.2e-07,1.3e-06,0.68,0.05,5.7e-07,5.6e-06,0.92,-2.3e-07,2e-06,0.91,5.8e-07,2.6e-06,0.83,61.6,0.0066,-0.000826,0.0041,0.84,,,,,,,,,,,,,,,,,,
High-density lipoproteins,Cortical Thickness,5e-8,5,0.54,36.76,0,0.48,0.43,0.26,0.21,-0.38,2.1,0.87,0.18,0.52,0.73,0.12,0.63,0.86,3,0.755,0.00537,0.013,0.7,,,,,,,,,,,,,,,,,,
High-density lipoproteins,Cortical Thickness,5e-6,30,2.23,25.58,0,0.17,0.23,0.45,0.14,0.63,1.3,0.64,0.15,0.33,0.65,0.081,0.58,0.89,50.3,0.028,-0.00212,0.006,0.72,,,,,,,,,,,,,,,,,,
High-density lipoproteins,Hippocampal Volume,5e-8,4,0.84,56.61,0,-0.016,0.037,0.66,0.07,-0.022,0.085,0.82,-0.01,0.043,0.81,-0.0083,0.048,0.87,1.9,0.793,0.000473,0.0062,0.95,,,,,,,,,,,,,,,,,,
High-density lipoproteins,Hippocampal Volume,5e-6,16,1.91,32.61,0,-0.0099,0.024,0.68,0.06,-0.06,0.07,0.41,-0.009,0.035,0.8,-0.0043,0.042,0.92,17.4,0.432,0.00301,0.0039,0.46,,,,,,,,,,,,,,,,,,
High-density lipoproteins,LOAD,5e-8,7,0.69,53.65,0,-0.014,0.018,0.42,0.12,-0.0038,0.13,0.98,-0.025,0.023,0.26,-0.035,0.033,0.33,10.1,0.281,-0.00129,0.015,0.94,,,,,,,,,,,,,,,,,,
High-density lipoproteins,LOAD,5e-6,21,1.29,33.81,0,-0.018,0.013,0.16,0.24,-0.051,0.048,0.3,-0.025,0.019,0.18,-0.031,0.03,0.32,26.4,0.255,0.00369,0.0051,0.48,,,,,,,,,,,,,,,,,,
High-density lipoproteins,Neurofibrillary Tangles,5e-6,5,2.4,23.24,0,-0.00033,0.01,0.97,0.05,0.029,0.041,0.53,-0.0022,0.012,0.86,-0.00043,0.016,0.98,2.4,0.827,-0.00842,0.011,0.51,,,,,,,,,,,,,,,,,,
High-density lipoproteins,Ptau181,5e-8,4,4.37,35.85,0,-0.031,0.073,0.66,0.07,0.34,0.49,0.56,-0.051,0.089,0.56,-0.15,0.15,0.39,8.8,0.186,-0.0171,0.022,0.52,,,,,,,,,,,,,,,,,,
High-density lipoproteins,Ptau181,5e-6,10,9.1,31.37,0,-0.075,0.052,0.15,0.28,0.33,0.21,0.15,-0.003,0.07,0.97,0.017,0.11,0.88,19.9,0.07,-0.0163,0.0079,0.073,,,,,,,,,,,,,,,,,,
High-density lipoproteins,Tau,5e-6,7,5.55,26.36,0,-0.018,0.065,0.78,0.05,-0.28,0.32,0.43,-0.038,0.083,0.64,-0.095,0.12,0.44,5.7,0.661,0.00862,0.011,0.45,,,,,,,,,,,,,,,,,,
Insomnia Symptoms,AAOS,5e-6,32,1.95,24.98,2,-0.00041,0.00043,0.34,0.05,-0.0015,0.00096,0.13,-0.00042,0.00059,0.48,-0.00072,5e-04,0.16,90,<2e-04,0.000575,0.00035,0.11,,,,,,,,,,,,,,,,,,
Insomnia Symptoms,AAOS,5e-6,NA,NA,NA,NA,NA,NA,NA,NA,NA,NA,NA,NA,NA,NA,NA,NA,NA,NA,NA,NA,NA,NA,-6e-04,0.00043,0.16,0.06,-0.00093,0.00073,0.21,-0.00042,0.00059,0.47,-0.00071,0.00046,0.14,44.3,0.055,0.000181,0.00027,0.51
Insomnia Symptoms,AB42,5e-6,11,7.87,24.34,0,0.0073,0.008,0.36,0.05,0.0089,0.025,0.73,0.0012,0.011,0.91,-0.0076,0.015,0.62,14,0.33,-5.98e-05,0.00085,0.95,,,,,,,,,,,,,,,,,,
Insomnia Symptoms,Cortical Surface Area,5e-8,11,1.72,53.7,3,-1.2e-06,2.7e-07,1.2e-05,0.23,7.4e-08,2.1e-06,0.97,-6.3e-07,4.2e-07,0.13,-8e-07,4e-07,0.075,82.9,<0.001,-0.0013,0.002,0.54,,,,,,,,,,,,,,,,,,
Insomnia Symptoms,Cortical Surface Area,5e-8,NA,NA,NA,NA,NA,NA,NA,NA,NA,NA,NA,NA,NA,NA,NA,NA,NA,NA,NA,NA,NA,NA,-1e-06,2.9e-07,0.00041,0.16,5.8e-08,1.4e-06,0.97,-5.6e-07,4.3e-07,0.19,-3.5e-07,4.7e-07,0.48,26.1,0.007,-0.00122,0.0015,0.45
Insomnia Symptoms,Cortical Surface Area,5e-6,46,4.24,32.4,5,-1.1e-06,1.5e-07,8e-15,0.52,-6.6e-08,6.8e-07,0.92,-2.5e-07,2.7e-07,0.35,-3.7e-07,2.3e-07,0.11,197.8,<2e-04,-0.00106,6e-04,0.086,,,,,,,,,,,,,,,,,,
Insomnia Symptoms,Cortical Surface Area,5e-6,NA,NA,NA,NA,NA,NA,NA,NA,NA,NA,NA,NA,NA,NA,NA,NA,NA,NA,NA,NA,NA,NA,-9.6e-07,1.5e-07,2.8e-10,0.36,-2.1e-07,5.3e-07,0.69,-2.4e-07,2.8e-07,0.39,-3.3e-07,2.4e-07,0.18,106.1,<2e-04,-0.000758,0.00048,0.13
Insomnia Symptoms,Cortical Thickness,5e-8,5,0.54,36.76,2,-0.0012,0.061,0.98,0.05,0.061,0.71,0.94,-0.034,0.088,0.7,-0.027,0.1,0.8,30.9,<0.001,-0.000417,0.0047,0.93,,,,,,,,,,,,,,,,,,
Insomnia Symptoms,Cortical Thickness,5e-8,NA,NA,NA,NA,NA,NA,NA,NA,NA,NA,NA,NA,NA,NA,NA,NA,NA,NA,NA,NA,NA,NA,0.012,0.071,0.87,0.05,0.054,0.89,0.96,-0.035,0.088,0.69,-0.06,0.098,0.61,,,-0.00032,0.0067,0.97
Insomnia Symptoms,Cortical Thickness,5e-6,37,2.71,25.32,3,0.072,0.03,0.016,0.09,-0.036,0.21,0.86,-0.031,0.05,0.53,-0.057,0.066,0.4,119.7,<2e-04,0.000546,0.001,0.6,,,,,,,,,,,,,,,,,,
Insomnia Symptoms,Cortical Thickness,5e-6,NA,NA,NA,NA,NA,NA,NA,NA,NA,NA,NA,NA,NA,NA,NA,NA,NA,NA,NA,NA,NA,NA,0.051,0.031,0.11,0.07,-0.062,0.18,0.73,-0.031,0.05,0.53,-0.057,0.066,0.4,73,2e-4,0.000565,0.00085,0.51
Insomnia Symptoms,Hippocampal Volume,5e-8,6,1.32,59.54,0,-0.00018,0.0038,0.96,0.05,0.0071,0.014,0.63,0.0019,0.0049,0.7,0.003,0.0054,0.61,15,0.091,-0.00075,0.0013,0.58,,,,,,,,,,,,,,,,,,
Insomnia Symptoms,Hippocampal Volume,5e-6,25,2.98,32.86,0,0.0016,0.0014,0.28,0.05,0.0018,0.0029,0.53,0.0014,0.0021,0.5,0.0016,0.0018,0.37,37.8,0.087,-4.48e-05,0.00036,0.9,,,,,,,,,,,,,,,,,,
Insomnia Symptoms,LOAD,5e-8,14,1.32,51.76,1,5.5e-05,0.0016,0.97,0.05,-0.0011,0.0073,0.89,0.0014,0.0023,0.54,0.00023,0.0025,0.93,42,0.002,0.000177,0.0011,0.87,,,,,,,,,,,,,,,,,,
Insomnia Symptoms,LOAD,5e-8,NA,NA,NA,NA,NA,NA,NA,NA,NA,NA,NA,NA,NA,NA,NA,NA,NA,NA,NA,NA,NA,NA,-0.0011,0.0017,0.52,0.05,0.0021,0.006,0.74,0.0014,0.0023,0.55,3e-04,0.0025,0.91,26.7,0.042,-5e-04,0.00088,0.58
Insomnia Symptoms,LOAD,5e-6,37,2.31,34.63,1,-0.0012,0.00088,0.16,0.06,-0.002,0.0026,0.44,-0.0019,0.0014,0.18,-0.0015,0.0014,0.29,83.1,<2e-04,0.000151,0.00044,0.73,,,,,,,,,,,,,,,,,,
Insomnia Symptoms,LOAD,5e-6,NA,NA,NA,NA,NA,NA,NA,NA,NA,NA,NA,NA,NA,NA,NA,NA,NA,NA,NA,NA,NA,NA,-0.0016,0.00089,0.076,0.06,-0.0013,0.0024,0.59,-0.0019,0.0013,0.15,-0.0016,0.0013,0.21,67.1,0.002,-5.26e-05,0.00041,0.9
Insomnia Symptoms,Neuritic Plaques,5e-6,10,6.45,27.81,0,0.00012,0.00021,0.56,0.05,-0.00037,0.00056,0.53,2.5e-05,0.00026,0.92,3.4e-05,0.00026,0.9,10.4,0.521,0.000706,0.00075,0.37,,,,,,,,,,,,,,,,,,
Insomnia Symptoms,Neurofibrillary Tangles,5e-6,9,4.31,23.63,0,0.00043,0.00031,0.17,0.05,0.00031,0.00064,0.64,0.00049,0.00037,0.19,0.00046,0.00034,0.22,19,0.123,0.00019,0.00064,0.78,,,,,,,,,,,,,,,,,,
Insomnia Symptoms,Ptau181,5e-8,4,4.37,35.85,0,0.0095,0.0088,0.28,0.06,-0.057,0.047,0.35,0.0035,0.01,0.73,0.0024,0.012,0.85,3.7,0.591,0.00336,0.0023,0.28,,,,,,,,,,,,,,,,,,
Insomnia Symptoms,Ptau181,5e-6,12,10.66,31.14,0,-0.003,0.0049,0.54,0.05,-0.0042,0.013,0.75,-0.0028,0.0065,0.66,-0.0024,0.0071,0.75,9,0.745,6.86e-05,0.00067,0.92,,,,,,,,,,,,,,,,,,
Insomnia Symptoms,Tau,5e-6,7,5.55,26.36,0,-0.012,0.0095,0.2,0.06,0.033,0.055,0.57,-0.021,0.013,0.097,-0.022,0.017,0.25,11.8,0.206,-0.0016,0.0019,0.43,,,,,,,,,,,,,,,,,,
Low-density lipoproteins,AAOS,5e-6,21,1.28,24.76,0,0.0093,0.013,0.49,0.07,0.027,0.031,0.39,0.0087,0.018,0.63,0.014,0.022,0.51,15.6,0.827,-0.00219,0.0034,0.53,,,,,,,,,,,,,,,,,,
Low-density lipoproteins,AB42,5e-6,9,6.52,24.29,1,0.052,0.088,0.55,0.11,-0.23,0.48,0.64,0.17,0.13,0.19,0.33,0.17,0.097,21.1,0.037,0.00743,0.012,0.56,,,,,,,,,,,,,,,,,,
Low-density lipoproteins,AB42,5e-6,NA,NA,NA,NA,NA,NA,NA,NA,NA,NA,NA,NA,NA,NA,NA,NA,NA,NA,NA,NA,NA,NA,0.15,0.093,0.1,0.42,-0.16,0.31,0.63,0.23,0.13,0.076,0.34,0.2,0.13,7.5,0.581,0.00819,0.0079,0.34
Low-density lipoproteins,Cortical Surface Area,5e-8,11,1.73,53.83,0,-4.8e-06,1.9e-06,0.014,0.85,-5.7e-06,7.7e-06,0.47,-6.5e-06,2.6e-06,0.014,-6.1e-06,3.1e-06,0.075,17.4,0.178,0.000934,0.0068,0.89,,,,,,,,,,,,,,,,,,
Low-density lipoproteins,Cortical Surface Area,5e-6,34,3.39,34.78,0,-3.1e-06,1.4e-06,0.023,0.77,-6.5e-06,4.9e-06,0.19,-4.9e-06,2e-06,0.014,-5.5e-06,2.7e-06,0.048,39.8,0.2686,0.00261,0.0035,0.47,,,,,,,,,,,,,,,,,,
Low-density lipoproteins,Cortical Thickness,5e-8,5,0.54,36.76,0,0.43,0.47,0.37,0.11,3.1,2.9,0.36,0.41,0.64,0.52,0.88,0.95,0.41,10.1,0.161,-0.0165,0.017,0.41,,,,,,,,,,,,,,,,,,
Low-density lipoproteins,Cortical Thickness,5e-6,31,2.3,25.63,1,0.2,0.24,0.39,0.08,2.7,1.4,0.059,0.36,0.37,0.34,1.3,0.72,0.07,61,0.0016,-0.0116,0.0062,0.072,,,,,,,,,,,,,,,,,,
Low-density lipoproteins,Cortical Thickness,5e-6,NA,NA,NA,NA,NA,NA,NA,NA,NA,NA,NA,NA,NA,NA,NA,NA,NA,NA,NA,NA,NA,NA,0.35,0.24,0.15,0.18,2.4,1.2,0.058,0.43,0.38,0.25,1.4,0.76,0.067,48.8,0.02,-0.00997,0.0057,0.092
Low-density lipoproteins,Hippocampal Volume,5e-8,4,0.84,56.61,0,-0.052,0.04,0.19,0.23,0.13,0.092,0.3,-0.047,0.051,0.36,0.016,0.054,0.79,15.2,0.038,-0.0145,0.0068,0.16,,,,,,,,,,,,,,,,,,
Low-density lipoproteins,Hippocampal Volume,5e-6,16,1.91,32.61,0,-0.056,0.026,0.034,0.57,0.043,0.093,0.65,-0.077,0.039,0.049,-0.078,0.069,0.28,28.2,0.067,-0.0059,0.0052,0.28,,,,,,,,,,,,,,,,,,
Low-density lipoproteins,LOAD,5e-8,7,0.69,53.65,0,0.0029,0.019,0.88,0.05,-0.16,0.11,0.22,0.023,0.024,0.34,0.03,0.035,0.43,5.2,0.723,0.02,0.014,0.21,,,,,,,,,,,,,,,,,,
Low-density lipoproteins,LOAD,5e-6,21,1.29,33.81,0,-0.013,0.014,0.36,0.13,-0.033,0.056,0.56,0.0039,0.02,0.85,0.021,0.029,0.47,29.8,0.124,0.00227,0.0059,0.7,,,,,,,,,,,,,,,,,,
Low-density lipoproteins,Neurofibrillary Tangles,5e-6,5,2.4,23.24,0,0.017,0.011,0.13,0.36,0.058,0.061,0.41,0.015,0.015,0.31,0.015,0.017,0.43,9.7,0.176,-0.0119,0.017,0.53,,,,,,,,,,,,,,,,,,
Low-density lipoproteins,Ptau181,5e-8,4,4.37,35.85,0,0.083,0.079,0.29,0.18,0.093,0.38,0.83,0.089,0.086,0.3,0.092,0.12,0.49,0.2,0.991,-0.000457,0.017,0.98,,,,,,,,,,,,,,,,,,
Low-density lipoproteins,Ptau181,5e-6,10,9.1,31.37,0,0.073,0.057,0.2,0.23,0.21,0.2,0.32,0.09,0.073,0.22,0.084,0.092,0.38,6.4,0.83,-0.00544,0.0075,0.49,,,,,,,,,,,,,,,,,,
Low-density lipoproteins,Tau,5e-6,7,5.55,26.36,0,0.041,0.07,0.56,0.09,-0.43,0.4,0.33,0.056,0.095,0.56,0.043,0.12,0.73,11.3,0.245,0.0158,0.013,0.28,,,,,,,,,,,,,,,,,,
Meat diet,AAOS,5e-6,36,2.17,24.72,0,-0.0064,0.0039,0.097,0.15,-0.014,0.0058,0.023,-0.01,0.0056,0.065,-0.013,0.0073,0.082,40.2,0.3444,0.00164,0.00095,0.094,,,,,,,,,,,,,,,,,,
Meat diet,AB42,5e-6,11,7.87,24.34,0,-0.024,0.037,0.51,0.11,-0.029,0.15,0.86,-0.0037,0.053,0.94,0.047,0.092,0.62,20.1,0.091,0.000125,0.0041,0.98,,,,,,,,,,,,,,,,,,
Meat diet,Cortical Surface Area,5e-8,12,2,57.18,2,-1.6e-07,8.3e-07,0.84,0.06,9.2e-06,3.8e-06,0.038,-8e-07,1.3e-06,0.53,-8.9e-07,2.6e-06,0.73,53.3,<0.001,-0.00925,0.0036,0.027,,,,,,,,,,,,,,,,,,
Meat diet,Cortical Surface Area,5e-8,NA,NA,NA,NA,NA,NA,NA,NA,NA,NA,NA,NA,NA,NA,NA,NA,NA,NA,NA,NA,NA,NA,-1.7e-06,9.9e-07,0.093,0.39,8.2e-07,5.1e-06,0.88,-1e-06,1.4e-06,0.46,-8.2e-07,1.8e-06,0.65,18,0.111,-0.00224,0.0044,0.63
Meat diet,Cortical Surface Area,5e-6,43,4.23,34.61,2,-2.9e-07,5.6e-07,0.61,0.09,2.7e-06,2.3e-06,0.26,-4.6e-07,9.2e-07,0.61,-5.6e-07,1.9e-06,0.77,99.7,<2e-04,-0.00242,0.0018,0.18,,,,,,,,,,,,,,,,,,
Meat diet,Cortical Surface Area,5e-6,NA,NA,NA,NA,NA,NA,NA,NA,NA,NA,NA,NA,NA,NA,NA,NA,NA,NA,NA,NA,NA,NA,-7.6e-07,6e-07,0.21,0.26,-7.5e-07,2.4e-06,0.76,-7.5e-07,9.2e-07,0.41,-5.9e-07,1.5e-06,0.7,65.5,0.0126,-9.24e-06,0.0018,1
Meat diet,Cortical Thickness,5e-8,6,0.63,35.86,0,-0.59,0.21,0.0047,0.79,-3.9,1.5,0.056,-0.34,0.3,0.25,0.34,0.67,0.64,30.1,0.001,0.0193,0.0083,0.081,,,,,,,,,,,,,,,,,,
Meat diet,Cortical Thickness,5e-6,37,2.72,25.49,1,-0.25,0.1,0.016,0.65,-1.3,0.69,0.07,-0.12,0.16,0.48,0.2,0.35,0.58,85,<2e-04,0.00483,0.0031,0.13,,,,,,,,,,,,,,,,,,
Meat diet,Cortical Thickness,5e-6,NA,NA,NA,NA,NA,NA,NA,NA,NA,NA,NA,NA,NA,NA,NA,NA,NA,NA,NA,NA,NA,NA,-0.17,0.11,0.11,0.37,-0.78,0.74,0.3,-0.065,0.17,0.7,0.2,0.33,0.54,74.2,2e-4,0.00276,0.0033,0.4
Meat diet,Hippocampal Volume,5e-8,6,1.32,59.54,0,0.0085,0.015,0.57,0.09,-0.053,0.046,0.32,-0.0014,0.02,0.95,-0.0092,0.027,0.74,12.6,0.129,0.00511,0.0036,0.22,,,,,,,,,,,,,,,,,,
Meat diet,Hippocampal Volume,5e-6,23,2.8,33.61,0,0.015,0.0096,0.12,0.26,0.016,0.026,0.55,0.0069,0.015,0.65,-0.00055,0.023,0.98,36.5,0.053,-6.52e-05,0.0018,0.97,,,,,,,,,,,,,,,,,,
Meat diet,LOAD,5e-8,15,1.38,50.67,2,0.0034,0.006,0.57,0.09,0.049,0.04,0.25,0.0068,0.0096,0.48,0.0072,0.012,0.57,51.1,<0.001,-0.00555,0.0047,0.26,,,,,,,,,,,,,,,,,,
Meat diet,LOAD,5e-8,NA,NA,NA,NA,NA,NA,NA,NA,NA,NA,NA,NA,NA,NA,NA,NA,NA,NA,NA,NA,NA,NA,0.0014,0.0063,0.82,0.06,-0.024,0.038,0.55,0.0066,0.0098,0.5,0.0077,0.014,0.6,25,0.055,0.00305,0.0045,0.51
Meat diet,LOAD,5e-6,36,2.28,35.13,1,0.0033,0.0047,0.49,0.11,0.017,0.02,0.39,0.0065,0.0078,0.4,0.0096,0.012,0.42,80.2,<2e-04,-0.00169,0.0022,0.46,,,,,,,,,,,,,,,,,,
Meat diet,LOAD,5e-6,NA,NA,NA,NA,NA,NA,NA,NA,NA,NA,NA,NA,NA,NA,NA,NA,NA,NA,NA,NA,NA,NA,-9.5e-05,0.0048,0.98,0.05,-0.00077,0.019,0.97,0.005,0.0078,0.52,0.01,0.011,0.39,63.7,0.0034,7.94e-05,0.0021,0.97
Meat diet,Neuritic Plaques,5e-6,10,6.45,27.81,0,-0.00097,0.0019,0.61,0.06,-0.003,0.0037,0.44,-0.00022,0.0027,0.94,-0.00047,0.004,0.91,9.7,0.537,0.00204,0.0032,0.54,,,,,,,,,,,,,,,,,,
Meat diet,Neurofibrillary Tangles,5e-6,9,4.31,23.63,0,-0.00031,0.0016,0.85,0.05,-2.7e-06,0.0024,1,-0.00075,0.0019,0.69,-0.00077,0.0018,0.68,13.8,0.359,-0.000457,0.0018,0.81,,,,,,,,,,,,,,,,,,
Meat diet,Ptau181,5e-8,4,4.37,35.85,0,0.049,0.036,0.17,0.25,0.15,0.18,0.49,0.038,0.043,0.38,0.016,0.06,0.8,2.3,0.738,-0.00463,0.0081,0.63,,,,,,,,,,,,,,,,,,
Meat diet,Ptau181,5e-6,12,10.66,31.14,0,0.026,0.024,0.27,0.17,-0.025,0.076,0.75,0.021,0.031,0.49,0.019,0.048,0.71,6,0.924,0.00217,0.0031,0.49,,,,,,,,,,,,,,,,,,
Meat diet,Tau,5e-6,7,5.55,26.36,0,0.017,0.033,0.6,0.09,0.043,0.16,0.8,0.007,0.04,0.86,0.0035,0.053,0.95,2.3,0.94,-0.000839,0.0052,0.88,,,,,,,,,,,,,,,,,,
Moderate-to-vigorous PA,AAOS,5e-6,36,2.17,24.72,0,0.0064,0.0034,0.062,0.7,0.0011,0.0054,0.84,0.0037,0.005,0.46,0.00068,0.0063,0.91,44.9,0.18,0.00123,0.00091,0.19,,,,,,,,,,,,,,,,,,
Moderate-to-vigorous PA,AB42,5e-6,11,7.87,24.34,0,-0.028,0.033,0.41,0.13,0.029,0.1,0.79,-0.016,0.044,0.71,-0.016,0.067,0.82,7,0.814,-0.0016,0.0028,0.58,,,,,,,,,,,,,,,,,,
Moderate-to-vigorous PA,Cortical Surface Area,5e-8,12,2,57.18,3,-3.5e-06,7.6e-07,3.1e-06,1,-5.4e-06,4.7e-06,0.27,-4e-06,1.2e-06,0.0011,-3.6e-06,1.4e-06,0.024,53.1,<0.001,0.00187,0.0044,0.68,,,,,,,,,,,,,,,,,,
Moderate-to-vigorous PA,Cortical Surface Area,5e-8,NA,NA,NA,NA,NA,NA,NA,NA,NA,NA,NA,NA,NA,NA,NA,NA,NA,NA,NA,NA,NA,NA,-4.5e-06,8.6e-07,1.3e-07,1,-6.7e-06,2.4e-06,0.025,-4.3e-06,1.2e-06,2e-04,-3.4e-06,1.7e-06,0.073,7.3,0.706,0.00225,0.0023,0.36
Moderate-to-vigorous PA,Cortical Surface Area,5e-6,45,4.37,34.22,2,-7.2e-07,5.1e-07,0.15,0.3,-4.3e-06,2.2e-06,0.061,-1.3e-06,8.3e-07,0.11,-2.6e-06,2.3e-06,0.25,113.5,<2e-04,0.00286,0.0017,0.095,,,,,,,,,,,,,,,,,,
Moderate-to-vigorous PA,Cortical Surface Area,5e-6,NA,NA,NA,NA,NA,NA,NA,NA,NA,NA,NA,NA,NA,NA,NA,NA,NA,NA,NA,NA,NA,NA,4.2e-07,5.4e-07,0.43,0.11,-1e-06,2.2e-06,0.65,-4.6e-07,8.7e-07,0.59,-2.4e-06,2e-06,0.24,68.8,0.011,0.0011,0.0016,0.5
Moderate-to-vigorous PA,Cortical Thickness,5e-8,6,0.63,35.86,1,0.25,0.19,0.18,0.2,1.1,1.8,0.56,-0.056,0.26,0.83,-0.094,0.29,0.76,29.4,0.003,-0.00526,0.01,0.64,,,,,,,,,,,,,,,,,,
Moderate-to-vigorous PA,Cortical Thickness,5e-8,NA,NA,NA,NA,NA,NA,NA,NA,NA,NA,NA,NA,NA,NA,NA,NA,NA,NA,NA,NA,NA,NA,-0.18,0.21,0.41,0.13,-0.71,0.99,0.53,-0.079,0.26,0.76,-0.048,0.33,0.89,1.9,0.872,0.00297,0.0054,0.62
Moderate-to-vigorous PA,Cortical Thickness,5e-6,39,2.88,25.57,1,0.11,0.089,0.2,0.2,0.74,0.49,0.14,0.0025,0.13,0.99,-0.041,0.25,0.87,66.6,0.0062,-0.00298,0.0023,0.19,,,,,,,,,,,,,,,,,,
Moderate-to-vigorous PA,Cortical Thickness,5e-6,NA,NA,NA,NA,NA,NA,NA,NA,NA,NA,NA,NA,NA,NA,NA,NA,NA,NA,NA,NA,NA,NA,0.028,0.092,0.76,0.06,0.2,0.47,0.67,-0.015,0.14,0.91,-0.041,0.25,0.87,48.5,0.1452,-0.000797,0.0021,0.71
Moderate-to-vigorous PA,Hippocampal Volume,5e-8,6,1.32,59.54,1,0.015,0.013,0.28,0.19,-0.0033,0.064,0.96,-0.00098,0.018,0.96,-0.00067,0.021,0.98,18.2,0.028,0.00149,0.0049,0.78,,,,,,,,,,,,,,,,,,
Moderate-to-vigorous PA,Hippocampal Volume,5e-8,NA,NA,NA,NA,NA,NA,NA,NA,NA,NA,NA,NA,NA,NA,NA,NA,NA,NA,NA,NA,NA,NA,-0.0012,0.014,0.93,0.05,0.027,0.036,0.51,-0.0057,0.018,0.76,-0.0039,0.022,0.87,5.5,0.483,-0.00249,0.003,0.46
Moderate-to-vigorous PA,Hippocampal Volume,5e-6,23,2.8,33.61,2,0.0039,0.0087,0.65,0.07,0.014,0.028,0.62,0.0019,0.012,0.88,0.0013,0.017,0.94,52.9,0.001,-0.000808,0.002,0.69,,,,,,,,,,,,,,,,,,
Moderate-to-vigorous PA,Hippocampal Volume,5e-6,NA,NA,NA,NA,NA,NA,NA,NA,NA,NA,NA,NA,NA,NA,NA,NA,NA,NA,NA,NA,NA,NA,0.0037,0.009,0.68,0.06,0.0021,0.019,0.91,0.00016,0.013,0.99,0.0013,0.018,0.94,20.6,0.553,0.000138,0.0014,0.92
Moderate-to-vigorous PA,LOAD,5e-8,14,1.32,51.76,0,0.006,0.0056,0.28,0.2,0.04,0.023,0.1,0.0048,0.0079,0.55,0.0016,0.012,0.9,20,0.166,-0.00423,0.0027,0.14,,,,,,,,,,,,,,,,,,
Moderate-to-vigorous PA,LOAD,5e-6,37,2.31,34.62,0,5e-04,0.0042,0.91,0.05,0.012,0.012,0.33,0.001,0.0061,0.87,0.012,0.011,0.27,38.9,0.4284,-0.00137,0.0014,0.32,,,,,,,,,,,,,,,,,,
Moderate-to-vigorous PA,Neuritic Plaques,5e-6,10,6.45,27.81,0,0.004,0.0017,0.02,0.64,0.008,0.0033,0.041,0.005,0.0024,0.036,0.0051,0.0034,0.16,10.7,0.465,-0.00409,0.0029,0.2,,,,,,,,,,,,,,,,,,
Moderate-to-vigorous PA,Neurofibrillary Tangles,5e-6,9,4.31,23.63,0,-0.002,0.0014,0.16,0.14,-0.0024,0.0019,0.24,-0.002,0.0017,0.24,-0.002,0.0016,0.24,10.1,0.569,0.000734,0.0015,0.64,,,,,,,,,,,,,,,,,,
Moderate-to-vigorous PA,Ptau181,5e-8,4,4.37,35.85,0,0.019,0.032,0.56,0.09,0.024,0.16,0.9,0.027,0.037,0.47,0.032,0.052,0.58,1.9,0.809,-0.00024,0.0073,0.98,,,,,,,,,,,,,,,,,,
Moderate-to-vigorous PA,Ptau181,5e-6,12,10.66,31.14,0,-0.0046,0.022,0.83,0.06,0.011,0.09,0.9,0.017,0.03,0.57,0.022,0.039,0.59,19.9,0.116,-0.000671,0.0036,0.86,,,,,,,,,,,,,,,,,,
Moderate-to-vigorous PA,Tau,5e-6,7,5.55,26.36,0,0.021,0.029,0.47,0.11,-0.032,0.14,0.83,0.03,0.037,0.42,0.038,0.051,0.48,2.6,0.919,0.00177,0.0047,0.72,,,,,,,,,,,,,,,,,,
Pulse Pressure,AAOS,5e-6,29,1.78,25.09,0,0.11,0.037,0.0049,0.55,0.093,0.075,0.23,0.062,0.057,0.27,-0.00098,0.086,0.99,45.2,0.061,0.00237,0.011,0.83,,,,,,,,,,,,,,,,,,
Pulse Pressure,AB42,5e-6,11,7.87,24.34,0,-0.24,0.31,0.45,0.13,-3.1,0.98,0.012,-0.29,0.45,0.52,-0.3,0.69,0.67,21.4,0.061,0.0797,0.026,0.014,,,,,,,,,,,,,,,,,,
Pulse Pressure,Cortical Surface Area,5e-8,10,1.45,49.72,3,-1.5e-05,8.3e-06,0.077,0.47,9.3e-05,5.5e-05,0.13,-1.6e-05,1.5e-05,0.29,-2.8e-05,3.8e-05,0.48,104,<0.001,-0.1,0.048,0.069,,,,,,,,,,,,,,,,,,
Pulse Pressure,Cortical Surface Area,5e-8,NA,NA,NA,NA,NA,NA,NA,NA,NA,NA,NA,NA,NA,NA,NA,NA,NA,NA,NA,NA,NA,NA,-2.6e-05,1.2e-05,0.028,0.58,3.8e-06,8e-05,0.96,-2e-05,1.5e-05,0.17,-1.9e-05,2.2e-05,0.42,4.7,0.758,-0.0214,0.057,0.72
Pulse Pressure,Cortical Surface Area,5e-6,41,3.7,31.53,6,-2.1e-05,5.2e-06,7.5e-05,0.98,4.4e-05,3.5e-05,0.23,-1.9e-05,9.7e-06,0.049,-2.3e-05,1.9e-05,0.24,219.3,<2e-04,-0.0484,0.025,0.064,,,,,,,,,,,,,,,,,,
Pulse Pressure,Cortical Surface Area,5e-6,NA,NA,NA,NA,NA,NA,NA,NA,NA,NA,NA,NA,NA,NA,NA,NA,NA,NA,NA,NA,NA,NA,-3.7e-05,5.9e-06,5.3e-10,1,-2.9e-05,3.3e-05,0.39,-2.3e-05,9.4e-06,0.017,-2.1e-05,1.9e-05,0.27,76.7,<2e-04,-0.00581,0.022,0.8
Pulse Pressure,Cortical Thickness,5e-8,6,0.63,35.86,2,-1.5,1.8,0.39,0.09,-10,22,0.67,1.5,2.6,0.56,1.7,3.3,0.63,47.5,<0.001,0.0499,0.13,0.71,,,,,,,,,,,,,,,,,,
Pulse Pressure,Cortical Thickness,5e-8,NA,NA,NA,NA,NA,NA,NA,NA,NA,NA,NA,NA,NA,NA,NA,NA,NA,NA,NA,NA,NA,NA,1,2.2,0.65,0.07,5.2,9.2,0.63,1.5,2.5,0.55,1.8,3.5,0.65,3.7,0.547,-0.0234,0.05,0.69
Pulse Pressure,Cortical Thickness,5e-6,38,2.8,25.52,5,0.84,0.85,0.32,0.16,2.2,7.6,0.77,0.96,1.4,0.48,1.2,2.3,0.62,152.9,<2e-04,-0.00647,0.035,0.85,,,,,,,,,,,,,,,,,,
Pulse Pressure,Cortical Thickness,5e-6,NA,NA,NA,NA,NA,NA,NA,NA,NA,NA,NA,NA,NA,NA,NA,NA,NA,NA,NA,NA,NA,NA,0.49,0.92,0.6,0.07,8.2,5.4,0.13,0.97,1.4,0.48,1.3,2.5,0.6,60,0.0054,-0.036,0.024,0.15
Pulse Pressure,Hippocampal Volume,5e-8,6,1.32,59.54,0,0.34,0.13,0.0069,0.77,0.16,0.34,0.65,0.31,0.16,0.048,0.31,0.18,0.15,5.9,0.523,0.015,0.026,0.59,,,,,,,,,,,,,,,,,,
Pulse Pressure,Hippocampal Volume,5e-6,21,2.64,34.55,1,0.2,0.086,0.022,0.65,0.012,0.29,0.97,0.1,0.13,0.4,0.056,0.17,0.75,43.6,0.008,0.0138,0.02,0.49,,,,,,,,,,,,,,,,,,
Pulse Pressure,Hippocampal Volume,5e-6,NA,NA,NA,NA,NA,NA,NA,NA,NA,NA,NA,NA,NA,NA,NA,NA,NA,NA,NA,NA,NA,NA,0.14,0.087,0.12,0.37,0.19,0.24,0.44,0.095,0.12,0.45,0.055,0.18,0.76,26.1,0.21,-0.0038,0.016,0.82
Pulse Pressure,LOAD,5e-8,14,1.32,51.76,0,0.056,0.053,0.29,0.19,0.075,0.19,0.7,0.094,0.076,0.21,0.13,0.13,0.34,13,0.598,-0.00238,0.023,0.92,,,,,,,,,,,,,,,,,,
Pulse Pressure,LOAD,5e-6,32,2.11,36.45,0,0.02,0.041,0.63,0.08,0.23,0.14,0.12,0.039,0.063,0.54,0.058,0.12,0.62,41.5,0.1524,-0.0249,0.016,0.13,,,,,,,,,,,,,,,,,,
Pulse Pressure,Neuritic Plaques,5e-6,10,6.45,27.81,0,-0.039,0.017,0.021,0.71,-0.035,0.038,0.39,-0.012,0.023,0.6,-0.0065,0.032,0.85,13.9,0.273,-0.00433,0.032,0.9,,,,,,,,,,,,,,,,,,
Pulse Pressure,Neurofibrillary Tangles,5e-6,7,3.32,23.2,0,-0.039,0.038,0.3,0.19,-0.14,0.15,0.38,-0.043,0.05,0.39,-0.061,0.076,0.45,10.6,0.259,0.0299,0.041,0.5,,,,,,,,,,,,,,,,,,
Pulse Pressure,Ptau181,5e-8,4,4.37,35.85,0,0.6,0.31,0.049,0.5,-1.1,1.5,0.54,0.45,0.38,0.23,0.4,0.49,0.48,2.5,0.705,0.0802,0.069,0.36,,,,,,,,,,,,,,,,,,
Pulse Pressure,Ptau181,5e-6,12,10.66,31.14,0,0.27,0.2,0.18,0.26,-0.24,0.67,0.73,0.4,0.27,0.14,0.4,0.45,0.4,13.9,0.37,0.0216,0.027,0.44,,,,,,,,,,,,,,,,,,
Pulse Pressure,Tau,5e-6,7,5.55,26.36,0,0.63,0.27,0.022,0.63,1.4,1.5,0.36,0.72,0.37,0.053,1,0.52,0.096,8.5,0.402,-0.0273,0.047,0.59,,,,,,,,,,,,,,,,,,
Sleep Duration,AAOS,5e-6,36,2.17,24.72,1,-0.0014,0.0035,0.69,0.05,-0.0017,0.0069,0.81,0.00061,0.0051,0.9,0.0014,0.006,0.82,64.2,0.0026,7.58e-05,0.0012,0.95,,,,,,,,,,,,,,,,,,
Sleep Duration,AAOS,5e-6,NA,NA,NA,NA,NA,NA,NA,NA,NA,NA,NA,NA,NA,NA,NA,NA,NA,NA,NA,NA,NA,NA,-0.0027,0.0035,0.44,0.14,0.0011,0.0059,0.86,0.00061,0.005,0.9,0.00076,0.0064,0.91,45.8,0.1342,-0.000901,0.001,0.38
Sleep Duration,AB42,5e-6,11,7.87,24.34,0,0.0025,0.034,0.94,0.05,0.0099,0.11,0.93,0.016,0.046,0.73,0.0047,0.069,0.95,11.2,0.477,-0.00021,0.0029,0.94,,,,,,,,,,,,,,,,,,
Sleep Duration,Cortical Surface Area,5e-8,11,1.56,48.64,2,4.6e-06,8.9e-07,2e-07,1,1.7e-06,6.9e-06,0.82,3.4e-06,1.4e-06,0.018,3.3e-06,1.7e-06,0.073,45.3,<0.001,0.00261,0.0058,0.66,,,,,,,,,,,,,,,,,,
Sleep Duration,Cortical Surface Area,5e-8,NA,NA,NA,NA,NA,NA,NA,NA,NA,NA,NA,NA,NA,NA,NA,NA,NA,NA,NA,NA,NA,NA,4.4e-06,9.5e-07,2.6e-06,1,9.6e-07,5e-06,0.85,3.5e-06,1.4e-06,0.013,1.8e-06,1.9e-06,0.38,19.4,0.086,0.00319,0.0044,0.49
Sleep Duration,Cortical Surface Area,5e-6,44,3.94,31.4,2,3.6e-06,5.5e-07,3.6e-11,1,3.5e-06,2.8e-06,0.21,3.1e-06,9.2e-07,0.00083,1.3e-06,1.5e-06,0.41,104.6,<2e-04,6.19e-05,0.002,0.98,,,,,,,,,,,,,,,,,,
Sleep Duration,Cortical Surface Area,5e-6,NA,NA,NA,NA,NA,NA,NA,NA,NA,NA,NA,NA,NA,NA,NA,NA,NA,NA,NA,NA,NA,NA,3.6e-06,5.6e-07,2.1e-10,1,2.7e-06,2.4e-06,0.27,3e-06,8.7e-07,0.00043,1e-06,1.5e-06,0.5,72.8,0.0076,0.000668,0.0017,0.7
Sleep Duration,Cortical Thickness,5e-8,5,0.52,35.22,0,-0.23,0.22,0.29,0.18,-0.81,1.8,0.68,-0.096,0.34,0.77,-0.28,0.56,0.64,16.3,0.033,0.00327,0.01,0.77,,,,,,,,,,,,,,,,,,
Sleep Duration,Cortical Thickness,5e-6,35,2.55,25.19,0,-0.17,0.098,0.09,0.36,0.23,0.72,0.75,-0.11,0.17,0.5,-0.69,0.39,0.088,92.1,<2e-04,-0.00185,0.0033,0.58,,,,,,,,,,,,,,,,,,
Sleep Duration,Hippocampal Volume,5e-8,6,1.32,59.54,1,-0.017,0.014,0.22,0.22,0.064,0.077,0.45,-0.03,0.021,0.15,-0.039,0.025,0.17,38.2,<0.001,-0.00678,0.0059,0.32,,,,,,,,,,,,,,,,,,
Sleep Duration,Hippocampal Volume,5e-8,NA,NA,NA,NA,NA,NA,NA,NA,NA,NA,NA,NA,NA,NA,NA,NA,NA,NA,NA,NA,NA,NA,-0.052,0.016,0.0011,0.9,-0.0094,0.044,0.85,-0.047,0.02,0.017,-0.039,0.024,0.17,7.3,0.355,-0.00331,0.0031,0.37
Sleep Duration,Hippocampal Volume,5e-6,23,2.8,33.61,1,-0.017,0.0089,0.055,0.44,-0.018,0.027,0.51,-0.024,0.014,0.089,-0.029,0.02,0.16,51,0.004,9.23e-05,0.0019,0.96,,,,,,,,,,,,,,,,,,
Sleep Duration,Hippocampal Volume,5e-6,NA,NA,NA,NA,NA,NA,NA,NA,NA,NA,NA,NA,NA,NA,NA,NA,NA,NA,NA,NA,NA,NA,-0.029,0.0094,0.0019,0.87,-0.041,0.023,0.091,-0.031,0.015,0.031,-0.027,0.02,0.19,31,0.13,0.00094,0.0016,0.56
Sleep Duration,LOAD,5e-8,14,1.32,51.76,0,-0.0025,0.0058,0.67,0.07,-0.013,0.027,0.63,0.0017,0.008,0.83,0.0016,0.012,0.89,22.7,0.106,0.00137,0.0032,0.68,,,,,,,,,,,,,,,,,,
Sleep Duration,LOAD,5e-6,37,2.31,34.62,1,0.00072,0.0043,0.87,0.05,0.016,0.016,0.33,0.0028,0.0068,0.68,0.0045,0.01,0.67,64.6,0.0054,-0.00183,0.0018,0.32,,,,,,,,,,,,,,,,,,
Sleep Duration,LOAD,5e-6,NA,NA,NA,NA,NA,NA,NA,NA,NA,NA,NA,NA,NA,NA,NA,NA,NA,NA,NA,NA,NA,NA,0.0032,0.0044,0.46,0.09,0.013,0.015,0.38,0.0028,0.0067,0.67,0.0045,0.011,0.67,53.5,0.0394,-0.00122,0.0017,0.48
Sleep Duration,Neuritic Plaques,5e-6,10,6.45,27.81,0,0.00099,0.0018,0.58,0.08,0.0024,0.0043,0.59,0.0025,0.0025,0.32,0.0035,0.0039,0.38,15.7,0.174,-0.00141,0.0037,0.72,,,,,,,,,,,,,,,,,,
Sleep Duration,Neurofibrillary Tangles,5e-6,9,4.31,23.63,0,-0.002,0.0014,0.17,0.16,-0.0015,0.0017,0.4,-0.0021,0.0017,0.22,-0.0021,0.0016,0.21,7.9,0.709,-0.000755,0.0014,0.59,,,,,,,,,,,,,,,,,,
Sleep Duration,Ptau181,5e-8,4,4.37,35.85,1,0.00025,0.033,0.99,0.05,-0.21,0.41,0.66,0.012,0.041,0.76,-0.088,0.11,0.47,24.5,0.004,0.00969,0.019,0.66,,,,,,,,,,,,,,,,,,
Sleep Duration,Ptau181,5e-8,NA,NA,NA,NA,NA,NA,NA,NA,NA,NA,NA,NA,NA,NA,NA,NA,NA,NA,NA,NA,NA,NA,0.045,0.038,0.23,0.21,-0.12,0.43,0.82,0.086,0.049,0.079,0.13,0.084,0.27,,,0.00771,0.019,0.76
Sleep Duration,Ptau181,5e-6,12,10.66,31.14,0,-0.023,0.022,0.3,0.14,-0.016,0.099,0.88,-0.042,0.034,0.21,-0.065,0.064,0.33,23.9,0.042,-0.00031,0.004,0.94,,,,,,,,,,,,,,,,,,
Sleep Duration,Tau,5e-6,7,5.55,26.36,1,-0.0065,0.03,0.83,0.05,-0.028,0.26,0.92,0.019,0.045,0.67,0.066,0.063,0.34,23.2,0.009,0.000722,0.0086,0.94,,,,,,,,,,,,,,,,,,
Sleep Duration,Tau,5e-6,NA,NA,NA,NA,NA,NA,NA,NA,NA,NA,NA,NA,NA,NA,NA,NA,NA,NA,NA,NA,NA,NA,0.024,0.032,0.45,0.13,0.22,0.22,0.36,0.023,0.048,0.63,0.076,0.063,0.28,12.8,0.114,-0.0064,0.0069,0.41
Smoking Initiation,AAOS,5e-6,36,2.17,24.72,2,0.00091,0.00038,0.016,0.06,0.00047,0.00077,0.54,0.00078,0.00054,0.14,0.00079,0.00047,0.098,70,0.0014,0.000251,0.00031,0.43,,,,,,,,,,,,,,,,,,
Smoking Initiation,AAOS,5e-6,NA,NA,NA,NA,NA,NA,NA,NA,NA,NA,NA,NA,NA,NA,NA,NA,NA,NA,NA,NA,NA,NA,0.00092,0.00038,0.016,0.06,0.00042,0.00062,0.51,0.00078,0.00053,0.14,9e-04,0.00045,0.052,43.6,0.172,0.000287,0.00026,0.28
Smoking Initiation,AB42,5e-6,11,7.87,24.34,0,-0.0021,0.0084,0.81,0.05,-0.0049,0.033,0.89,-0.0051,0.013,0.69,-0.02,0.021,0.38,23.4,0.046,0.000104,0.0011,0.93,,,,,,,,,,,,,,,,,,
Smoking Initiation,Cortical Surface Area,5e-8,9,1.64,62.62,4,2.6e-08,2.9e-07,0.93,0.05,2.6e-06,2.4e-06,0.31,-7.7e-08,5.6e-07,0.89,1.2e-06,7.3e-07,0.14,98.9,<0.001,-0.00287,0.0025,0.29,,,,,,,,,,,,,,,,,,
Smoking Initiation,Cortical Surface Area,5e-8,NA,NA,NA,NA,NA,NA,NA,NA,NA,NA,NA,NA,NA,NA,NA,NA,NA,NA,NA,NA,NA,NA,-2.2e-07,4.5e-07,0.63,0.05,2.3e-06,1.7e-06,0.28,-8.7e-07,6e-07,0.15,1e-06,1.1e-06,0.39,10.3,0.168,-0.0023,0.0015,0.23
Smoking Initiation,Cortical Surface Area,5e-6,43,4.08,33.27,8,-3.1e-07,1.6e-07,0.048,0.09,6.9e-07,8.2e-07,0.41,2.6e-07,3.1e-07,0.4,4e-07,3.1e-07,0.2,242.3,<2e-04,-0.000998,0.00074,0.19,,,,,,,,,,,,,,,,,,
Smoking Initiation,Cortical Surface Area,5e-6,NA,NA,NA,NA,NA,NA,NA,NA,NA,NA,NA,NA,NA,NA,NA,NA,NA,NA,NA,NA,NA,NA,-3.3e-07,1.7e-07,0.059,0.08,3.6e-07,6.5e-07,0.59,2.5e-07,3e-07,0.42,3.3e-07,2.9e-07,0.26,102.6,<2e-04,-0.000675,0.00058,0.25
Smoking Initiation,Cortical Thickness,5e-8,4,0.43,36.54,2,-0.38,0.086,8.2e-06,0.29,-0.71,1.9,0.74,-0.34,0.13,0.01,-0.32,0.2,0.2,23.2,0.011,0.00185,0.011,0.88,,,,,,,,,,,,,,,,,,
Smoking Initiation,Cortical Thickness,5e-8,NA,NA,NA,NA,NA,NA,NA,NA,NA,NA,NA,NA,NA,NA,NA,NA,NA,NA,NA,NA,NA,NA,-0.38,0.12,0.0015,0.16,,,,,,,,,,,,,,
Smoking Initiation,Cortical Thickness,5e-6,37,2.67,25,5,0.012,0.033,0.72,0.05,-0.4,0.3,0.19,0.13,0.06,0.035,0.16,0.095,0.11,179.7,<2e-04,0.00205,0.0014,0.17,,,,,,,,,,,,,,,,,,
Smoking Initiation,Cortical Thickness,5e-6,NA,NA,NA,NA,NA,NA,NA,NA,NA,NA,NA,NA,NA,NA,NA,NA,NA,NA,NA,NA,NA,NA,0.082,0.036,0.024,0.1,0.18,0.27,0.53,0.14,0.06,0.017,0.16,0.094,0.11,90.7,<2e-04,-0.000451,0.0013,0.73
Smoking Initiation,Hippocampal Volume,5e-8,5,1.15,62.42,1,-0.0068,0.0041,0.095,0.07,0.013,0.016,0.47,-0.0022,0.0048,0.65,-0.0019,0.0048,0.71,18.2,0.039,-0.00216,0.0016,0.26,,,,,,,,,,,,,,,,,,
Smoking Initiation,Hippocampal Volume,5e-8,NA,NA,NA,NA,NA,NA,NA,NA,NA,NA,NA,NA,NA,NA,NA,NA,NA,NA,NA,NA,NA,NA,-0.0027,0.0043,0.52,0.05,0.0029,0.01,0.81,-0.002,0.0048,0.67,-0.0021,0.0053,0.72,0.9,0.917,-0.000647,0.0011,0.62
Smoking Initiation,Hippocampal Volume,5e-6,24,2.81,32.29,2,0.00077,0.0015,0.61,0.05,0.0068,0.0035,0.067,0.0038,0.0023,0.092,0.0032,0.0023,0.17,63.8,0.001,-0.000959,0.00044,0.041,,,,,,,,,,,,,,,,,,
Smoking Initiation,Hippocampal Volume,5e-6,NA,NA,NA,NA,NA,NA,NA,NA,NA,NA,NA,NA,NA,NA,NA,NA,NA,NA,NA,NA,NA,NA,0.0019,0.0015,0.22,0.05,0.0044,0.0025,0.088,0.0038,0.0022,0.086,0.0044,0.0021,0.043,26.2,0.339,-0.000421,0.00032,0.2
Smoking Initiation,LOAD,5e-8,14,1.32,51.76,1,-0.0028,0.0017,0.095,0.07,-0.0076,0.0081,0.37,-0.0026,0.0024,0.28,-0.0029,0.0025,0.27,51.2,<0.001,0.00076,0.0012,0.53,,,,,,,,,,,,,,,,,,
Smoking Initiation,LOAD,5e-8,NA,NA,NA,NA,NA,NA,NA,NA,NA,NA,NA,NA,NA,NA,NA,NA,NA,NA,NA,NA,NA,NA,-0.00075,0.0017,0.66,0.05,-0.0076,0.0056,0.2,-0.0023,0.0025,0.37,-0.0031,0.0026,0.25,27.1,0.047,0.00109,0.00082,0.21
Smoking Initiation,LOAD,5e-6,36,2.27,34.97,4,-0.0016,0.00093,0.082,0.06,-0.0052,0.0034,0.14,-0.003,0.0014,0.033,-0.003,0.0015,0.053,115.9,<2e-04,0.000675,0.00056,0.24,,,,,,,,,,,,,,,,,,
Smoking Initiation,LOAD,5e-6,NA,NA,NA,NA,NA,NA,NA,NA,NA,NA,NA,NA,NA,NA,NA,NA,NA,NA,NA,NA,NA,NA,-0.0017,0.00095,0.072,0.06,-0.0021,0.0026,0.43,-0.003,0.0014,0.036,-0.0035,0.0014,0.018,52.4,0.0252,7.5e-05,0.00045,0.87
Smoking Initiation,Neuritic Plaques,5e-6,10,6.45,27.81,0,-0.00021,0.00022,0.33,0.05,0.00075,0.00073,0.33,-0.00017,0.00032,0.58,-8.6e-05,0.00034,0.8,22.8,0.035,-0.00139,0.00097,0.19,,,,,,,,,,,,,,,,,,
Smoking Initiation,Neurofibrillary Tangles,5e-6,8,3.82,23.44,1,6e-04,5e-04,0.22,0.06,0.00023,0.0015,0.88,0.00055,0.00061,0.37,0.00055,0.00055,0.35,24.2,0.049,0.00031,0.00094,0.75,,,,,,,,,,,,,,,,,,
Smoking Initiation,Neurofibrillary Tangles,5e-6,NA,NA,NA,NA,NA,NA,NA,NA,NA,NA,NA,NA,NA,NA,NA,NA,NA,NA,NA,NA,NA,NA,0.00015,0.00051,0.77,0.05,0.00062,0.00078,0.46,0.00055,0.00061,0.37,0.00056,0.00059,0.38,9.8,0.381,-0.000415,0.00053,0.47
Smoking Initiation,Ptau181,5e-8,4,4.37,35.85,0,0.0025,0.0091,0.78,0.05,0.018,0.081,0.84,0.012,0.012,0.32,0.016,0.015,0.36,10.7,0.131,-0.00079,0.004,0.86,,,,,,,,,,,,,,,,,,
Smoking Initiation,Ptau181,5e-6,12,10.66,31.14,0,0.0024,0.0051,0.64,0.05,-0.02,0.018,0.29,-0.0032,0.0069,0.65,-0.0044,0.008,0.6,23.1,0.081,0.00126,0.00093,0.21,,,,,,,,,,,,,,,,,,
Smoking Initiation,Tau,5e-6,7,5.55,26.36,0,-0.0046,0.0099,0.64,0.05,-0.061,0.062,0.37,-7e-04,0.013,0.96,-0.00059,0.017,0.97,13.1,0.147,0.00199,0.0021,0.39,,,,,,,,,,,,,,,,,,
Social Isolation,AAOS,5e-6,32,1.94,24.83,0,-0.002,0.0034,0.55,0.31,0.006,0.0058,0.31,0.0072,0.0053,0.18,0.008,0.0071,0.27,44.8,0.091,-0.00168,0.00091,0.075,,,,,,,,,,,,,,,,,,
Social Isolation,AB42,5e-6,11,7.87,24.34,0,0.0083,0.031,0.79,0.05,-0.089,0.11,0.42,-0.017,0.043,0.69,-0.022,0.059,0.71,14.5,0.27,0.00277,0.0028,0.35,,,,,,,,,,,,,,,,,,
Social Isolation,Cortical Surface Area,5e-8,12,2,57.18,1,-2.9e-06,7e-07,3.1e-05,0.98,-7.2e-06,2.9e-06,0.033,-2.3e-06,1.1e-06,0.033,-3.8e-06,1.6e-06,0.033,29.9,0.008,0.00424,0.0027,0.15,,,,,,,,,,,,,,,,,,
Social Isolation,Cortical Surface Area,5e-8,NA,NA,NA,NA,NA,NA,NA,NA,NA,NA,NA,NA,NA,NA,NA,NA,NA,NA,NA,NA,NA,NA,-3.3e-06,7.2e-07,4.3e-06,1,-6.7e-06,2.7e-06,0.037,-2.4e-06,1.1e-06,0.029,-4.2e-06,1.7e-06,0.035,22.6,0.04,0.00339,0.0026,0.22
Social Isolation,Cortical Surface Area,5e-6,45,4.37,34.22,1,-2.2e-06,4.7e-07,2.9e-06,1,-4.1e-06,1.9e-06,0.034,-2e-06,7.8e-07,0.01,-1.6e-06,1.6e-06,0.33,92,4e-4,0.00157,0.0014,0.28,,,,,,,,,,,,,,,,,,
Social Isolation,Cortical Surface Area,5e-6,NA,NA,NA,NA,NA,NA,NA,NA,NA,NA,NA,NA,NA,NA,NA,NA,NA,NA,NA,NA,NA,NA,-2e-06,4.7e-07,2.9e-05,0.99,-4.1e-06,1.8e-06,0.024,-2e-06,7.6e-07,0.0092,-1.6e-06,1.8e-06,0.37,78.6,0.0028,0.00173,0.0013,0.2
Social Isolation,Cortical Thickness,5e-8,6,0.63,35.86,2,0.55,0.17,0.0015,0.87,1.2,2,0.57,0.44,0.26,0.087,1.2,0.87,0.22,38.6,0.001,-0.00402,0.012,0.75,,,,,,,,,,,,,,,,,,
Social Isolation,Cortical Thickness,5e-8,NA,NA,NA,NA,NA,NA,NA,NA,NA,NA,NA,NA,NA,NA,NA,NA,NA,NA,NA,NA,NA,NA,0.5,0.22,0.023,0.68,-0.25,1.9,0.91,0.31,0.28,0.27,-0.1,0.46,0.84,17.2,0.025,0.00433,0.011,0.72
Social Isolation,Cortical Thickness,5e-6,39,2.88,25.57,3,0.39,0.082,2.1e-06,1,0.39,0.6,0.52,0.24,0.15,0.11,-0.25,0.39,0.54,113.7,<2e-04,-2.01e-05,0.0028,0.99,,,,,,,,,,,,,,,,,,
Social Isolation,Cortical Thickness,5e-6,NA,NA,NA,NA,NA,NA,NA,NA,NA,NA,NA,NA,NA,NA,NA,NA,NA,NA,NA,NA,NA,NA,0.23,0.087,0.0069,0.75,0.017,0.55,0.98,0.14,0.15,0.34,-0.3,0.39,0.45,76.1,4e-4,0.00102,0.0025,0.69
Social Isolation,Hippocampal Volume,5e-8,6,1.32,59.54,0,-0.013,0.012,0.3,0.18,0.02,0.043,0.67,-0.02,0.018,0.27,-0.024,0.041,0.58,15,0.057,-0.00273,0.0033,0.45,,,,,,,,,,,,,,,,,,
Social Isolation,Hippocampal Volume,5e-6,22,2.72,34,0,-0.008,0.0082,0.33,0.14,-0.023,0.023,0.33,-0.014,0.013,0.26,-0.029,0.025,0.27,35.3,0.054,0.00113,0.0016,0.48,,,,,,,,,,,,,,,,,,
Social Isolation,LOAD,5e-8,14,1.32,51.76,1,-0.0026,0.0052,0.62,0.07,-0.024,0.028,0.39,-0.0066,0.0075,0.38,-0.01,0.011,0.36,30.7,0.019,0.00274,0.0033,0.43,,,,,,,,,,,,,,,,,,
Social Isolation,LOAD,5e-8,NA,NA,NA,NA,NA,NA,NA,NA,NA,NA,NA,NA,NA,NA,NA,NA,NA,NA,NA,NA,NA,NA,-0.0078,0.0053,0.15,0.31,-0.0082,0.019,0.68,-0.0066,0.0073,0.37,-0.01,0.012,0.4,11.7,0.607,5.27e-05,0.0024,0.98
Social Isolation,LOAD,5e-6,35,2.23,35.31,2,0.00046,0.0039,0.91,0.05,-0.017,0.017,0.33,-0.0046,0.006,0.45,-0.0069,0.009,0.45,75.9,6e-4,0.00203,0.0019,0.29,,,,,,,,,,,,,,,,,,
Social Isolation,LOAD,5e-6,NA,NA,NA,NA,NA,NA,NA,NA,NA,NA,NA,NA,NA,NA,NA,NA,NA,NA,NA,NA,NA,NA,-0.0043,0.004,0.28,0.23,-0.0048,0.014,0.73,-0.0057,0.0059,0.33,-0.0058,0.01,0.56,43.7,0.1232,5.41e-05,0.0016,0.97
Social Isolation,Neuritic Plaques,5e-6,10,6.45,27.81,0,0.002,0.0016,0.21,0.24,-0.00074,0.0037,0.85,0.0035,0.0022,0.11,0.0058,0.0035,0.13,16.8,0.153,0.00279,0.0033,0.42,,,,,,,,,,,,,,,,,,
Social Isolation,Neurofibrillary Tangles,5e-6,9,4.31,23.63,0,6.2e-05,0.0013,0.96,0.22,-0.0011,0.0015,0.48,-0.00091,0.0014,0.52,-0.00078,0.0014,0.6,28.2,0.098,0.00188,0.0012,0.16,,,,,,,,,,,,,,,,,,
Social Isolation,Ptau181,5e-8,4,4.37,35.85,0,-0.003,0.03,0.92,0.05,0.19,0.24,0.5,0.012,0.038,0.75,0.054,0.064,0.46,12.4,0.073,-0.00904,0.011,0.49,,,,,,,,,,,,,,,,,,
Social Isolation,Ptau181,5e-6,12,10.66,31.14,0,0.0066,0.02,0.74,0.08,0.018,0.073,0.81,0.022,0.03,0.46,0.055,0.057,0.36,16,0.235,-0.000465,0.0029,0.88,,,,,,,,,,,,,,,,,,
Social Isolation,Tau,5e-6,7,5.55,26.36,0,-0.029,0.027,0.29,0.19,-0.23,0.13,0.15,-0.052,0.036,0.14,-0.061,0.045,0.23,4.4,0.781,0.00652,0.0044,0.2,,,,,,,,,,,,,,,,,,
Systolic Blood Pressure,AAOS,5e-6,29,1.78,25.09,0,0.13,0.055,0.015,0.64,0.042,0.09,0.64,0.13,0.083,0.11,0.096,0.11,0.38,32.3,0.38,0.0171,0.013,0.2,,,,,,,,,,,,,,,,,,
Systolic Blood Pressure,AB42,5e-6,11,7.87,24.34,0,-0.11,0.46,0.81,0.07,-2.4,1.7,0.18,0.11,0.65,0.87,0.17,0.85,0.85,18.9,0.121,0.0653,0.045,0.18,,,,,,,,,,,,,,,,,,
Systolic Blood Pressure,Cortical Surface Area,5e-8,8,0.91,38.5,0,-7.1e-05,1.6e-05,5.1e-06,0.99,-2.6e-05,0.00015,0.87,-4.1e-05,2.9e-05,0.16,8.2e-06,5.5e-05,0.89,40.4,<0.001,-0.0355,0.12,0.77,,,,,,,,,,,,,,,,,,
Systolic Blood Pressure,Cortical Surface Area,5e-6,39,3.15,28.07,5,-5.2e-05,8.3e-06,3.4e-10,1,-6.8e-05,7.3e-05,0.36,-4e-05,1.6e-05,0.012,-2.8e-05,3.8e-05,0.46,206.9,<2e-04,0.0113,0.05,0.82,,,,,,,,,,,,,,,,,,
Systolic Blood Pressure,Cortical Surface Area,5e-6,NA,NA,NA,NA,NA,NA,NA,NA,NA,NA,NA,NA,NA,NA,NA,NA,NA,NA,NA,NA,NA,NA,-7.3e-05,8.8e-06,8.8e-17,1,-3.6e-05,5.3e-05,0.51,-4.3e-05,1.5e-05,0.0056,-1.5e-05,4.1e-05,0.72,91.4,<2e-04,-0.0267,0.036,0.47
Systolic Blood Pressure,Cortical Thickness,5e-8,5,0.52,35.22,1,0.82,2.9,0.78,0.07,-20,31,0.57,6.9,5,0.16,12,6.2,0.13,31.6,0.002,0.119,0.17,0.54,,,,,,,,,,,,,,,,,,
Systolic Blood Pressure,Cortical Thickness,5e-8,NA,NA,NA,NA,NA,NA,NA,NA,NA,NA,NA,NA,NA,NA,NA,NA,NA,NA,NA,NA,NA,NA,5.7,3.3,0.09,0.41,110,45,0.14,11,4.3,0.014,11,5,0.11,19.1,0.011,-0.527,0.23,0.15
Systolic Blood Pressure,Cortical Thickness,5e-6,37,2.68,25.11,4,1.9,1.3,0.13,0.31,3.1,12,0.79,0.37,2.2,0.86,-1.9,5.1,0.71,138.2,<2e-04,-0.0053,0.052,0.92,,,,,,,,,,,,,,,,,,
Systolic Blood Pressure,Cortical Thickness,5e-6,NA,NA,NA,NA,NA,NA,NA,NA,NA,NA,NA,NA,NA,NA,NA,NA,NA,NA,NA,NA,NA,NA,1.3,1.4,0.35,0.14,-1.2,8.4,0.89,0.39,2.2,0.86,-2.4,5.4,0.67,63.8,0.0012,0.0115,0.038,0.76
Systolic Blood Pressure,Hippocampal Volume,5e-8,6,1.32,59.54,0,0.51,0.19,0.0068,0.76,0.42,0.48,0.44,0.42,0.24,0.074,0.39,0.27,0.21,3.4,0.813,0.00758,0.037,0.85,,,,,,,,,,,,,,,,,,
Systolic Blood Pressure,Hippocampal Volume,5e-6,20,2.56,35.15,0,0.24,0.13,0.057,0.5,0.19,0.4,0.63,0.33,0.18,0.064,0.35,0.25,0.19,33.6,0.053,0.00395,0.027,0.89,,,,,,,,,,,,,,,,,,
Systolic Blood Pressure,LOAD,5e-8,14,1.32,51.76,1,0.16,0.078,0.04,0.54,0.35,0.4,0.39,0.092,0.11,0.42,-0.12,0.2,0.55,27.6,0.032,-0.0239,0.048,0.62,,,,,,,,,,,,,,,,,,
Systolic Blood Pressure,LOAD,5e-8,NA,NA,NA,NA,NA,NA,NA,NA,NA,NA,NA,NA,NA,NA,NA,NA,NA,NA,NA,NA,NA,NA,0.092,0.08,0.25,0.21,0.6,0.29,0.066,0.064,0.11,0.57,-0.14,0.21,0.51,13.9,0.467,-0.0641,0.036,0.1
Systolic Blood Pressure,LOAD,5e-6,33,2.15,36.01,1,0.085,0.06,0.16,0.3,0.45,0.26,0.097,0.053,0.094,0.58,-0.032,0.17,0.85,67.5,8e-4,-0.0417,0.029,0.15,,,,,,,,,,,,,,,,,,
Systolic Blood Pressure,LOAD,5e-6,NA,NA,NA,NA,NA,NA,NA,NA,NA,NA,NA,NA,NA,NA,NA,NA,NA,NA,NA,NA,NA,NA,0.042,0.061,0.49,0.11,0.5,0.23,0.036,0.031,0.098,0.75,-0.046,0.17,0.79,52.8,0.0156,-0.053,0.025,0.042
Systolic Blood Pressure,Neuritic Plaques,5e-6,10,6.45,27.81,0,-0.017,0.025,0.5,0.14,-0.012,0.056,0.84,0.015,0.036,0.68,0.045,0.073,0.55,14.6,0.234,-0.00503,0.048,0.92,,,,,,,,,,,,,,,,,,
Systolic Blood Pressure,Neurofibrillary Tangles,5e-6,7,3.32,23.2,1,-0.052,0.056,0.35,0.17,-0.17,0.31,0.6,-0.02,0.082,0.81,-0.0052,0.11,0.96,20.3,0.024,0.036,0.088,0.7,,,,,,,,,,,,,,,,,,
Systolic Blood Pressure,Neurofibrillary Tangles,5e-6,NA,NA,NA,NA,NA,NA,NA,NA,NA,NA,NA,NA,NA,NA,NA,NA,NA,NA,NA,NA,NA,NA,0.0073,0.059,0.9,0.05,-0.0049,0.24,0.98,-0.0021,0.081,0.98,-0.0041,0.11,0.97,9.6,0.234,0.00355,0.067,0.96
Systolic Blood Pressure,Ptau181,5e-8,4,4.37,35.85,0,0.83,0.45,0.064,0.45,0.13,2.2,0.96,0.74,0.52,0.16,0.31,0.82,0.73,3.3,0.611,0.033,0.1,0.78,,,,,,,,,,,,,,,,,,
Systolic Blood Pressure,Ptau181,5e-6,12,10.66,31.14,0,0.18,0.3,0.55,0.08,-0.49,1.3,0.71,0.35,0.44,0.43,0.81,0.69,0.26,22.7,0.073,0.0281,0.052,0.6,,,,,,,,,,,,,,,,,,
Systolic Blood Pressure,Tau,5e-6,7,5.55,26.36,0,0.72,0.4,0.074,0.44,1.9,2,0.39,1.1,0.53,0.031,1.4,0.77,0.12,6.4,0.605,-0.0383,0.064,0.58,,,,,,,,,,,,,,,,,,
Total Cholesterol,AAOS,5e-6,21,1.28,24.76,0,0.0017,0.013,0.89,0.05,-0.0048,0.03,0.87,0.00047,0.019,0.98,-0.0065,0.024,0.79,19.5,0.606,0.000806,0.0033,0.81,,,,,,,,,,,,,,,,,,
Total Cholesterol,AB42,5e-6,9,6.52,24.29,0,0.087,0.085,0.31,0.2,0.14,0.45,0.76,0.15,0.12,0.23,0.12,0.15,0.43,18.9,0.065,-0.00145,0.011,0.9,,,,,,,,,,,,,,,,,,
Total Cholesterol,Cortical Surface Area,5e-8,11,1.73,53.83,0,-5.4e-06,1.9e-06,0.0042,0.89,-4.5e-06,7e-06,0.53,-5.5e-06,2.6e-06,0.034,-5.7e-06,3.4e-06,0.12,15.2,0.269,-0.000808,0.0062,0.9,,,,,,,,,,,,,,,,,,
Total Cholesterol,Cortical Surface Area,5e-6,34,3.39,34.78,0,-3.8e-06,1.3e-06,0.004,0.91,-6.9e-06,4.4e-06,0.13,-5e-06,2e-06,0.015,-5.7e-06,3.1e-06,0.074,34.3,0.5082,0.00237,0.0032,0.47,,,,,,,,,,,,,,,,,,
Total Cholesterol,Cortical Thickness,5e-8,5,0.54,36.76,0,0.47,0.46,0.31,0.15,1.6,2.2,0.52,0.24,0.6,0.69,0.012,0.81,0.99,4.2,0.602,-0.00703,0.013,0.64,,,,,,,,,,,,,,,,,,
Total Cholesterol,Cortical Thickness,5e-6,31,2.3,25.63,3,0.3,0.23,0.2,0.14,3.1,1.5,0.051,0.2,0.37,0.59,0.32,0.6,0.6,81,<2e-04,-0.0132,0.007,0.069,,,,,,,,,,,,,,,,,,
Total Cholesterol,Cortical Thickness,5e-6,NA,NA,NA,NA,NA,NA,NA,NA,NA,NA,NA,NA,NA,NA,NA,NA,NA,NA,NA,NA,NA,NA,0.1,0.25,0.68,0.05,2.1,1.3,0.12,0.18,0.38,0.63,0.32,0.65,0.63,43.8,0.038,-0.00935,0.006,0.13
Total Cholesterol,Hippocampal Volume,5e-8,4,0.84,56.61,0,-0.041,0.039,0.3,0.16,0.14,0.09,0.25,-0.019,0.051,0.71,0.025,0.055,0.68,15.6,0.043,-0.015,0.0066,0.15,,,,,,,,,,,,,,,,,,
Total Cholesterol,Hippocampal Volume,5e-6,16,1.91,32.61,1,-0.059,0.026,0.022,0.57,0.024,0.11,0.83,-0.04,0.04,0.32,-0.0048,0.054,0.93,42,0.002,-0.00498,0.0063,0.44,,,,,,,,,,,,,,,,,,
Total Cholesterol,Hippocampal Volume,5e-6,NA,NA,NA,NA,NA,NA,NA,NA,NA,NA,NA,NA,NA,NA,NA,NA,NA,NA,NA,NA,NA,NA,-0.037,0.026,0.16,0.24,0.055,0.093,0.56,-0.037,0.041,0.36,-0.0035,0.065,0.96,27.3,0.042,-0.00547,0.0051,0.31
Total Cholesterol,LOAD,5e-8,7,0.69,53.65,0,0.0056,0.019,0.77,0.05,-0.15,0.11,0.23,0.0045,0.025,0.85,-0.0063,0.037,0.87,5.9,0.607,0.0195,0.014,0.21,,,,,,,,,,,,,,,,,,
Total Cholesterol,LOAD,5e-6,21,1.29,33.81,0,-0.0079,0.013,0.56,0.08,-0.05,0.06,0.42,-0.0055,0.02,0.79,0.0015,0.026,0.95,35.9,0.037,0.00456,0.0063,0.48,,,,,,,,,,,,,,,,,,
Total Cholesterol,Neurofibrillary Tangles,5e-6,5,2.4,23.24,0,0.018,0.011,0.091,0.4,0.094,0.05,0.16,0.013,0.015,0.38,0.0097,0.018,0.63,10.6,0.177,-0.0217,0.014,0.21,,,,,,,,,,,,,,,,,,
Total Cholesterol,Ptau181,5e-8,4,4.37,35.85,0,0.053,0.077,0.49,0.11,0.13,0.37,0.77,0.036,0.088,0.68,0.011,0.12,0.93,1.5,0.845,-0.00343,0.017,0.86,,,,,,,,,,,,,,,,,,
Total Cholesterol,Ptau181,5e-6,10,9.1,31.37,0,0.0037,0.056,0.95,0.05,0.28,0.19,0.18,0.005,0.073,0.95,0.033,0.11,0.76,9.3,0.614,-0.0112,0.0073,0.16,,,,,,,,,,,,,,,,,,
Total Cholesterol,Tau,5e-6,7,5.55,26.36,0,-0.0033,0.069,0.96,0.05,-0.35,0.37,0.39,-0.045,0.092,0.63,-0.036,0.13,0.79,9.2,0.371,0.0115,0.012,0.38,,,,,,,,,,,,,,,,,,
Triglycerides,AAOS,5e-6,21,1.28,24.76,2,-0.025,0.012,0.041,0.36,-0.035,0.039,0.38,-0.033,0.018,0.06,-0.037,0.022,0.11,41.6,0.009,0.00131,0.0043,0.76,,,,,,,,,,,,,,,,,,
Triglycerides,AAOS,5e-6,NA,NA,NA,NA,NA,NA,NA,NA,NA,NA,NA,NA,NA,NA,NA,NA,NA,NA,NA,NA,NA,NA,-0.026,0.012,0.032,0.4,-0.041,0.028,0.17,-0.033,0.017,0.051,-0.038,0.026,0.16,15.1,0.792,0.00187,0.0033,0.58
Triglycerides,AB42,5e-6,9,6.52,24.29,0,0.024,0.079,0.77,0.07,-0.065,0.28,0.82,-0.043,0.1,0.68,-0.053,0.16,0.76,8.7,0.554,0.00234,0.0071,0.75,,,,,,,,,,,,,,,,,,
Triglycerides,Cortical Surface Area,5e-8,11,1.73,53.83,1,-2.5e-06,1.7e-06,0.15,0.55,2.2e-06,7.9e-06,0.79,-3.6e-06,2.6e-06,0.17,-1.5e-07,3.4e-06,0.97,26.2,0.016,-0.00447,0.0071,0.55,,,,,,,,,,,,,,,,,,
Triglycerides,Cortical Surface Area,5e-8,NA,NA,NA,NA,NA,NA,NA,NA,NA,NA,NA,NA,NA,NA,NA,NA,NA,NA,NA,NA,NA,NA,-3.8e-06,1.8e-06,0.036,0.82,4.8e-06,6.2e-06,0.46,-4.3e-06,2.6e-06,0.099,1.4e-06,3.7e-06,0.72,18.5,0.108,-0.00828,0.0056,0.18
Triglycerides,Cortical Surface Area,5e-6,34,3.39,34.78,0,-1.1e-06,1.2e-06,0.38,0.31,-2.2e-06,5.4e-06,0.68,5.8e-07,2e-06,0.77,1.1e-06,3.4e-06,0.75,61.1,0.0052,0.000888,0.0039,0.82,,,,,,,,,,,,,,,,,,
Triglycerides,Cortical Thickness,5e-8,5,0.54,36.76,0,-0.37,0.43,0.39,0.14,0.068,3.6,0.99,-0.14,0.6,0.82,-0.25,0.68,0.74,13.7,0.062,-0.00271,0.022,0.91,,,,,,,,,,,,,,,,,,
Triglycerides,Cortical Thickness,5e-6,31,2.3,25.63,1,-0.33,0.22,0.13,0.27,-1.7,1.5,0.25,-0.13,0.36,0.71,0.4,0.62,0.52,81,<2e-04,0.00666,0.0067,0.33,,,,,,,,,,,,,,,,,,
Triglycerides,Cortical Thickness,5e-6,NA,NA,NA,NA,NA,NA,NA,NA,NA,NA,NA,NA,NA,NA,NA,NA,NA,NA,NA,NA,NA,NA,-0.15,0.22,0.49,0.11,-0.43,1.5,0.77,-0.1,0.37,0.78,0.39,0.62,0.53,65.6,<0.001,0.00129,0.0067,0.85
Triglycerides,Hippocampal Volume,5e-8,4,0.84,56.61,0,0.034,0.036,0.36,0.15,0.075,0.09,0.49,0.03,0.044,0.5,0.043,0.053,0.48,4,0.498,-0.00332,0.0065,0.66,,,,,,,,,,,,,,,,,,
Triglycerides,Hippocampal Volume,5e-6,16,1.91,32.61,0,-0.0069,0.024,0.77,0.06,0.082,0.085,0.35,-0.03,0.034,0.39,-0.0059,0.047,0.9,27.2,0.079,-0.00528,0.0047,0.28,,,,,,,,,,,,,,,,,,
Triglycerides,LOAD,5e-8,7,0.69,53.65,2,0.012,0.017,0.48,0.1,0.0052,0.2,0.98,0.0066,0.027,0.8,-0.002,0.047,0.97,28.8,0.002,0.000865,0.025,0.97,,,,,,,,,,,,,,,,,,
Triglycerides,LOAD,5e-8,NA,NA,NA,NA,NA,NA,NA,NA,NA,NA,NA,NA,NA,NA,NA,NA,NA,NA,NA,NA,NA,NA,0.012,0.022,0.59,0.08,-0.015,0.13,0.92,0.0063,0.028,0.82,0.0019,0.037,0.96,6.9,0.328,0.00336,0.016,0.84
Triglycerides,LOAD,5e-6,21,1.29,33.81,0,0.015,0.012,0.22,0.23,0.039,0.055,0.49,0.0092,0.019,0.63,0.002,0.034,0.95,35.7,0.038,-0.00259,0.0057,0.66,,,,,,,,,,,,,,,,,,
Triglycerides,Neurofibrillary Tangles,5e-6,5,2.4,23.24,0,3.8e-05,0.0099,1,0.05,0.022,0.039,0.61,-0.00093,0.012,0.94,-0.0076,0.017,0.68,2.9,0.772,-0.00633,0.011,0.6,,,,,,,,,,,,,,,,,,
Triglycerides,Ptau181,5e-8,4,4.37,35.85,0,0.038,0.071,0.59,0.08,0.043,0.34,0.91,0.04,0.079,0.62,0.053,0.11,0.66,1.7,0.8,-0.000247,0.016,0.99,,,,,,,,,,,,,,,,,,
Triglycerides,Ptau181,5e-6,10,9.1,31.37,0,-0.0088,0.051,0.86,0.06,0.044,0.18,0.81,-0.0039,0.065,0.95,-0.0023,0.092,0.98,7.1,0.754,-0.00212,0.0067,0.76,,,,,,,,,,,,,,,,,,
Triglycerides,Tau,5e-6,7,5.55,26.36,0,0.022,0.063,0.73,0.06,0.21,0.37,0.59,0.034,0.082,0.68,0.032,0.1,0.77,9.7,0.323,-0.00639,0.012,0.62,,,,,,,,,,,,,,,,,,
Type 2 Diabetes,AAOS,5e-6,20,1.21,24.59,0,0.022,0.022,0.32,0.64,-0.082,0.11,0.47,0.0026,0.035,0.94,-0.0045,0.046,0.92,40,0.009,0.0109,0.011,0.34,,,,,,,,,,,,,,,,,,
Type 2 Diabetes,AB42,5e-6,8,5.56,23.1,0,0.067,0.14,0.64,0.09,-0.91,0.47,0.11,-0.0057,0.2,0.98,-0.22,0.34,0.53,13.5,0.178,0.0256,0.012,0.075,,,,,,,,,,,,,,,,,,
Type 2 Diabetes,Cortical Surface Area,5e-8,10,1.45,49.72,0,-3.8e-06,3.1e-06,0.22,0.34,-1.2e-05,8.9e-06,0.21,-5.7e-06,4.1e-06,0.16,-5.7e-06,4.9e-06,0.28,8.8,0.633,0.00763,0.0078,0.36,,,,,,,,,,,,,,,,,,
Type 2 Diabetes,Cortical Surface Area,5e-6,33,3.09,32.59,2,-6.8e-06,2.2e-06,0.0015,0.98,-6.3e-06,9.5e-06,0.51,-6.1e-06,3.5e-06,0.077,-5.5e-06,4.2e-06,0.2,61.1,0.005,-0.000418,0.0068,0.95,,,,,,,,,,,,,,,,,,
Type 2 Diabetes,Cortical Surface Area,5e-6,NA,NA,NA,NA,NA,NA,NA,NA,NA,NA,NA,NA,NA,NA,NA,NA,NA,NA,NA,NA,NA,NA,-9.2e-06,2.2e-06,3e-05,1,-6.8e-06,7.9e-06,0.39,-6.1e-06,3.5e-06,0.081,-5.4e-06,4.3e-06,0.22,39.3,0.2046,-0.00181,0.0056,0.75
Type 2 Diabetes,Cortical Thickness,5e-8,6,0.63,35.86,1,-0.12,0.66,0.85,0.07,1.4,5.8,0.83,-0.69,1,0.5,-2.1,2,0.35,21.1,0.013,-0.00878,0.033,0.81,,,,,,,,,,,,,,,,,,
Type 2 Diabetes,Cortical Thickness,5e-8,NA,NA,NA,NA,NA,NA,NA,NA,NA,NA,NA,NA,NA,NA,NA,NA,NA,NA,NA,NA,NA,NA,-1,0.73,0.16,0.51,4.4,3.3,0.28,-1.5,0.98,0.12,-2.2,1.8,0.29,10.7,0.137,-0.033,0.02,0.19
Type 2 Diabetes,Cortical Thickness,5e-6,31,2.3,25.56,0,-0.38,0.36,0.29,0.3,0.86,2.5,0.74,-0.41,0.59,0.49,-0.25,1.4,0.86,71.4,4e-4,-0.00567,0.011,0.62,,,,,,,,,,,,,,,,,,
Type 2 Diabetes,Hippocampal Volume,5e-8,4,0.84,56.61,2,-0.0048,0.061,0.94,0.05,0.23,0.36,0.59,0.018,0.081,0.82,0.1,0.096,0.36,27.5,0.004,-0.019,0.026,0.55,,,,,,,,,,,,,,,,,,
Type 2 Diabetes,Hippocampal Volume,5e-8,NA,NA,NA,NA,NA,NA,NA,NA,NA,NA,NA,NA,NA,NA,NA,NA,NA,NA,NA,NA,NA,NA,-0.0023,0.078,0.98,0.05,,,,,,,,,,,,,,
Type 2 Diabetes,Hippocampal Volume,5e-6,14,1.74,33.87,0,-0.0085,0.042,0.84,0.06,0.2,0.18,0.28,0.052,0.065,0.43,0.081,0.083,0.35,37.6,<0.001,-0.013,0.01,0.23,,,,,,,,,,,,,,,,,,
Type 2 Diabetes,LOAD,5e-8,10,1.04,57.11,1,0.028,0.022,0.22,0.42,0.11,0.18,0.56,-0.00095,0.033,0.98,-0.017,0.043,0.71,33.1,0.002,-0.0104,0.022,0.65,,,,,,,,,,,,,,,,,,
Type 2 Diabetes,LOAD,5e-8,NA,NA,NA,NA,NA,NA,NA,NA,NA,NA,NA,NA,NA,NA,NA,NA,NA,NA,NA,NA,NA,NA,0.011,0.023,0.64,0.11,-0.031,0.16,0.86,-0.0082,0.031,0.8,-0.03,0.045,0.52,20.9,0.047,0.00516,0.02,0.8
Type 2 Diabetes,LOAD,5e-6,23,1.61,38.47,1,0.016,0.018,0.36,0.25,-0.02,0.092,0.83,-0.028,0.028,0.3,-0.029,0.041,0.49,53.4,0.002,0.00416,0.01,0.68,,,,,,,,,,,,,,,,,,
Type 2 Diabetes,LOAD,5e-6,NA,NA,NA,NA,NA,NA,NA,NA,NA,NA,NA,NA,NA,NA,NA,NA,NA,NA,NA,NA,NA,NA,0.0051,0.018,0.78,0.07,-0.091,0.084,0.29,-0.035,0.028,0.21,-0.029,0.044,0.51,41.2,0.016,0.0108,0.009,0.24
Type 2 Diabetes,Neurofibrillary Tangles,5e-6,4,1.8,21.64,0,0.0033,0.02,0.87,0.06,0.036,0.15,0.83,0.0054,0.027,0.84,0.021,0.049,0.7,15.1,0.035,-0.00931,0.042,0.84,,,,,,,,,,,,,,,,,,
Type 2 Diabetes,Ptau181,5e-6,8,7.06,29.79,1,0.022,0.094,0.81,0.08,-0.4,0.48,0.43,-0.013,0.13,0.92,-0.24,0.33,0.49,22.5,0.02,0.0166,0.018,0.39,,,,,,,,,,,,,,,,,,
Type 2 Diabetes,Ptau181,5e-6,NA,NA,NA,NA,NA,NA,NA,NA,NA,NA,NA,NA,NA,NA,NA,NA,NA,NA,NA,NA,NA,NA,-0.087,0.1,0.4,0.15,-0.38,0.4,0.39,-0.22,0.15,0.13,-0.25,0.27,0.39,13.4,0.152,0.0118,0.015,0.47
Type 2 Diabetes,Tau,5e-6,6,4.83,26.57,1,0.18,0.11,0.11,0.6,-1.2,1.3,0.39,0.021,0.19,0.91,-0.25,0.33,0.48,37.3,0.001,0.0485,0.043,0.32,,,,,,,,,,,,,,,,,,
Type 2 Diabetes,Tau,5e-6,NA,NA,NA,NA,NA,NA,NA,NA,NA,NA,NA,NA,NA,NA,NA,NA,NA,NA,NA,NA,NA,NA,0.0068,0.12,0.96,0.05,-0.0055,1.4,1,-0.08,0.17,0.63,-0.32,0.41,0.48,22.4,0.01,0.000447,0.05,0.99
