outcome,exposure,pt,outliers_removed,qval,nsnp,n_outliers,RSSobs,MRPRESSO.pval,egger_intercept,egger_se,Egger.pval,snp_r2.exposure,snp_r2.outcome,correct_causal_direction,steiger_pval,exposure.name,exposure.domain,outcome.name,outcome.domain,Egger_b,IVW_b,WMBE_b,WME_b,Egger_se,IVW_se,WMBE_se,WME_se,Egger_MR.pval,IVW_MR.pval,WMBE_MR.pval,WME_MR.pval,IVW_Signif,Egger_Signif,WME_Signif,WMBE_Signif,MRPRESSO.pval_rm,pass,pass_0.1,domain.exposure,domain.outcome
Dashti2019slepdur,Beecham2014braak4,5e-6,FALSE,0.3738129321895056,9,0,7.9,0.7098,-7.55e-4,0.0014,0.59,0.045813981777320066,1.9537032852425935e-5,TRUE,0,Neurofibrillary Tangles,Neuropathology,Sleep Duration,Psychosocial,-0.0015,-0.002,-0.0021,-0.0021,0.0017,0.0014,0.0016,0.0017,0.4,0.17,0.23,0.23, , , , ,0.7098,FALSE,FALSE,Neuropathology,Psychosocial
Dashti2019slepdur,Beecham2014npany,5e-6,FALSE,0.6213234595143573,10,0,15.7,0.178,-0.00141,0.0037,0.72,0.2146254452196637,2.9891832658441975e-5,TRUE,0,Neuritic Plaques,Neuropathology,Sleep Duration,Psychosocial,0.0024,9.9e-4,0.0035,0.0025,0.0043,0.0018,0.004,0.0026,0.59,0.58,0.4,0.34, , , , ,0.178,FALSE,FALSE,Neuropathology,Psychosocial
Dashti2019slepdur,Deming2017ab42,5e-6,FALSE,0.734413765077953,11,0,11.2,0.5188,-2.1e-4,0.0029,0.94,0.07957561719378063,2.1305837775394637e-5,TRUE,0,AB42,CSF,Sleep Duration,Psychosocial,0.0099,0.0025,0.0047,0.016,0.11,0.034,0.067,0.045,0.93,0.94,0.95,0.73, , , , ,0.5188,FALSE,FALSE,CSF,Psychosocial
Dashti2019slepdur,Deming2017ptau,5e-6,FALSE,0.4844538338061213,12,0,23.9,0.048,-3.1e-4,0.004,0.94,0.10547187238184497,4.528336051837313e-5,TRUE,0,Ptau181,CSF,Sleep Duration,Psychosocial,-0.016,-0.023,-0.065,-0.042,0.099,0.022,0.06,0.034,0.88,0.3,0.3,0.21, , , , ,0.048,FALSE,FALSE,CSF,Psychosocial
Dashti2019slepdur,Deming2017tau,5e-6,TRUE,0.5663735568202907,6,1,12.8,0.117,-0.0064,0.0069,0.41,0.048339928733828134,1.914617658503353e-5,TRUE,0,Tau,CSF,Sleep Duration,Psychosocial,0.22,0.024,0.076,0.023,0.22,0.032,0.067,0.047,0.36,0.45,0.31,0.63, , , , ,0.117,FALSE,FALSE,CSF,Psychosocial
Dashti2019slepdur,Grasby2020surfarea,5e-6,TRUE,1.3507472758289745e-7,41,3,61.8,0.0359,1.1e-4,0.0016,0.95,0.03707154463644883,2.0790281954355844e-4,TRUE,0,Cortical Surface Area,Neuroimaging,Sleep Duration,Psychosocial,3.2e-6,3.3e-6,9.3e-7,3e-6,2.2e-6,5.6e-7,1.5e-6,8.9e-7,0.17,5e-9,0.55,8e-4,***, ,***, ,0.0359,TRUE,NA,Neuroimaging,Psychosocial
Dashti2019slepdur,Grasby2020thickness,5e-6,FALSE,0.2842056129254799,35,0,92.1,<1e-04,-0.00185,0.0033,0.58,0.026597579824794847,2.041231207793402e-4,TRUE,0,Cortical Thickness,Neuroimaging,Sleep Duration,Psychosocial,0.23,-0.17,-0.69,-0.11,0.72,0.098,0.42,0.17,0.75,0.09,0.11,0.51,., , , ,1e-4,FALSE,FALSE,Neuroimaging,Psychosocial
Dashti2019slepdur,Hilbar2017hipv,5e-6,TRUE,0.015956693400307347,22,1,31,0.1446,9.4e-4,0.0016,0.56,0.024994307802261317,8.47110536772217e-5,TRUE,0,Hippocampal Volume,Neuroimaging,Sleep Duration,Psychosocial,-0.041,-0.029,-0.027,-0.031,0.023,0.0094,0.019,0.014,0.091,0.0019,0.17,0.025,**,.,*, ,0.1446,TRUE,NA,Neuroimaging,Psychosocial
Dashti2019slepdur,Huang2017aaos,5e-6,TRUE,0.5663250864041084,35,1,45.8,0.1311,-9.01e-4,0.001,0.38,0.03645777329516533,1.0008526015002343e-4,TRUE,0,AAOS,Diagnosis,Sleep Duration,Psychosocial,0.0011,-0.0027,7.6e-4,6.1e-4,0.0059,0.0035,0.0063,0.0051,0.86,0.44,0.9,0.91, , , , ,0.1311,FALSE,FALSE,Diagnosis,Psychosocial
Dashti2019slepdur,Kunkle2019load,5e-6,TRUE,0.4323641989306644,35,2,42.3,0.2256,-0.00123,0.0015,0.43,0.021012247201978595,9.30084355014344e-5,TRUE,0,LOAD,Diagnosis,Sleep Duration,Psychosocial,0.015,0.0052,0.0049,0.0029,0.013,0.0044,0.011,0.0067,0.26,0.24,0.66,0.67, , , , ,0.2256,FALSE,FALSE,Diagnosis,Psychosocial
Day2018sociso,Beecham2014braak4,5e-6,FALSE,0.734413765077953,9,0,28.2,0.098,0.00188,0.0012,0.16,0.045813981777320066,1.7180059914709328e-5,TRUE,0,Neurofibrillary Tangles,Neuropathology,Social Isolation,Psychosocial,-0.0011,6.2e-5,-7.8e-4,-9.1e-4,0.0015,0.0013,0.0014,0.0015,0.48,0.96,0.58,0.54, , , , ,0.098,FALSE,FALSE,Neuropathology,Psychosocial
Day2018sociso,Beecham2014npany,5e-6,FALSE,0.4207874873710679,10,0,16.8,0.1378,0.00279,0.0033,0.42,0.2146254452196637,3.240204713170765e-5,TRUE,0,Neuritic Plaques,Neuropathology,Social Isolation,Psychosocial,-7.4e-4,0.002,0.0058,0.0035,0.0037,0.0016,0.0034,0.0023,0.85,0.21,0.13,0.12, , , , ,0.1378,FALSE,FALSE,Neuropathology,Psychosocial
Day2018sociso,Deming2017ab42,5e-6,FALSE,0.6877824886646012,11,0,14.5,0.2854,0.00277,0.0028,0.35,0.07957561719378063,2.7166374720496193e-5,TRUE,0,AB42,CSF,Social Isolation,Psychosocial,-0.089,0.0083,-0.022,-0.017,0.11,0.031,0.062,0.044,0.42,0.79,0.73,0.7, , , , ,0.2854,FALSE,FALSE,CSF,Psychosocial
Day2018sociso,Deming2017ptau,5e-6,FALSE,0.6765717729973125,12,0,16,0.265,-4.65e-4,0.0029,0.88,0.10547187238184497,2.918340808249689e-5,TRUE,0,Ptau181,CSF,Social Isolation,Psychosocial,0.018,0.0066,0.055,0.022,0.073,0.02,0.055,0.029,0.81,0.74,0.34,0.44, , , , ,0.265,FALSE,FALSE,CSF,Psychosocial
Day2018sociso,Deming2017tau,5e-6,FALSE,0.4837070336639787,7,0,4.4,0.7805,0.00652,0.0044,0.2,0.05580063493846667,9.771971798656381e-6,TRUE,0,Tau,CSF,Social Isolation,Psychosocial,-0.23,-0.029,-0.061,-0.052,0.13,0.027,0.049,0.033,0.15,0.29,0.27,0.11, , , , ,0.7805,FALSE,FALSE,CSF,Psychosocial
Day2018sociso,Grasby2020surfarea,5e-6,TRUE,0.002870674009726527,43,2,66.8,0.0203,0.00153,0.0012,0.22,0.042083659212821485,1.6779230820322073e-4,TRUE,0,Cortical Surface Area,Neuroimaging,Social Isolation,Psychosocial,-3.7e-6,-1.8e-6,-1.7e-6,-1.9e-6,1.6e-6,4.7e-7,1.8e-6,7.5e-7,0.031,2.1e-4,0.36,0.011,***,*,*, ,0.0203,TRUE,NA,Neuroimaging,Psychosocial
Day2018sociso,Grasby2020thickness,5e-6,TRUE,0.013378433623557024,37,2,87,<1e-04,0.00151,0.0026,0.57,0.027878107904987,2.046078474130391e-4,TRUE,0,Cortical Thickness,Neuroimaging,Social Isolation,Psychosocial,-0.047,0.28,-0.28,0.16,0.57,0.086,0.35,0.15,0.94,0.0013,0.43,0.28,**, , , ,1e-4,FALSE,NA,Neuroimaging,Psychosocial
Day2018sociso,Hilbar2017hipv,5e-6,FALSE,0.49953748764684003,22,0,35.3,0.0588,0.00113,0.0016,0.48,0.029664519497710106,9.24300629206028e-5,TRUE,0,Hippocampal Volume,Neuroimaging,Social Isolation,Psychosocial,-0.023,-0.008,-0.029,-0.014,0.023,0.0082,0.026,0.013,0.33,0.33,0.28,0.27, , , , ,0.0588,FALSE,FALSE,Neuroimaging,Psychosocial
Day2018sociso,Huang2017aaos,5e-6,FALSE,0.6160337059854964,32,0,44.8,0.0925,-0.00168,9.1e-4,0.075,0.02831410883608471,9.326799380696249e-5,TRUE,0,AAOS,Diagnosis,Social Isolation,Psychosocial,0.006,-0.002,0.008,0.0072,0.0058,0.0034,0.0073,0.0054,0.31,0.55,0.28,0.18, , , , ,0.0925,FALSE,FALSE,Diagnosis,Psychosocial
Day2018sociso,Kunkle2019load,5e-8,TRUE,0.357194554057959,13,1,11.7,0.623,5.27e-5,0.0024,0.98,0.01128507079063897,2.6705851734894303e-5,TRUE,0,LOAD,Diagnosis,Social Isolation,Psychosocial,-0.0082,-0.0078,-0.01,-0.0066,0.019,0.0053,0.011,0.0073,0.68,0.15,0.37,0.36, , , , ,0.623,FALSE,FALSE,Diagnosis,Psychosocial
Evangelou2018dbp,Beecham2014braak4,5e-6,TRUE,0.5663735568202907,7,1,9.3,0.3382,-4.1e-4,0.022,0.99,0.02423199440706709,1.0261124390508745e-5,TRUE,0,Neurofibrillary Tangles,Neuropathology,Diastolic Blood Pressure,Health,0.024,0.022,0.0075,0.017,0.07,0.029,0.052,0.041,0.75,0.44,0.89,0.69, , , , ,0.3382,FALSE,FALSE,Neuropathology,Health
Evangelou2018dbp,Beecham2014npany,5e-6,FALSE,0.35074800208475326,10,0,12.6,0.3412,-0.00598,0.026,0.82,0.2146254452196637,1.601867437460212e-5,TRUE,0,Neuritic Plaques,Neuropathology,Diastolic Blood Pressure,Health,0.027,0.021,0.038,0.025,0.03,0.014,0.035,0.019,0.4,0.14,0.3,0.2, , , , ,0.3412,FALSE,FALSE,Neuropathology,Health
Evangelou2018dbp,Deming2017ab42,5e-6,FALSE,0.5966124840058227,11,0,17.9,0.1415,-0.0119,0.028,0.68,0.07957561719378063,1.9627707733291182e-5,TRUE,0,AB42,CSF,Diastolic Blood Pressure,Health,0.6,0.17,0.14,0.19,1,0.27,0.6,0.37,0.58,0.51,0.82,0.6, , , , ,0.1415,FALSE,FALSE,CSF,Health
Evangelou2018dbp,Deming2017ptau,5e-6,FALSE,0.5679197629974444,12,0,20.4,0.1092,0.00931,0.028,0.75,0.10547187238184497,2.3811211914980135e-5,TRUE,0,Ptau181,CSF,Diastolic Blood Pressure,Health,-0.35,-0.13,-0.2,-0.097,0.71,0.17,0.35,0.25,0.63,0.45,0.57,0.7, , , , ,0.1092,FALSE,FALSE,CSF,Health
Evangelou2018dbp,Deming2017tau,5e-6,FALSE,0.6729408970150718,7,0,3.9,0.8228,0.00254,0.037,0.95,0.05580063493846667,4.205121994617329e-6,TRUE,0,Tau,CSF,Diastolic Blood Pressure,Health,0.0055,0.082,0.075,0.067,1.1,0.23,0.39,0.29,1,0.72,0.85,0.82, , , , ,0.8228,FALSE,FALSE,CSF,Health
Evangelou2018dbp,Grasby2020surfarea,5e-6,TRUE,2.5925755697187118e-14,36,8,99.3,<1e-04,-1.51e-4,0.018,0.99,0.03335661417385962,2.0978315520972697e-4,TRUE,0,Cortical Surface Area,Neuroimaging,Diastolic Blood Pressure,Health,-3.7e-5,-3.8e-5,-5.1e-5,-3.4e-5,2.4e-5,4.6e-6,1.5e-5,7.9e-6,0.14,4.1e-16,0.0018,1.7e-5,***, ,***,**,1e-4,TRUE,NA,Neuroimaging,Health
Evangelou2018dbp,Grasby2020thickness,5e-6,TRUE,0.5966124840058227,35,2,77.4,1e-4,-0.0127,0.026,0.63,0.025900635562525712,9.669111261541463e-5,TRUE,0,Cortical Thickness,Neuroimaging,Diastolic Blood Pressure,Health,3.3,0.5,0.94,0.68,5.9,0.77,2.7,1.3,0.58,0.51,0.73,0.59, , , , ,1e-4,FALSE,FALSE,Neuroimaging,Health
Evangelou2018dbp,Hilbar2017hipv,5e-6,TRUE,0.5663250864041084,17,3,14.8,0.6609,-0.00704,0.014,0.63,0.02301137218817274,1.7434102375130965e-5,TRUE,0,Hippocampal Volume,Neuroimaging,Diastolic Blood Pressure,Health,0.15,0.061,-0.081,-0.028,0.19,0.078,0.19,0.11,0.45,0.43,0.67,0.8, , , , ,0.6609,FALSE,FALSE,Neuroimaging,Health
Evangelou2018dbp,Huang2017aaos,5e-6,TRUE,0.4143609860338774,29,1,43.1,0.0672,0.0156,0.0085,0.076,0.0230281258630066,5.4983546784491455e-5,TRUE,0,AAOS,Diagnosis,Diastolic Blood Pressure,Health,-0.044,0.04,0.027,0.023,0.058,0.032,0.062,0.047,0.46,0.21,0.66,0.63, , , , ,0.0672,FALSE,FALSE,Diagnosis,Health
Evangelou2018dbp,Kunkle2019load,5e-6,TRUE,0.3000116968087868,31,2,74.7,<1e-04,-0.0117,0.019,0.54,0.018924840867507904,9.499848508907741e-5,TRUE,0,LOAD,Diagnosis,Diastolic Blood Pressure,Health,0.16,0.059,-0.098,-0.013,0.17,0.036,0.14,0.06,0.36,0.1,0.48,0.83,., , , ,1e-4,FALSE,FALSE,Diagnosis,Health
Evangelou2018pp,Beecham2014braak4,5e-6,FALSE,0.4862601558902132,7,0,10.6,0.254,0.0299,0.041,0.5,0.021922663080200768,1.1838004048892568e-5,TRUE,0,Neurofibrillary Tangles,Neuropathology,Pulse Pressure,Health,-0.14,-0.039,-0.061,-0.043,0.15,0.038,0.075,0.052,0.38,0.3,0.44,0.41, , , , ,0.254,FALSE,FALSE,Neuropathology,Health
Evangelou2018pp,Beecham2014npany,5e-6,FALSE,0.10971904924391768,10,0,13.9,0.2685,-0.00433,0.032,0.9,0.2146254452196637,2.167987405285154e-5,TRUE,0,Neuritic Plaques,Neuropathology,Pulse Pressure,Health,-0.035,-0.039,-0.0065,-0.012,0.038,0.017,0.033,0.023,0.39,0.021,0.85,0.59,*, , , ,0.2685,FALSE,FALSE,Neuropathology,Health
Evangelou2018pp,Deming2017ab42,5e-6,FALSE,0.5668096553408851,11,0,21.4,0.0611,0.0797,0.026,0.014,0.07957561719378063,2.4136163825163864e-5,TRUE,0,AB42,CSF,Pulse Pressure,Health,-3.1,-0.24,-0.3,-0.29,0.98,0.31,0.69,0.46,0.012,0.45,0.67,0.53, ,*, , ,0.0611,FALSE,FALSE,CSF,Health
Evangelou2018pp,Deming2017ptau,5e-6,FALSE,0.38877658788943237,12,0,13.9,0.3928,0.0216,0.027,0.44,0.10547187238184497,1.8025350588225207e-5,TRUE,0,Ptau181,CSF,Pulse Pressure,Health,-0.24,0.27,0.4,0.4,0.67,0.2,0.38,0.27,0.73,0.18,0.32,0.15, , , , ,0.3928,FALSE,FALSE,CSF,Health
Evangelou2018pp,Deming2017tau,5e-6,FALSE,0.1133756436788284,7,0,8.5,0.4112,-0.0273,0.047,0.59,0.05580063493846667,1.5110694667879461e-5,TRUE,0,Tau,CSF,Pulse Pressure,Health,1.4,0.63,1,0.72,1.5,0.27,0.54,0.36,0.36,0.022,0.11,0.045,*, ,*, ,0.4112,FALSE,FALSE,CSF,Health
Evangelou2018pp,Grasby2020surfarea,5e-6,TRUE,1.6547449529073402e-8,35,6,76.7,1e-4,-0.00581,0.022,0.8,0.028323785878002262,1.4704380652752e-4,TRUE,0,Cortical Surface Area,Neuroimaging,Pulse Pressure,Health,-2.9e-5,-3.7e-5,-2.1e-5,-2.3e-5,3.3e-5,5.9e-6,1.8e-5,9.6e-6,0.39,5.3e-10,0.27,0.018,***, ,*, ,1e-4,TRUE,NA,Neuroimaging,Health
Evangelou2018pp,Grasby2020thickness,5e-6,TRUE,0.6274425411398823,33,5,60,0.0063,-0.036,0.024,0.15,0.024747642755195955,7.496376619896122e-5,TRUE,0,Cortical Thickness,Neuroimaging,Pulse Pressure,Health,8.2,0.49,1.3,0.97,5.4,0.92,2.6,1.4,0.13,0.6,0.62,0.48, , , , ,0.0063,FALSE,FALSE,Neuroimaging,Health
Evangelou2018pp,Hilbar2017hipv,5e-6,TRUE,0.31261363656141394,20,1,26.1,0.2136,-0.0038,0.016,0.82,0.025571142273612874,3.476118265766332e-5,TRUE,0,Hippocampal Volume,Neuroimaging,Pulse Pressure,Health,0.19,0.14,0.055,0.095,0.24,0.087,0.18,0.12,0.44,0.12,0.76,0.44, , , , ,0.2136,FALSE,FALSE,Neuroimaging,Health
Evangelou2018pp,Huang2017aaos,5e-6,TRUE,0.014467624499511748,28,1,34.4,0.2513,0.00449,0.0096,0.64,0.022767412466299253,5.4976780492106454e-5,TRUE,0,AAOS,Diagnosis,Pulse Pressure,Health,0.095,0.12,0.0021,0.063,0.066,0.038,0.084,0.057,0.16,0.0016,0.98,0.27,**, , , ,0.2513,TRUE,NA,Diagnosis,Health
Evangelou2018pp,Kunkle2019load,5e-8,FALSE,0.48311237053306794,14,0,13,0.5964,-0.00238,0.023,0.92,0.01194170011616192,1.5620100256840515e-5,TRUE,0,LOAD,Diagnosis,Pulse Pressure,Health,0.075,0.056,0.13,0.094,0.19,0.053,0.14,0.072,0.7,0.29,0.38,0.19, , , , ,0.5964,FALSE,FALSE,Diagnosis,Health
Evangelou2018sbp,Beecham2014braak4,5e-6,TRUE,0.7180663539307193,6,1,9.6,0.2464,0.00355,0.067,0.96,0.01941905967713168,8.700458083065635e-6,TRUE,0,Neurofibrillary Tangles,Neuropathology,Systolic Blood Pressure,Health,-0.0049,0.0073,-0.0041,-0.0021,0.24,0.059,0.11,0.079,0.98,0.9,0.97,0.98, , , , ,0.2464,FALSE,FALSE,Neuropathology,Health
Evangelou2018sbp,Beecham2014npany,5e-6,FALSE,0.5937718926502744,10,0,14.6,0.2251,-0.00503,0.048,0.92,0.2146254452196637,1.5686584575728632e-5,TRUE,0,Neuritic Plaques,Neuropathology,Systolic Blood Pressure,Health,-0.012,-0.017,0.045,0.015,0.056,0.025,0.068,0.035,0.84,0.5,0.52,0.66, , , , ,0.2251,FALSE,FALSE,Neuropathology,Health
Evangelou2018sbp,Deming2017ab42,5e-6,FALSE,0.6912594665358353,11,0,18.9,0.1127,0.0653,0.045,0.18,0.07957561719378063,2.0180168090199884e-5,TRUE,0,AB42,CSF,Systolic Blood Pressure,Health,-2.4,-0.11,0.17,0.11,1.7,0.46,0.93,0.65,0.18,0.81,0.86,0.87, , , , ,0.1127,FALSE,FALSE,CSF,Health
Evangelou2018sbp,Deming2017ptau,5e-6,FALSE,0.613728175575245,12,0,22.7,0.0617,0.0281,0.052,0.6,0.10547187238184497,2.6214139560758515e-5,TRUE,0,Ptau181,CSF,Systolic Blood Pressure,Health,-0.49,0.18,0.81,0.35,1.3,0.3,0.74,0.44,0.71,0.55,0.3,0.42, , , , ,0.0617,FALSE,FALSE,CSF,Health
Evangelou2018sbp,Deming2017tau,5e-6,FALSE,0.2589410025068004,7,0,6.4,0.6005,-0.0383,0.064,0.58,0.05580063493846667,1.0437852545421842e-5,TRUE,0,Tau,CSF,Systolic Blood Pressure,Health,1.9,0.72,1.4,1.1,2,0.4,0.77,0.5,0.39,0.074,0.13,0.024,., ,*, ,0.6005,FALSE,FALSE,CSF,Health
Evangelou2018sbp,Grasby2020surfarea,5e-6,TRUE,8.286837156896102e-15,34,5,91.4,<1e-04,-0.0267,0.036,0.47,0.027859550514526522,2.0464431351800466e-4,TRUE,0,Cortical Surface Area,Neuroimaging,Systolic Blood Pressure,Health,-3.6e-5,-7.3e-5,-1.5e-5,-4.3e-5,5.3e-5,8.8e-6,4.6e-5,1.5e-5,0.51,8.8e-17,0.75,0.005,***, ,**, ,1e-4,TRUE,NA,Neuroimaging,Health
Evangelou2018sbp,Grasby2020thickness,5e-6,TRUE,0.6667428640900903,34,3,74.5,1e-4,-0.0014,0.04,0.97,0.025487317126740613,9.231054739221825e-5,TRUE,0,Cortical Thickness,Neuroimaging,Systolic Blood Pressure,Health,0.82,0.52,-2.2,0.34,8.9,1.3,5.4,2.1,0.93,0.7,0.69,0.87, , , , ,1e-4,FALSE,FALSE,Neuroimaging,Health
Evangelou2018sbp,Hilbar2017hipv,5e-6,FALSE,0.22101256926162885,20,0,33.6,0.0523,0.00395,0.027,0.89,0.02809147070090537,4.7051905408580406e-5,TRUE,0,Hippocampal Volume,Neuroimaging,Systolic Blood Pressure,Health,0.19,0.24,0.35,0.33,0.4,0.13,0.25,0.18,0.63,0.057,0.19,0.071,., ,., ,0.0523,FALSE,FALSE,Neuroimaging,Health
Evangelou2018sbp,Huang2017aaos,5e-6,FALSE,0.09034311863935704,29,0,32.3,0.3748,0.0171,0.013,0.2,0.02369292077720825,4.9603535166377e-5,TRUE,0,AAOS,Diagnosis,Systolic Blood Pressure,Health,0.042,0.13,0.096,0.13,0.09,0.055,0.093,0.085,0.64,0.015,0.31,0.11,*, , , ,0.3748,FALSE,TRUE,Diagnosis,Health
Evangelou2018sbp,Kunkle2019load,5e-8,TRUE,0.4461831855198126,13,1,13.9,0.4666,-0.0641,0.036,0.1,0.01128507079063897,1.628597481600508e-5,TRUE,0,LOAD,Diagnosis,Systolic Blood Pressure,Health,0.6,0.092,-0.14,0.064,0.29,0.08,0.22,0.12,0.066,0.25,0.52,0.59, ,., , ,0.4666,FALSE,FALSE,Diagnosis,Health
Howard2019dep23andMe,Beecham2014braak4,5e-6,FALSE,0.6912594665358353,8,0,13.7,0.1634,-0.00528,0.0044,0.28,0.026735597810136177,1.027361415397223e-5,TRUE,0,Neurofibrillary Tangles,Neuropathology,Depression,Psychosocial,0.013,-0.0013,0.0084,0.0038,0.014,0.0057,0.0096,0.0075,0.38,0.81,0.41,0.61, , , , ,0.1634,FALSE,FALSE,Neuropathology,Psychosocial
Howard2019dep23andMe,Beecham2014npany,5e-6,FALSE,0.5324476278120701,10,0,9.3,0.5831,-0.00381,0.0047,0.44,0.2146254452196637,8.73096413002013e-6,TRUE,0,Neuritic Plaques,Neuropathology,Depression,Psychosocial,0.0063,0.0026,0.0048,0.0048,0.0055,0.0029,0.0052,0.0039,0.28,0.38,0.39,0.22, , , , ,0.5831,FALSE,FALSE,Neuropathology,Psychosocial
Howard2019dep23andMe,Deming2017ab42,5e-6,TRUE,0.6160337059854964,10,1,6.7,0.7975,0.00653,0.005,0.23,0.07281965701419443,5.671588051463992e-6,TRUE,0,AB42,CSF,Depression,Psychosocial,-0.26,-0.032,0.0062,6.9e-4,0.18,0.056,0.11,0.071,0.19,0.57,0.96,0.99, , , , ,0.7975,FALSE,FALSE,CSF,Psychosocial
Howard2019dep23andMe,Deming2017ptau,5e-6,FALSE,0.641317753171231,12,0,14.8,0.3295,0.00613,0.0044,0.2,0.10547187238184497,1.2022427451573284e-5,TRUE,0,Ptau181,CSF,Depression,Psychosocial,-0.13,0.017,0.078,0.034,0.11,0.034,0.091,0.05,0.27,0.62,0.41,0.49, , , , ,0.3295,FALSE,FALSE,CSF,Psychosocial
Howard2019dep23andMe,Deming2017tau,5e-6,FALSE,0.6667428640900903,7,0,12.6,0.1575,0.00345,0.0098,0.74,0.05580063493846667,8.324121322641839e-6,TRUE,0,Tau,CSF,Depression,Psychosocial,-0.086,0.018,0.1,0.055,0.3,0.047,0.091,0.065,0.79,0.7,0.31,0.39, , , , ,0.1575,FALSE,FALSE,CSF,Psychosocial
Howard2019dep23andMe,Grasby2020surfarea,5e-8,TRUE,0.022210359477656455,11,1,21.7,0.0637,-9.03e-4,0.0051,0.86,0.01900821907504289,2.6497646720430813e-5,TRUE,0,Cortical Surface Area,Neuroimaging,Depression,Psychosocial,-2.8e-6,-3.7e-6,-3.4e-6,-3.4e-6,5.3e-6,1.2e-6,2.1e-6,1.7e-6,0.61,0.0027,0.13,0.046,**, ,*, ,0.0637,TRUE,NA,Neuroimaging,Psychosocial
Howard2019dep23andMe,Grasby2020thickness,5e-6,TRUE,0.734413765077953,35,3,60.7,0.0074,-0.00201,0.004,0.62,0.02651722313018934,5.520349918362424e-5,TRUE,0,Cortical Thickness,Neuroimaging,Depression,Psychosocial,0.43,-0.0072,0.26,0.16,0.89,0.15,0.45,0.24,0.64,0.96,0.56,0.5, , , , ,0.0074,FALSE,FALSE,Neuroimaging,Psychosocial
Howard2019dep23andMe,Hilbar2017hipv,5e-6,FALSE,0.4214973380869709,23,0,32.9,0.118,9.02e-4,0.0025,0.72,0.030542258554800642,3.607760856588862e-5,TRUE,0,Hippocampal Volume,Neuroimaging,Depression,Psychosocial,-0.029,-0.017,-0.039,-0.029,0.036,0.014,0.033,0.021,0.43,0.22,0.25,0.18, , , , ,0.118,FALSE,FALSE,Neuroimaging,Psychosocial
Howard2019dep23andMe,Huang2017aaos,5e-6,TRUE,0.531062628865977,32,1,53,0.0186,-0.0035,0.0017,0.05,0.029427754839729748,5.29168180332274e-5,TRUE,0,AAOS,Diagnosis,Depression,Psychosocial,0.022,0.0054,0.019,0.015,0.011,0.006,0.011,0.0092,0.053,0.37,0.11,0.099, ,.,., ,0.0186,FALSE,FALSE,Diagnosis,Psychosocial
Howard2019dep23andMe,Kunkle2019load,5e-6,TRUE,0.4916284343885345,34,2,60.2,0.0065,0.00108,0.003,0.73,0.02048048177899322,5.9010845345843096e-5,TRUE,0,LOAD,Diagnosis,Depression,Psychosocial,-0.0017,0.0071,-0.0014,0.003,0.026,0.007,0.015,0.011,0.95,0.31,0.93,0.78, , , , ,0.0065,FALSE,FALSE,Diagnosis,Psychosocial
Jansen2018insomnia23andMe,Beecham2014braak4,5e-6,FALSE,0.37110173531999086,9,0,19,0.1111,1.9e-4,6.4e-4,0.78,0.045813981777320066,8.095588019038133e-7,TRUE,0,Neurofibrillary Tangles,Neuropathology,Insomnia Symptoms,Psychosocial,3.1e-4,4.3e-4,4.6e-4,4.9e-4,6.4e-4,3.1e-4,3.7e-4,3.8e-4,0.64,0.17,0.25,0.2, , , , ,0.1111,FALSE,FALSE,Neuropathology,Psychosocial
Jansen2018insomnia23andMe,Beecham2014npany,5e-6,FALSE,0.6160337059854964,10,0,10.4,0.5029,7.06e-4,7.5e-4,0.37,0.2146254452196637,5.738199447716334e-7,TRUE,0,Neuritic Plaques,Neuropathology,Insomnia Symptoms,Psychosocial,-3.7e-4,1.2e-4,3.4e-5,2.5e-5,5.6e-4,2.1e-4,2.8e-4,2.5e-4,0.53,0.56,0.91,0.92, , , , ,0.5029,FALSE,FALSE,Neuropathology,Psychosocial
Jansen2018insomnia23andMe,Deming2017ab42,5e-6,FALSE,0.5307606044914615,11,0,14,0.3227,-5.98e-5,8.5e-4,0.95,0.07957561719378063,3.6874051548623267e-7,TRUE,0,AB42,CSF,Insomnia Symptoms,Psychosocial,0.0089,0.0073,-0.0076,0.0012,0.025,0.008,0.015,0.012,0.73,0.36,0.63,0.92, , , , ,0.3227,FALSE,FALSE,CSF,Psychosocial
Jansen2018insomnia23andMe,Deming2017ptau,5e-6,FALSE,0.6116356086050141,12,0,9,0.7559,6.86e-5,6.7e-4,0.92,0.10547187238184497,2.9839007714378006e-7,TRUE,0,Ptau181,CSF,Insomnia Symptoms,Psychosocial,-0.0042,-0.003,-0.0024,-0.0028,0.013,0.0049,0.0074,0.0064,0.75,0.54,0.75,0.66, , , , ,0.7559,FALSE,FALSE,CSF,Psychosocial
Jansen2018insomnia23andMe,Deming2017tau,5e-6,FALSE,0.4143609860338774,7,0,11.8,0.1962,-0.0016,0.0019,0.43,0.05580063493846667,4.531849939305856e-7,TRUE,0,Tau,CSF,Insomnia Symptoms,Psychosocial,0.033,-0.012,-0.022,-0.021,0.055,0.0095,0.018,0.013,0.57,0.2,0.25,0.11, , , , ,0.1962,FALSE,FALSE,CSF,Psychosocial
Jansen2018insomnia23andMe,Grasby2020surfarea,5e-6,TRUE,1.0551168726699038e-8,41,5,106.1,<1e-04,-7.58e-4,4.8e-4,0.13,0.03810030018035614,6.0613138813965916e-6,TRUE,0,Cortical Surface Area,Neuroimaging,Insomnia Symptoms,Psychosocial,-2.1e-7,-9.6e-7,-3.3e-7,-2.4e-7,5.3e-7,1.5e-7,2.5e-7,2.7e-7,0.69,2.8e-10,0.21,0.38,***, , , ,1e-4,FALSE,NA,Neuroimaging,Psychosocial
Jansen2018insomnia23andMe,Grasby2020thickness,5e-6,TRUE,0.310108101263551,34,3,73,1e-4,5.65e-4,8.5e-4,0.51,0.02552812799182461,3.4358233094146675e-6,TRUE,0,Cortical Thickness,Neuroimaging,Insomnia Symptoms,Psychosocial,-0.062,0.051,-0.057,-0.031,0.18,0.031,0.068,0.048,0.73,0.11,0.41,0.51, , , , ,1e-4,FALSE,FALSE,Neuroimaging,Psychosocial
Jansen2018insomnia23andMe,Hilbar2017hipv,5e-6,FALSE,0.48079274365081565,25,0,37.8,0.0783,-4.48e-5,3.6e-4,0.9,0.03133316510781363,1.5538254367911535e-6,TRUE,0,Hippocampal Volume,Neuroimaging,Insomnia Symptoms,Psychosocial,0.0018,0.0016,0.0016,0.0014,0.0029,0.0014,0.0017,0.0021,0.53,0.28,0.36,0.5, , , , ,0.0783,FALSE,FALSE,Neuroimaging,Psychosocial
Jansen2018insomnia23andMe,Huang2017aaos,5e-6,TRUE,0.37110173531999086,30,2,44.3,0.0682,1.81e-4,2.7e-4,0.51,0.026948235137326495,1.1308053293796596e-6,TRUE,0,AAOS,Diagnosis,Insomnia Symptoms,Psychosocial,-0.00093000000000000005,-6e-4,-7.1e-4,-4.2e-4,7.3e-4,4.3e-4,4.8e-4,5.8e-4,0.21,0.16,0.15,0.47, , , , ,0.0682,FALSE,FALSE,Diagnosis,Psychosocial
Jansen2018insomnia23andMe,Kunkle2019load,5e-6,TRUE,0.25969838205180146,36,1,67.1,0.0037,-5.26e-5,4.1e-4,0.9,0.021577593160380125,2.66839035648445e-6,TRUE,0,LOAD,Diagnosis,Insomnia Symptoms,Psychosocial,-0.0013,-0.0016,-0.0016,-0.0019,0.0024,8.9e-4,0.0013,0.0014,0.59,0.076,0.23,0.18,., , , ,0.0037,FALSE,FALSE,Diagnosis,Psychosocial
Klimentidis2018mvpa,Beecham2014braak4,5e-6,FALSE,0.37110173531999086,9,0,10.1,0.5716,7.34e-4,0.0015,0.64,0.045813981777320066,3.095864121981979e-5,TRUE,0,Neurofibrillary Tangles,Neuropathology,Moderate-to-vigorous PA,Lifestyle,-0.0024,-0.002,-0.002,-0.002,0.0019,0.0014,0.0016,0.0018,0.24,0.16,0.24,0.26, , , , ,0.5716,FALSE,FALSE,Neuropathology,Lifestyle
Klimentidis2018mvpa,Beecham2014npany,5e-6,FALSE,0.10889974731967245,10,0,10.7,0.4835,-0.00409,0.0029,0.2,0.2146254452196637,3.861100307251814e-5,TRUE,0,Neuritic Plaques,Neuropathology,Moderate-to-vigorous PA,Lifestyle,0.008,0.004,0.0051,0.005,0.0033,0.0017,0.0032,0.0024,0.041,0.02,0.15,0.034,*,*,*, ,0.4835,FALSE,FALSE,Neuropathology,Lifestyle
Klimentidis2018mvpa,Deming2017ab42,5e-6,FALSE,0.5663250864041084,11,0,7,0.8412,-0.0016,0.0028,0.58,0.07957561719378063,1.7230408989227762e-5,TRUE,0,AB42,CSF,Moderate-to-vigorous PA,Lifestyle,0.029,-0.028,-0.016,-0.016,0.1,0.033,0.066,0.044,0.79,0.41,0.81,0.71, , , , ,0.8412,FALSE,FALSE,CSF,Lifestyle
Klimentidis2018mvpa,Deming2017ptau,5e-6,FALSE,0.6938391456876827,12,0,19.9,0.1209,-6.71e-4,0.0036,0.86,0.10547187238184497,4.578001107582382e-5,TRUE,0,Ptau181,CSF,Moderate-to-vigorous PA,Lifestyle,0.011,-0.0046,0.022,0.017,0.09,0.022,0.039,0.031,0.9,0.83,0.59,0.58, , , , ,0.1209,FALSE,FALSE,CSF,Lifestyle
Klimentidis2018mvpa,Deming2017tau,5e-6,FALSE,0.5846919996585604,7,0,2.6,0.9239,0.00177,0.0047,0.72,0.05580063493846667,6.7597812209713724e-06,TRUE,0,Tau,CSF,Moderate-to-vigorous PA,Lifestyle,-0.032,0.021,0.038,0.03,0.14,0.029,0.049,0.037,0.83,0.47,0.47,0.41, , , , ,0.9239,FALSE,FALSE,CSF,Lifestyle
Klimentidis2018mvpa,Grasby2020surfarea,5e-8,TRUE,2.8253097692105525e-6,9,3,7.3,0.7088,0.00225,0.0023,0.36,0.015072811594825153,8.612432563757106e-5,TRUE,0,Cortical Surface Area,Neuroimaging,Moderate-to-vigorous PA,Lifestyle,-6.7e-6,-4.5e-6,-3.4e-6,-4.3e-6,2.4e-6,8.6e-7,1.8e-6,1.2e-6,0.025,1.3e-7,0.09,3.7e-4,***,*,***,.,0.7088,TRUE,NA,Neuroimaging,Lifestyle
Klimentidis2018mvpa,Grasby2020thickness,5e-6,TRUE,0.6847586513756801,38,1,48.5,0.1478,-7.97e-4,0.0021,0.71,0.02866303599591709,1.2295435657180297e-4,TRUE,0,Cortical Thickness,Neuroimaging,Moderate-to-vigorous PA,Lifestyle,0.2,0.028,-0.041,-0.015,0.47,0.092,0.25,0.13,0.67,0.76,0.87,0.91, , , , ,0.1478,FALSE,FALSE,Neuroimaging,Lifestyle
Klimentidis2018mvpa,Hilbar2017hipv,5e-6,TRUE,0.6667428640900903,21,2,20.6,0.5419,1.38e-4,0.0014,0.92,0.025616434339800306,5.1016315370628586e-5,TRUE,0,Hippocampal Volume,Neuroimaging,Moderate-to-vigorous PA,Lifestyle,0.0021,0.0037,0.0013,1.6e-4,0.019,0.009,0.017,0.013,0.91,0.68,0.94,0.99, , , , ,0.5419,FALSE,FALSE,Neuroimaging,Lifestyle
Klimentidis2018mvpa,Huang2017aaos,5e-6,FALSE,0.22913555025151597,36,0,44.9,0.1911,0.00123,9.1e-4,0.19,0.037378016744047546,1.2347296172999454e-4,TRUE,0,AAOS,Diagnosis,Moderate-to-vigorous PA,Lifestyle,0.0011,0.0064,6.8e-4,0.0037,0.0054,0.0034,0.0067,0.0052,0.84,0.062,0.92,0.48,., , , ,0.1911,FALSE,FALSE,Diagnosis,Lifestyle
Klimentidis2018mvpa,Kunkle2019load,5e-8,FALSE,0.48079274365081565,14,0,20,0.1974,-0.00423,0.0027,0.14,0.01194170011616192,4.8908420439806044e-5,TRUE,0,LOAD,Diagnosis,Moderate-to-vigorous PA,Lifestyle,0.04,0.006,0.0016,0.0048,0.023,0.0056,0.012,0.0077,0.1,0.28,0.89,0.54, ,., , ,0.1974,FALSE,FALSE,Diagnosis,Lifestyle
Lee2018education23andMe,Beecham2014braak4,5e-6,FALSE,0.6847586513756801,8,0,8.8,0.4541,-0.00142,0.0015,0.38,0.026735597810136177,6.365478052437251e-6,TRUE,0,Neurofibrillary Tangles,Neuropathology,Educational Attainment,Psychosocial,0.0044,6.4e-4,0.0035,0.0022,0.0045,0.0022,0.0038,0.0029,0.37,0.77,0.38,0.44, , , , ,0.4541,FALSE,FALSE,Neuropathology,Psychosocial
Lee2018education23andMe,Beecham2014npany,5e-6,FALSE,0.24394594702303857,10,0,19.4,0.0783,0.00459,0.002,0.055,0.2146254452196637,1.7142175736514523e-5,TRUE,0,Neuritic Plaques,Neuropathology,Educational Attainment,Psychosocial,-0.0066,-0.0021,-9.7e-4,-0.0015,0.0024,0.0011,0.0023,0.0016,0.024,0.067,0.68,0.36,.,*, , ,0.0783,FALSE,FALSE,Neuropathology,Psychosocial
Lee2018education23andMe,Deming2017ab42,5e-6,TRUE,0.12822602803783995,10,1,28.6,0.0068,8.35e-5,0.0037,0.98,0.0728916060097159,2.5061786173524196e-5,TRUE,0,AB42,CSF,Educational Attainment,Psychosocial,0.051,0.054,0.031,0.038,0.14,0.024,0.056,0.037,0.74,0.028,0.6,0.3,*, , , ,0.0068,FALSE,FALSE,CSF,Psychosocial
Lee2018education23andMe,Deming2017ptau,5e-6,TRUE,0.4461831855198126,9,2,6.4,0.758,-0.00243,0.0021,0.28,0.078474581487559,5.615905206178512e-6,TRUE,0,Ptau181,CSF,Educational Attainment,Psychosocial,0.037,-0.018,0.0062,-0.0077,0.049,0.016,0.033,0.021,0.48,0.25,0.86,0.71, , , , ,0.758,FALSE,FALSE,CSF,Psychosocial
Lee2018education23andMe,Deming2017tau,5e-6,FALSE,0.31261363656141394,7,0,22,0.015,-0.00433,0.0051,0.44,0.05580063493846667,1.7045003240256157e-5,TRUE,0,Tau,CSF,Educational Attainment,Psychosocial,0.1,-0.029,-0.0011,-0.019,0.16,0.019,0.044,0.029,0.55,0.12,0.98,0.51, , , , ,0.015,FALSE,FALSE,CSF,Psychosocial
Lee2018education23andMe,Grasby2020surfarea,5e-6,TRUE,3.455202524819864e-38,37,3,120.2,<1e-04,-4.51e-4,0.0017,0.79,0.031866945553477986,2.573646673202212e-4,TRUE,0,Cortical Surface Area,Neuroimaging,Educational Attainment,Psychosocial,5.7e-6,5.1e-6,7.3e-6,5.9e-6,2.4e-6,3.8e-7,1.3e-6,7e-7,0.023,1.8e-40,4.3e-6,5.5e-17,***,*,***,***,1e-4,TRUE,NA,Neuroimaging,Psychosocial
Lee2018education23andMe,Grasby2020thickness,5e-6,TRUE,0.641317753171231,23,10,38.2,0.0377,0.00139,0.0025,0.58,0.016871579800894234,3.116268463754055e-5,TRUE,0,Cortical Thickness,Neuroimaging,Educational Attainment,Psychosocial,-0.27,0.038,-0.041,0.014,0.56,0.079,0.21,0.12,0.63,0.63,0.85,0.91, , , , ,0.0377,FALSE,FALSE,Neuroimaging,Psychosocial
Lee2018education23andMe,Hilbar2015hipv,5e-6,TRUE,0.03695876712448815,9,1,24.8,0.0181,0.00187,0.0026,0.49,0.017491276537642274,2.3359770787350888e-5,TRUE,0,Hippocampal Volume,Neuroimaging,Educational Attainment,Psychosocial,1.9e-6,5.2e-5,5.3e-5,5.4e-5,7.5e-5,1.9e-5,4.7e-5,2.8e-5,0.98,0.0051,0.29,0.049,**, ,*, ,0.0181,TRUE,NA,Neuroimaging,Psychosocial
Lee2018education23andMe,Hilbar2017hipv,5e-6,TRUE,0.0018856295636397425,21,2,44,0.0056,0.00189,0.0012,0.13,0.023221578353888026,4.805817297981071e-5,TRUE,0,Hippocampal Volume,Neuroimaging,Educational Attainment,Psychosocial,3.9e-4,0.023,0.032,0.028,0.017,0.0061,0.017,0.0095,0.98,1.3e-4,0.073,0.0036,***, ,**,.,0.0056,TRUE,NA,Neuroimaging,Psychosocial
Lee2018education23andMe,Huang2017aaos,5e-6,TRUE,0.5893079019032172,30,5,51.5,0.0141,2.14e-4,7.8e-4,0.79,0.03129644559613411,4.26609887934726e-5,TRUE,0,AAOS,Diagnosis,Educational Attainment,Psychosocial,-0.0025,-0.0017,-0.0024,-0.0014,0.0043,0.0024,0.0047,0.0036,0.57,0.48,0.61,0.69, , , , ,0.0141,FALSE,FALSE,Diagnosis,Psychosocial
Lee2018education23andMe,Lambert2013load,5e-6,TRUE,0.4143609860338774,27,5,42.7,0.0472,0.00118,0.0011,0.29,0.020525959639157317,3.656660013465456e-5,TRUE,0,LOAD,Diagnosis,Educational Attainment,Psychosocial,-0.0047,0.0034,0.0045,0.004,0.0083,0.0027,0.0058,0.004,0.57,0.2,0.44,0.31, , , , ,0.0472,FALSE,FALSE,Diagnosis,Psychosocial
Liu2019drnkwk23andMe,Beecham2014braak4,5e-6,FALSE,0.5131157404479348,8,0,10.1,0.4282,-2.9e-4,7.1e-4,0.7,0.026735597810136177,1.1103134887684986e-5,TRUE,0,Neurofibrillary Tangles,Neuropathology,Alcohol Consumption,Lifestyle,8.8e-4,5.4e-4,6.9e-4,6.8e-4,0.0011,5.7e-4,6.3e-4,7.1e-4,0.46,0.35,0.31,0.34, , , , ,0.4282,FALSE,FALSE,Neuropathology,Lifestyle
Liu2019drnkwk23andMe,Beecham2014npany,5e-6,FALSE,0.357194554057959,10,0,5.8,0.8591,2.03e-4,8.1e-4,0.81,0.2146254452196637,6.9487833238263374e-6,TRUE,0,Neuritic Plaques,Neuropathology,Alcohol Consumption,Lifestyle,-5e-4,-3.6e-4,-3.8e-4,-3.9e-4,6.1e-4,2.5e-4,4.4e-4,3.3e-4,0.44,0.15,0.41,0.24, , , , ,0.8591,FALSE,FALSE,Neuropathology,Lifestyle
Liu2019drnkwk23andMe,Deming2017ab42,5e-6,FALSE,0.6938391456876827,11,0,19.5,0.1037,0.00104,0.0012,0.42,0.07957561719378063,1.728843478051461e-5,TRUE,0,AB42,CSF,Alcohol Consumption,Lifestyle,-0.026,0.0021,0.011,0.0083,0.035,0.0097,0.015,0.014,0.49,0.83,0.49,0.54, , , , ,0.1037,FALSE,FALSE,CSF,Lifestyle
Liu2019drnkwk23andMe,Deming2017ptau,5e-6,TRUE,0.6896997735863096,11,1,21.5,0.0633,-5.18e-4,0.0013,0.69,0.09350210564637876,2.108217504112309e-5,TRUE,0,Ptau181,CSF,Alcohol Consumption,Lifestyle,0.011,0.0015,0.0041,0.0036,0.024,0.0059,0.0077,0.0078,0.67,0.8,0.61,0.64, , , , ,0.0633,FALSE,FALSE,CSF,Lifestyle
Liu2019drnkwk23andMe,Deming2017tau,5e-6,TRUE,0.31261363656141394,6,1,6.4,0.4949,0.00168,0.002,0.45,0.04185990667900048,7.978953262455997e-6,TRUE,0,Tau,CSF,Alcohol Consumption,Lifestyle,-0.029,0.02,0.016,0.014,0.06,0.013,0.018,0.016,0.65,0.11,0.43,0.37, , , , ,0.4949,FALSE,FALSE,CSF,Lifestyle
Liu2019drnkwk23andMe,Grasby2020surfarea,5e-6,TRUE,0.2672822548401604,45,1,80.2,0.0017,-5.51e-4,4.9e-4,0.27,0.03821251350973213,8.536923773020162e-5,TRUE,0,Cortical Surface Area,Neuroimaging,Alcohol Consumption,Lifestyle,9e-7,3.2e-7,4.8e-7,4.5e-7,5.7e-7,1.8e-7,3.2e-7,2.9e-7,0.12,0.079,0.14,0.13,., , , ,0.0017,FALSE,FALSE,Neuroimaging,Lifestyle
Liu2019drnkwk23andMe,Grasby2020thickness,5e-6,TRUE,0.004509645664462166,34,2,53.4,0.0303,0.00114,0.0011,0.29,0.02544167123422409,6.722346844340634e-5,TRUE,0,Cortical Thickness,Neuroimaging,Alcohol Consumption,Lifestyle,-0.38,-0.14,-0.21,-0.2,0.23,0.04,0.1,0.061,0.11,3.6e-4,0.053,0.0014,***, ,**,.,0.0303,TRUE,NA,Neuroimaging,Lifestyle
Liu2019drnkwk23andMe,Hilbar2015hipv,5e-6,TRUE,0.6667428640900903,9,2,13.9,0.2147,5.9e-4,0.00093000000000000005,0.55,0.01724819776672545,1.2354718414029262e-5,TRUE,0,Hippocampal Volume,Neuroimaging,Alcohol Consumption,Lifestyle,-8.1e-6,2.6e-6,1.1e-7,-1.4e-6,1.9e-5,7e-6,9.4e-6,9.4e-6,0.68,0.71,0.99,0.88, , , , ,0.2147,FALSE,FALSE,Neuroimaging,Lifestyle
Liu2019drnkwk23andMe,Huang2017aaos,5e-6,TRUE,0.5663250864041084,35,1,45.1,0.1512,9.2e-5,3e-4,0.76,0.03645777329516533,4.7107894406308715e-5,TRUE,0,AAOS,Diagnosis,Alcohol Consumption,Lifestyle,-4.9e-4,-3.3e-4,-3.9e-4,-1.8e-4,7.2e-4,4.3e-4,4.8e-4,6e-4,0.5,0.44,0.43,0.77, , , , ,0.1512,FALSE,FALSE,Diagnosis,Lifestyle
Liu2019drnkwk23andMe,Kunkle2019load,5e-8,FALSE,0.6729408970150718,13,0,19.6,0.1705,-9.21e-4,8.4e-4,0.3,0.01128507079063897,1.7493570950563354e-5,TRUE,0,LOAD,Diagnosis,Alcohol Consumption,Lifestyle,0.0051,-6.8e-4,0.0029,0.0027,0.0057,0.0019,0.0034,0.0028,0.4,0.72,0.42,0.32, , , , ,0.1705,FALSE,FALSE,Diagnosis,Lifestyle
Liu2019drnkwk23andMe,Lambert2013load,5e-6,TRUE,0.5324476278120701,31,2,33.8,0.3947,-6.98e-4,3.2e-4,0.04,0.02311915740549702,3.332416989875015e-5,TRUE,0,LOAD,Diagnosis,Alcohol Consumption,Lifestyle,0.0021,-8.5e-4,5.8e-4,5.9e-4,0.0017,9.6e-4,0.0012,0.0015,0.22,0.38,0.64,0.69, , , , ,0.3947,FALSE,FALSE,Diagnosis,Lifestyle
Liu2019smkcpd23andMe,Beecham2014braak4,5e-6,FALSE,0.7370101808533018,8,0,9.2,0.4885,0.00064899999999999995,9.7e-4,0.53,0.026735597810136177,2.4023085060727135e-5,TRUE,0,Neurofibrillary Tangles,Neuropathology,Cigarettes per Day,Lifestyle,-7.5e-4,2.7e-5,-4e-4,-4.4e-4,0.0015,9.5e-4,0.0011,0.0012,0.63,0.98,0.71,0.72, , , , ,0.4885,FALSE,FALSE,Neuropathology,Lifestyle
Liu2019smkcpd23andMe,Beecham2014npany,5e-6,FALSE,0.22101256926162885,10,0,17.1,0.1407,0.00102,0.0016,0.55,0.2146254452196637,5.8692744972880774e-5,TRUE,0,Neuritic Plaques,Neuropathology,Cigarettes per Day,Lifestyle,-0.0015,-8e-4,2.8e-4,9.8e-5,0.0012,4.2e-4,8.4e-4,6.4e-4,0.26,0.057,0.75,0.88,., , , ,0.1407,FALSE,FALSE,Neuropathology,Lifestyle
Liu2019smkcpd23andMe,Deming2017ab42,5e-6,FALSE,0.613728175575245,11,0,16.8,0.1884,0.00194,0.0018,0.31,0.07957561719378063,4.6056275760903594e-5,TRUE,0,AB42,CSF,Cigarettes per Day,Lifestyle,-0.061,-0.0099,0.0033,0.015,0.051,0.016,0.029,0.024,0.26,0.54,0.91,0.54, , , , ,0.1884,FALSE,FALSE,CSF,Lifestyle
Liu2019smkcpd23andMe,Deming2017ptau,5e-6,FALSE,0.4323641989306644,12,0,18.3,0.1788,-5.01e-4,0.0017,0.77,0.10547187238184497,6.411222532703298e-5,TRUE,0,Ptau181,CSF,Cigarettes per Day,Lifestyle,-0.0026,-0.012,-0.015,-0.023,0.033,0.0098,0.017,0.014,0.94,0.24,0.38,0.087, , ,., ,0.1788,FALSE,FALSE,CSF,Lifestyle
Liu2019smkcpd23andMe,Deming2017tau,5e-6,FALSE,0.2589410025068004,7,0,16.5,0.0627,1.31e-4,0.0047,0.98,0.05580063493846667,5.45970047685641e-5,TRUE,0,Tau,CSF,Cigarettes per Day,Lifestyle,-0.038,-0.034,-0.064,-0.051,0.14,0.019,0.041,0.028,0.79,0.073,0.17,0.073,., ,., ,0.0627,FALSE,FALSE,CSF,Lifestyle
Liu2019smkcpd23andMe,Grasby2020surfarea,5e-6,TRUE,0.0010706486123840209,46,1,89.3,3e-4,-2.81e-4,8.4e-4,0.74,0.04403027474420932,3.8123836172841843e-4,TRUE,0,Cortical Surface Area,Neuroimaging,Cigarettes per Day,Lifestyle,-8.7e-7,-1.2e-6,-5.3e-7,-8.4e-7,9.3e-7,2.9e-7,5.8e-7,5.3e-7,0.35,6.8e-5,0.37,0.11,***, , , ,3e-4,FALSE,NA,Neuroimaging,Lifestyle
Liu2019smkcpd23andMe,Grasby2020thickness,5e-6,FALSE,0.5663250864041084,38,0,55,0.0534,-0.00106,0.0014,0.44,0.029841306865864472,2.05670441335311e-4,TRUE,0,Cortical Thickness,Neuroimaging,Cigarettes per Day,Lifestyle,0.16,-0.048,0.042,0.077,0.28,0.06,0.14,0.095,0.57,0.43,0.77,0.42, , , , ,0.0534,FALSE,FALSE,Neuroimaging,Lifestyle
Liu2019smkcpd23andMe,Hilbar2017hipv,5e-6,FALSE,0.2842056129254799,25,0,32.7,0.1915,-5.49e-6,6.5e-4,0.99,0.03133316510781363,1.313704837197923e-4,TRUE,0,Hippocampal Volume,Neuroimaging,Cigarettes per Day,Lifestyle,-0.0049,-0.0049,-0.0089,-0.009,0.0053,0.0029,0.0043,0.0042,0.37,0.088,0.049,0.031,., ,*,*,0.1915,FALSE,FALSE,Neuroimaging,Lifestyle
Liu2019smkcpd23andMe,Huang2017aaos,5e-6,FALSE,0.2842056129254799,36,0,36.9,0.4837,4.08e-4,4.3e-4,0.35,0.037378016744047546,1.407222338237009e-4,TRUE,0,AAOS,Diagnosis,Cigarettes per Day,Lifestyle,4.9e-4,0.0012,0.0014,0.0022,0.001,7.1e-4,8.9e-4,0.001,0.64,0.092,0.14,0.035,., ,*, ,0.4837,FALSE,FALSE,Diagnosis,Lifestyle
Liu2019smkcpd23andMe,Kunkle2019load,5e-8,TRUE,0.531062628865977,12,2,11,0.6053,-0.00207,0.0012,0.12,0.010032012279516786,3.4344609511920626e-5,TRUE,0,LOAD,Diagnosis,Cigarettes per Day,Lifestyle,0.0097,-0.003,3.7e-4,-7e-4,0.0083,0.0033,0.0046,0.0045,0.27,0.37,0.94,0.88, , , , ,0.6053,FALSE,FALSE,Diagnosis,Lifestyle
Liu2019smkint23andMe,Beecham2014braak4,5e-6,FALSE,0.42156226349929743,8,0,24.2,0.0521,3.1e-4,9.4e-4,0.75,0.026735597810136177,3.1110670754316443e-7,TRUE,0,Neurofibrillary Tangles,Neuropathology,Smoking Initiation,Lifestyle,2.3e-4,6e-4,5.5e-4,5.5e-4,0.0015,5e-4,6.2e-4,6.3e-4,0.88,0.22,0.41,0.38, , , , ,0.0521,FALSE,FALSE,Neuropathology,Lifestyle
Liu2019smkint23andMe,Beecham2014npany,5e-6,FALSE,0.49900463018222613,10,0,22.8,0.0347,-0.00139,9.7e-4,0.19,0.2146254452196637,2.640616107628779e-7,TRUE,0,Neuritic Plaques,Neuropathology,Smoking Initiation,Lifestyle,7.5e-4,-2.1e-4,-8.6e-5,-1.7e-4,7.3e-4,2.2e-4,3.4e-4,3.2e-4,0.33,0.33,0.81,0.58, , , , ,0.0347,FALSE,FALSE,Neuropathology,Lifestyle
Liu2019smkint23andMe,Deming2017ab42,5e-6,FALSE,0.6912594665358353,11,0,23.4,0.0409,1.04e-4,0.0011,0.93,0.07957561719378063,9.610900429105914e-7,TRUE,0,AB42,CSF,Smoking Initiation,Lifestyle,-0.0049,-0.0021,-0.02,-0.0051,0.033,0.0084,0.021,0.013,0.89,0.81,0.37,0.69, , , , ,0.0409,FALSE,FALSE,CSF,Lifestyle
Liu2019smkint23andMe,Deming2017ptau,5e-6,FALSE,0.641317753171231,12,0,23.1,0.0613,0.00126,0.00093000000000000005,0.21,0.10547187238184497,9.206025660128549e-7,TRUE,0,Ptau181,CSF,Smoking Initiation,Lifestyle,-0.02,0.0024,-0.0044,-0.0032,0.018,0.0051,0.0083,0.0071,0.29,0.64,0.61,0.66, , , , ,0.0613,FALSE,FALSE,CSF,Lifestyle
Liu2019smkint23andMe,Deming2017tau,5e-6,FALSE,0.641317753171231,7,0,13.1,0.1396,0.00199,0.0021,0.39,0.05580063493846667,5.056031980475942e-7,TRUE,0,Tau,CSF,Smoking Initiation,Lifestyle,-0.061,-0.0046,-5.9e-4,-7e-4,0.062,0.0099,0.018,0.014,0.37,0.64,0.97,0.96, , , , ,0.1396,FALSE,FALSE,CSF,Lifestyle
Liu2019smkint23andMe,Grasby2020surfarea,5e-6,TRUE,0.2236235230931722,35,8,102.6,<1e-04,-6.75e-4,5.8e-4,0.25,0.028757664610536523,4.514319055692497e-6,TRUE,0,Cortical Surface Area,Neuroimaging,Smoking Initiation,Lifestyle,3.6e-7,-3.3e-7,3.3e-7,2.5e-7,6.5e-7,1.7e-7,2.9e-7,3.1e-7,0.59,0.059,0.26,0.43,., , , ,1e-4,FALSE,FALSE,Neuroimaging,Lifestyle
Liu2019smkint23andMe,Grasby2020thickness,5e-6,TRUE,0.04443799536449205,33,4,98.8,<1e-04,-7.19e-5,0.0013,0.96,0.024643645748596142,6.019892259680918e-6,TRUE,0,Cortical Thickness,Neuroimaging,Smoking Initiation,Lifestyle,0.11,0.097,0.15,0.15,0.28,0.036,0.089,0.058,0.69,0.0066,0.094,0.012,**, ,*,.,1e-4,TRUE,NA,Neuroimaging,Lifestyle
Liu2019smkint23andMe,Hilbar2017hipv,5e-6,TRUE,0.4214973380869709,22,2,26.2,0.3086,-4.21e-4,3.2e-4,0.2,0.025512493940906975,5.366546943884483e-7,TRUE,0,Hippocampal Volume,Neuroimaging,Smoking Initiation,Lifestyle,0.0044,0.0019,0.0044,0.0038,0.0025,0.0015,0.0022,0.0024,0.088,0.22,0.056,0.1, ,.,.,.,0.3086,FALSE,FALSE,Neuroimaging,Lifestyle
Liu2019smkint23andMe,Huang2017aaos,5e-6,TRUE,0.09034311863935704,34,2,43.6,0.1689,2.87e-4,2.6e-4,0.28,0.035449053619139075,1.5353029473645197e-6,TRUE,0,AAOS,Diagnosis,Smoking Initiation,Lifestyle,4.2e-4,9.2e-4,9e-4,7.8e-4,6.2e-4,3.8e-4,4.6e-4,5.2e-4,0.51,0.016,0.06,0.13,*, , ,.,0.1689,FALSE,TRUE,Diagnosis,Lifestyle
Liu2019smkint23andMe,Kunkle2019load,5e-6,TRUE,0.31261363656141394,33,3,62.7,0.0037,3.27e-4,4.6e-4,0.49,0.019778908866438,2.5717056386303926e-6,TRUE,0,LOAD,Diagnosis,Smoking Initiation,Lifestyle,-0.0032,-0.0015,-0.0034,-0.003,0.0027,9.4e-4,0.0014,0.0014,0.25,0.12,0.021,0.032, , ,*,*,0.0037,FALSE,FALSE,Diagnosis,Lifestyle
Niarchou2020fish,Beecham2014braak4,5e-6,FALSE,0.4139600631144522,9,0,29.8,0.075,7.26e-4,0.002,0.73,0.045813981777320066,4.4495175521611446e-5,TRUE,0,Neurofibrillary Tangles,Neuropathology,Fish and Plant diet,Lifestyle,-0.0026,-0.0021,-0.0033,-0.0033,0.0026,0.0016,0.0019,0.002,0.35,0.2,0.12,0.094, , ,., ,0.075,FALSE,FALSE,Neuropathology,Lifestyle
Niarchou2020fish,Beecham2014npany,5e-6,FALSE,0.6667428640900903,10,0,22.8,0.0319,-0.00638,0.0044,0.19,0.2146254452196637,5.7922637136500885e-5,TRUE,0,Neuritic Plaques,Neuropathology,Fish and Plant diet,Lifestyle,0.0055,-7.3e-4,0.0017,-2.7e-4,0.0051,0.0019,0.0031,0.0027,0.31,0.7,0.6,0.92, , , , ,0.0319,FALSE,FALSE,Neuropathology,Lifestyle
Niarchou2020fish,Deming2017ab42,5e-6,FALSE,0.5663250864041084,11,0,15.7,0.2253,-0.00175,0.0035,0.63,0.07957561719378063,3.9256129068466e-5,TRUE,0,AB42,CSF,Fish and Plant diet,Lifestyle,0.091,0.03,-0.075,0.046,0.13,0.037,0.1,0.052,0.51,0.42,0.49,0.38, , , , ,0.2253,FALSE,FALSE,CSF,Lifestyle
Niarchou2020fish,Deming2017ptau,5e-6,FALSE,0.41568919327604925,12,0,11.7,0.5471,0.00116,0.003,0.71,0.10547187238184497,3.4969847513056036e-5,TRUE,0,Ptau181,CSF,Fish and Plant diet,Lifestyle,-0.057,-0.03,-0.028,-0.025,0.076,0.024,0.046,0.032,0.47,0.21,0.56,0.44, , , , ,0.5471,FALSE,FALSE,CSF,Lifestyle
Niarchou2020fish,Deming2017tau,5e-6,FALSE,0.6896997735863096,7,0,12.7,0.1553,0.0088,0.0058,0.19,0.05580063493846667,2.735536233018861e-5,TRUE,0,Tau,CSF,Fish and Plant diet,Lifestyle,-0.26,0.0083,-0.044,-0.027,0.18,0.032,0.052,0.043,0.21,0.8,0.43,0.53, , , , ,0.1553,FALSE,FALSE,CSF,Lifestyle
Niarchou2020fish,Grasby2020surfarea,5e-6,TRUE,2.674105963036892e-6,41,1,74.3,0.0032,-1.4e-4,0.0017,0.94,0.03838320518137822,2.9530362126221915e-4,TRUE,0,Cortical Surface Area,Neuroimaging,Fish and Plant diet,Lifestyle,3.3e-6,3.1e-6,2.8e-6,2.9e-6,2.3e-6,5.9e-7,1.5e-6,9.4e-7,0.15,1.1e-7,0.059,0.0018,***, ,**,.,0.0032,TRUE,NA,Neuroimaging,Lifestyle
Niarchou2020fish,Grasby2020thickness,5e-6,TRUE,0.7180663539307193,35,2,76,1e-4,-0.00301,0.0033,0.37,0.026309349962522207,2.1343787287933698e-4,TRUE,0,Cortical Thickness,Neuroimaging,Fish and Plant diet,Lifestyle,0.68,0.014,-0.25,0.015,0.75,0.11,0.38,0.18,0.37,0.9,0.53,0.93, , , , ,1e-4,FALSE,FALSE,Neuroimaging,Lifestyle
Niarchou2020fish,Hilbar2017hipv,5e-6,FALSE,0.11720117865249237,22,0,46.2,0.004,0.00137,0.0022,0.53,0.029733881139736296,1.6899383932907032e-4,TRUE,0,Hippocampal Volume,Neuroimaging,Fish and Plant diet,Lifestyle,0.0051,0.022,0.019,0.019,0.03,0.0097,0.022,0.015,0.86,0.025,0.4,0.21,*, , , ,0.004,FALSE,FALSE,Neuroimaging,Lifestyle
Niarchou2020fish,Huang2017aaos,5e-6,FALSE,0.6729408970150718,36,0,32.3,0.6789,0.00118,0.00093000000000000005,0.21,0.037378016744047546,9.061734934582672e-5,TRUE,0,AAOS,Diagnosis,Fish and Plant diet,Lifestyle,-0.0066,-0.0014,-0.0088,-6.1e-5,0.0057,0.0038,0.009,0.0059,0.25,0.72,0.33,0.99, , , , ,0.6789,FALSE,FALSE,Diagnosis,Lifestyle
Niarchou2020fish,Kunkle2019load,5e-8,TRUE,0.4298392081188945,14,1,16.5,0.3583,-0.00428,0.0027,0.14,0.01194170011616192,4.433375661407214e-5,TRUE,0,LOAD,Diagnosis,Fish and Plant diet,Lifestyle,0.027,-0.0074,-0.0019,-0.0018,0.023,0.0062,0.013,0.0089,0.26,0.23,0.89,0.84, , , , ,0.3583,FALSE,FALSE,Diagnosis,Lifestyle
Niarchou2020meat,Beecham2014braak4,5e-6,FALSE,0.6999624401720606,9,0,13.8,0.3577,-4.57e-4,0.0018,0.81,0.045813981777320066,3.2393291310276384e-5,TRUE,0,Neurofibrillary Tangles,Neuropathology,Meat diet,Lifestyle,-2.7e-6,-3.1e-4,-7.7e-4,-7.5e-4,0.0024,0.0016,0.0017,0.002,1,0.85,0.67,0.71, , , , ,0.3577,FALSE,FALSE,Neuropathology,Lifestyle
Niarchou2020meat,Beecham2014npany,5e-6,FALSE,0.641317753171231,10,0,9.7,0.5445,0.00204,0.0032,0.54,0.2146254452196637,2.411117254408611e-5,TRUE,0,Neuritic Plaques,Neuropathology,Meat diet,Lifestyle,-0.003,-9.7e-4,-4.7e-4,-2.2e-4,0.0037,0.0019,0.004,0.0026,0.44,0.61,0.91,0.93, , , , ,0.5445,FALSE,FALSE,Neuropathology,Lifestyle
Niarchou2020meat,Deming2017ab42,5e-6,FALSE,0.5966124840058227,11,0,20.1,0.083,1.25e-4,0.0041,0.98,0.07957561719378063,5.09416298403751e-5,TRUE,0,AB42,CSF,Meat diet,Lifestyle,-0.029,-0.024,0.047,-0.0037,0.15,0.037,0.094,0.055,0.86,0.51,0.63,0.95, , , , ,0.083,FALSE,FALSE,CSF,Lifestyle
Niarchou2020meat,Deming2017ptau,5e-6,FALSE,0.4723198002557464,12,0,6,0.9296,0.00217,0.0031,0.49,0.10547187238184497,1.8748560006035685e-5,TRUE,0,Ptau181,CSF,Meat diet,Lifestyle,-0.025,0.026,0.019,0.021,0.076,0.024,0.044,0.031,0.75,0.27,0.68,0.5, , , , ,0.9296,FALSE,FALSE,CSF,Lifestyle
Niarchou2020meat,Deming2017tau,5e-6,FALSE,0.6274425411398823,7,0,2.3,0.9485,-8.39e-4,0.0052,0.88,0.05580063493846667,5.9853811027853695e-6,TRUE,0,Tau,CSF,Meat diet,Lifestyle,0.043,0.017,0.0035,0.007,0.16,0.033,0.058,0.038,0.8,0.6,0.95,0.85, , , , ,0.9485,FALSE,FALSE,CSF,Lifestyle
Niarchou2020meat,Grasby2020surfarea,5e-8,TRUE,0.10971904924391768,11,1,24.1,0.0346,-0.00452,0.0043,0.32,0.01574259760658138,7.660755208195895e-5,TRUE,0,Cortical Surface Area,Neuroimaging,Meat diet,Lifestyle,2.9e-6,-2.2e-6,-8.2e-7,-1.1e-6,5.1e-6,9.6e-7,1.6e-6,1.3e-6,0.58,0.02,0.63,0.43,*, , , ,0.0346,FALSE,FALSE,Neuroimaging,Lifestyle
Niarchou2020meat,Grasby2020thickness,5e-6,FALSE,0.09034311863935704,37,0,85,<1e-04,0.00483,0.0031,0.13,0.02832837780622604,2.554640468859761e-4,TRUE,0,Cortical Thickness,Neuroimaging,Meat diet,Lifestyle,-1.3,-0.25,0.2,-0.12,0.69,0.1,0.33,0.16,0.07,0.016,0.56,0.47,*,., , ,1e-4,FALSE,FALSE,Neuroimaging,Lifestyle
Niarchou2020meat,Hilbar2017hipv,5e-6,FALSE,0.3278557313266753,23,0,36.5,0.0566,-6.52e-5,0.0018,0.97,0.030542258554800642,1.1700599805900999e-4,TRUE,0,Hippocampal Volume,Neuroimaging,Meat diet,Lifestyle,0.016,0.015,-5.5e-4,0.0069,0.026,0.0096,0.025,0.015,0.55,0.12,0.98,0.64, , , , ,0.0566,FALSE,FALSE,Neuroimaging,Lifestyle
Niarchou2020meat,Huang2017aaos,5e-6,FALSE,0.2935864103867022,36,0,40.2,0.3402,0.00164,9.5e-4,0.094,0.037378016744047546,1.2239787049777716e-4,TRUE,0,AAOS,Diagnosis,Meat diet,Lifestyle,-0.014,-0.0064,-0.013,-0.01,0.0058,0.0039,0.0079,0.0056,0.023,0.097,0.11,0.065,.,*,., ,0.3402,FALSE,FALSE,Diagnosis,Lifestyle
Niarchou2020meat,Kunkle2019load,5e-8,TRUE,0.6937894854466801,13,2,25,0.0498,0.00305,0.0045,0.51,0.01136582396626154,6.481501433036176e-5,TRUE,0,LOAD,Diagnosis,Meat diet,Lifestyle,-0.024,0.0014,0.0077,0.0066,0.038,0.0063,0.014,0.0093,0.55,0.82,0.58,0.48, , , , ,0.0498,FALSE,FALSE,Diagnosis,Lifestyle
SanchezRoige2019auditt23andMe,Beecham2014braak4,5e-6,FALSE,0.5032911144939484,8,0,6.3,0.7157,-3.39e-4,0.0015,0.83,0.026735597810136177,3.773670467439324e-5,TRUE,0,Neurofibrillary Tangles,Neuropathology,AUDIT,Lifestyle,0.0018,0.0014,0.0016,0.0017,0.0023,0.0015,0.0017,0.0019,0.46,0.34,0.37,0.37, , , , ,0.7157,FALSE,FALSE,Neuropathology,Lifestyle
SanchezRoige2019auditt23andMe,Beecham2014npany,5e-6,FALSE,0.2842056129254799,10,0,7.4,0.7488,9.89e-5,0.0021,0.96,0.2146254452196637,6.367781408422404e-5,TRUE,0,Neuritic Plaques,Neuropathology,AUDIT,Lifestyle,-0.0011,-0.0011,-0.0013,-0.0011,0.0016,6.4e-4,9.5e-4,8.7e-4,0.49,0.091,0.22,0.19,., , , ,0.7488,FALSE,FALSE,Neuropathology,Lifestyle
SanchezRoige2019auditt23andMe,Deming2017ab42,5e-6,FALSE,0.4461831855198126,11,0,21.3,0.069,0.00307,0.003,0.33,0.07957561719378063,1.3350298481262787e-4,TRUE,0,AB42,CSF,AUDIT,Lifestyle,-0.11,-0.027,-0.065,-0.063,0.089,0.024,0.04,0.035,0.23,0.25,0.13,0.072, , ,., ,0.069,FALSE,FALSE,CSF,Lifestyle
SanchezRoige2019auditt23andMe,Deming2017ptau,5e-6,FALSE,0.38233989810983,12,0,22.8,0.0682,-1.03e-4,0.0029,0.97,0.10547187238184497,1.5650988445264666e-4,TRUE,0,Ptau181,CSF,AUDIT,Lifestyle,-0.018,-0.02,-0.01,-0.0069,0.057,0.015,0.022,0.021,0.75,0.17,0.66,0.75, , , , ,0.0682,FALSE,FALSE,CSF,Lifestyle
SanchezRoige2019auditt23andMe,Deming2017tau,5e-6,FALSE,0.6938391456876827,7,0,11.1,0.2264,0.00954,0.0048,0.11,0.05580063493846667,6.31021196864754e-5,TRUE,0,Tau,CSF,AUDIT,Lifestyle,-0.26,0.0062,-0.035,-0.032,0.14,0.029,0.039,0.037,0.12,0.83,0.4,0.39, , , , ,0.2264,FALSE,FALSE,CSF,Lifestyle
SanchezRoige2019auditt23andMe,Grasby2020surfarea,5e-6,TRUE,0.4979171856853346,45,1,84.3,5e-4,0.00144,0.0013,0.27,0.03821251350973213,5.809929778332536e-4,TRUE,0,Cortical Surface Area,Neuroimaging,AUDIT,Lifestyle,-1.1e-6,4.6e-7,-1.3e-7,-2.2e-7,1.5e-6,4.7e-7,7.2e-7,7.3e-7,0.48,0.32,0.85,0.76, , , , ,5e-4,FALSE,FALSE,Neuroimaging,Lifestyle
SanchezRoige2019auditt23andMe,Grasby2020thickness,5e-6,FALSE,0.005297710458942715,35,0,61.3,0.0083,0.00181,0.0023,0.45,0.02704483081540061,5.049408441434366e-4,TRUE,0,Cortical Thickness,Neuroimaging,AUDIT,Lifestyle,-0.7,-0.33,-0.68,-0.37,0.49,0.094,0.3,0.15,0.17,4.5e-4,0.029,0.014,***, ,*,*,0.0083,TRUE,NA,Neuroimaging,Lifestyle
SanchezRoige2019auditt23andMe,Hilbar2015hipv,5e-6,FALSE,0.31261363656141394,11,0,23.2,0.0507,0.00322,0.0022,0.18,0.020960070595182897,1.5480655139400867e-4,TRUE,0,Hippocampal Volume,Neuroimaging,AUDIT,Lifestyle,-3.4e-5,2.8e-5,2.1e-6,4.2e-6,4.9e-5,1.8e-5,2.1e-5,2.4e-5,0.5,0.11,0.92,0.86, , , , ,0.0507,FALSE,FALSE,Neuroimaging,Lifestyle
SanchezRoige2019auditt23andMe,Hilbar2017hipv,5e-6,FALSE,0.5663250864041084,24,0,32.3,0.1721,0.00156,9.4e-4,0.11,0.030542258554800642,2.2090920678238213e-4,TRUE,0,Hippocampal Volume,Neuroimaging,AUDIT,Lifestyle,-0.0064,0.0035,-0.0042,-0.0053,0.0076,0.0044,0.0055,0.0062,0.41,0.42,0.45,0.39, , , , ,0.1721,FALSE,FALSE,Neuroimaging,Lifestyle
SanchezRoige2019auditt23andMe,Huang2017aaos,5e-6,FALSE,0.5663250864041084,33,0,44.1,0.1272,-0.00109,7.2e-4,0.14,0.03069863683818854,3.277899633057181e-4,TRUE,0,AAOS,Diagnosis,AUDIT,Lifestyle,0.0011,-9.5e-4,-6.5e-4,-8.2e-4,0.0019,0.0012,0.0014,0.0018,0.58,0.44,0.64,0.66, , , , ,0.1272,FALSE,FALSE,Diagnosis,Lifestyle
SanchezRoige2019auditt23andMe,Kunkle2019load,5e-6,TRUE,0.42156226349929743,36,1,59.7,0.0133,-0.00132,0.0011,0.23,0.021393340331239553,4.0153112212529843e-4,TRUE,0,LOAD,Diagnosis,AUDIT,Lifestyle,0.0035,-0.0032,-3.1e-4,-0.0018,0.0064,0.0026,0.0043,0.0045,0.59,0.23,0.94,0.69, , , , ,0.0133,FALSE,FALSE,Diagnosis,Lifestyle
SanchezRoige2019auditt23andMe,Lambert2013load,5e-6,TRUE,0.734413765077953,32,1,53.7,0.0181,-0.00165,0.001,0.12,0.023734167265237083,3.6409734430027565e-4,TRUE,0,LOAD,Diagnosis,AUDIT,Lifestyle,0.0069,-1.4e-4,0.0033,0.0024,0.0054,0.0025,0.0031,0.0038,0.21,0.95,0.3,0.52, , , , ,0.0181,FALSE,FALSE,Diagnosis,Lifestyle
Wells2019hdiff,Beecham2014braak4,5e-6,FALSE,0.6213234595143573,9,0,11.8,0.4742,6.01e-4,8.8e-4,0.52,0.045813981777320066,3.8173579568052217e-05,TRUE,0,Neurofibrillary Tangles,Neuropathology,Hearing Difficulties,Health,9e-5,4.7e-4,3.1e-4,3.9e-4,0.0011,8.4e-4,8.5e-4,0.00093000000000000005,0.94,0.58,0.72,0.67, , , , ,0.4742,FALSE,FALSE,Neuropathology,Health
Wells2019hdiff,Beecham2014npany,5e-6,FALSE,0.342705806752135,10,0,9.3,0.586,-0.00136,0.0017,0.45,0.2146254452196637,4.107904061739947e-5,TRUE,0,Neuritic Plaques,Neuropathology,Hearing Difficulties,Health,0.0029,0.0016,0.0031,0.0025,0.002,0.001,0.0019,0.0014,0.18,0.13,0.14,0.076, , ,., ,0.586,FALSE,FALSE,Neuropathology,Health
Wells2019hdiff,Deming2017ab42,5e-6,FALSE,0.6003740022938384,11,0,24.6,0.0262,0.00298,0.0023,0.22,0.07957561719378063,8.317083433763276e-5,TRUE,0,AB42,CSF,Hearing Difficulties,Health,-0.12,-0.013,0.05,0.015,0.085,0.02,0.057,0.032,0.2,0.52,0.4,0.63, , , , ,0.0262,FALSE,FALSE,CSF,Health
Wells2019hdiff,Deming2017ptau,5e-6,TRUE,0.6999624401720606,11,1,9.6,0.645,-0.00241,0.0017,0.19,0.09350210564637876,3.258244068022507e-5,TRUE,0,Ptau181,CSF,Hearing Difficulties,Health,0.058,0.0026,0.023,0.013,0.041,0.014,0.026,0.017,0.19,0.85,0.4,0.45, , , , ,0.645,FALSE,FALSE,CSF,Health
Wells2019hdiff,Deming2017tau,5e-6,TRUE,0.5663250864041084,6,1,2.6,0.8763,-0.00208,0.0033,0.56,0.04185990667900048,9.591854927313505e-6,TRUE,0,Tau,CSF,Hearing Difficulties,Health,0.083,0.016,0.026,0.023,0.11,0.021,0.036,0.025,0.48,0.43,0.5,0.35, , , , ,0.8763,FALSE,FALSE,CSF,Health
Wells2019hdiff,Grasby2020surfarea,5e-8,TRUE,0.12822602803783995,11,1,10,0.6163,-0.00102,0.0017,0.55,0.01574259760658138,5.081589344782166e-5,TRUE,0,Cortical Surface Area,Neuroimaging,Hearing Difficulties,Health,3.1e-8,-1.1e-6,-4.1e-7,-6.6e-7,2e-6,5.2e-7,1e-6,7.1e-7,0.99,0.029,0.7,0.35,*, , , ,0.6163,FALSE,FALSE,Neuroimaging,Health
Wells2019hdiff,Grasby2020thickness,5e-6,TRUE,0.734413765077953,36,3,51,0.0708,6.71e-4,0.0014,0.64,0.02717243179801761,1.9124707598805753e-4,TRUE,0,Cortical Thickness,Neuroimaging,Hearing Difficulties,Health,-0.15,-0.0045,0.22,0.044,0.31,0.057,0.2,0.085,0.63,0.94,0.3,0.61, , , , ,0.0708,FALSE,FALSE,Neuroimaging,Health
Wells2019hdiff,Hilbar2017hipv,5e-6,FALSE,0.6762441810205799,22,0,46.1,0.0039,2.66e-4,0.0012,0.83,0.029665828865322708,1.868395775948375e-4,TRUE,0,Hippocampal Volume,Neuroimaging,Hearing Difficulties,Health,-0.0053,-0.0018,0.0015,0.0016,0.018,0.0053,0.011,0.0086,0.77,0.74,0.9,0.85, , , , ,0.0039,FALSE,FALSE,Neuroimaging,Health
Wells2019hdiff,Huang2017aaos,5e-6,FALSE,0.6847586513756801,32,0,49.9,0.0367,-2.19e-4,6.6e-4,0.74,0.02831410883608471,1.8887927241676016e-4,TRUE,0,AAOS,Diagnosis,Hearing Difficulties,Health,4.3e-4,-6.3e-4,-0.0023,-0.0017,0.0042,0.0022,0.0043,0.0034,0.92,0.78,0.59,0.62, , , , ,0.0367,FALSE,FALSE,Diagnosis,Health
Wells2019hdiff,Kunkle2019load,5e-8,FALSE,0.16410710992168562,15,0,29.7,0.0299,-0.00354,0.0018,0.067,0.012650478507487965,1.2023838894885687e-4,TRUE,0,LOAD,Diagnosis,Hearing Difficulties,Health,0.036,0.0067,0.017,0.015,0.015,0.0033,0.0065,0.0049,0.034,0.04,0.02,0.002,*,*,**,*,0.0299,FALSE,FALSE,Diagnosis,Health
Willer2013hdl,Beecham2014braak4,5e-6,FALSE,0.7370101808533018,5,0,2.4,0.8104,-0.00842,0.011,0.51,0.0144917700293813,2.841510574868874e-6,TRUE,4.440892098500626e-16,Neurofibrillary Tangles,Neuropathology,High-density lipoproteins,Health,0.029,-3.3e-4,-4.3e-4,-0.0022,0.041,0.01,0.016,0.013,0.53,0.97,0.98,0.86, , , , ,0.8104,FALSE,FALSE,Neuropathology,Health
Willer2013hdl,Deming2017ab42,5e-6,FALSE,0.3471960790934462,9,0,8,0.6206,-2.83e-4,0.0072,0.97,0.06624052514553962,2.9777029680099656e-5,TRUE,0,AB42,CSF,High-density lipoproteins,Health,-0.11,-0.12,-0.21,-0.17,0.28,0.081,0.16,0.11,0.71,0.14,0.24,0.11, , , , ,0.6206,FALSE,FALSE,CSF,Health
Willer2013hdl,Deming2017ptau,5e-6,FALSE,0.3688343971494608,10,0,19.9,0.0667,-0.0163,0.0079,0.073,0.08955973131519893,8.387288185095696e-5,TRUE,0,Ptau181,CSF,High-density lipoproteins,Health,0.33,-0.075,0.017,-0.003,0.21,0.052,0.11,0.072,0.15,0.15,0.88,0.97, , , , ,0.0667,FALSE,FALSE,CSF,Health
Willer2013hdl,Deming2017tau,5e-6,FALSE,0.6847586513756801,7,0,5.7,0.6531,0.00862,0.011,0.45,0.05580063493846667,2.3861474048268143e-5,TRUE,0,Tau,CSF,High-density lipoproteins,Health,-0.28,-0.018,-0.095,-0.038,0.32,0.065,0.11,0.083,0.43,0.78,0.41,0.64, , , , ,0.6531,FALSE,FALSE,CSF,Health
Willer2013hdl,Grasby2020surfarea,5e-6,FALSE,0.6667428640900903,34,0,61.6,0.0047,-8.26e-4,0.0041,0.84,0.033706549468375695,2.765777390778714e-4,TRUE,0,Cortical Surface Area,Neuroimaging,High-density lipoproteins,Health,5.7e-7,-5.2e-7,5.8e-7,-2.3e-7,5.6e-6,1.3e-6,2.8e-6,2e-6,0.92,0.68,0.84,0.91, , , , ,0.0047,FALSE,FALSE,Neuroimaging,Health
Willer2013hdl,Grasby2020thickness,5e-6,FALSE,0.5663735568202907,30,0,50.3,0.0181,-0.00212,0.006,0.72,0.023985837054051367,2.7701242735991225e-4,TRUE,0,Cortical Thickness,Neuroimaging,High-density lipoproteins,Health,0.63,0.17,0.081,0.15,1.3,0.23,0.56,0.34,0.64,0.45,0.89,0.66, , , , ,0.0181,FALSE,FALSE,Neuroimaging,Health
Willer2013hdl,Hilbar2017hipv,5e-6,FALSE,0.6667428640900903,16,0,17.4,0.4335,0.00301,0.0039,0.46,0.02072428509204759,9.972873659649321e-5,TRUE,0,Hippocampal Volume,Neuroimaging,High-density lipoproteins,Health,-0.06,-0.0099,-0.0043,-0.009,0.07,0.024,0.047,0.035,0.41,0.68,0.93,0.8, , , , ,0.4335,FALSE,FALSE,Neuroimaging,Health
Willer2013hdl,Huang2017aaos,5e-6,FALSE,0.7406524404117487,21,0,36.5,0.032,0.00479,0.004,0.25,0.013669850646037207,1.713758873219818e-4,TRUE,0,AAOS,Diagnosis,High-density lipoproteins,Health,-0.039,1.6e-4,-0.0039,-0.007,0.036,0.012,0.022,0.018,0.3,0.99,0.86,0.7, , , , ,0.032,FALSE,FALSE,Diagnosis,Health
Willer2013hdl,Kunkle2019load,5e-6,FALSE,0.37110173531999086,21,0,26.4,0.2479,0.00369,0.0051,0.48,0.012198987673715989,1.6221692609632614e-4,TRUE,0,LOAD,Diagnosis,High-density lipoproteins,Health,-0.051,-0.018,-0.031,-0.025,0.048,0.013,0.031,0.019,0.3,0.16,0.34,0.2, , , , ,0.2479,FALSE,FALSE,Diagnosis,Health
Willer2013ldl,Beecham2014braak4,5e-6,FALSE,0.33987548794641,5,0,9.7,0.2011,-0.0119,0.017,0.53,0.0144917700293813,4.0608103009621505e-5,TRUE,6.8833827526759706e-15,Neurofibrillary Tangles,Neuropathology,Low-density lipoproteins,Health,0.058,0.017,0.015,0.015,0.061,0.011,0.017,0.014,0.41,0.13,0.43,0.29, , , , ,0.2011,FALSE,FALSE,Neuropathology,Health
Willer2013ldl,Deming2017ab42,5e-6,TRUE,0.3090397704735747,8,1,7.5,0.5754,0.00819,0.0079,0.34,0.059516707310477715,4.586896516525388e-5,TRUE,0,AB42,CSF,Low-density lipoproteins,Health,-0.16,0.15,0.34,0.23,0.31,0.093,0.2,0.13,0.63,0.1,0.14,0.065,., ,., ,0.5754,FALSE,FALSE,CSF,Health
Willer2013ldl,Deming2017ptau,5e-6,FALSE,0.4143609860338774,10,0,6.4,0.8239,-0.00544,0.0075,0.49,0.08955973131519893,4.287135510993091e-5,TRUE,0,Ptau181,CSF,Low-density lipoproteins,Health,0.21,0.073,0.084,0.09,0.2,0.057,0.1,0.071,0.32,0.2,0.44,0.21, , , , ,0.8239,FALSE,FALSE,CSF,Health
Willer2013ldl,Deming2017tau,5e-6,FALSE,0.6160337059854964,7,0,11.3,0.2153,0.0158,0.013,0.28,0.05580063493846667,4.0800673873905904e-5,TRUE,0,Tau,CSF,Low-density lipoproteins,Health,-0.43,0.041,0.043,0.056,0.4,0.07,0.12,0.095,0.33,0.56,0.72,0.56, , , , ,0.2153,FALSE,FALSE,CSF,Health
Willer2013ldl,Grasby2020surfarea,5e-8,FALSE,0.0875114555573999,11,0,17.4,0.1663,9.34e-4,0.0068,0.89,0.017125805989343462,9.369764806573653e-5,TRUE,0,Cortical Surface Area,Neuroimaging,Low-density lipoproteins,Health,-5.7e-6,-4.8e-6,-6.1e-6,-6.5e-6,7.7e-6,1.9e-6,2.9e-6,2.6e-6,0.47,0.014,0.061,0.012,*, ,*,.,0.1663,FALSE,TRUE,Neuroimaging,Health
Willer2013ldl,Grasby2020thickness,5e-6,TRUE,0.36962612725544525,30,1,48.8,0.0253,-0.00997,0.0057,0.092,0.023078071926128752,2.2940973825505623e-4,TRUE,0,Cortical Thickness,Neuroimaging,Low-density lipoproteins,Health,2.4,0.35,1.4,0.43,1.2,0.24,0.72,0.37,0.058,0.15,0.054,0.25, ,., ,.,0.0253,FALSE,FALSE,Neuroimaging,Health
Willer2013ldl,Hilbar2017hipv,5e-6,FALSE,0.14765816105082233,16,0,28.2,0.0635,-0.0059,0.0052,0.28,0.02072428509204759,1.6249128958234615e-4,TRUE,0,Hippocampal Volume,Neuroimaging,Low-density lipoproteins,Health,0.043,-0.056,-0.078,-0.077,0.093,0.026,0.064,0.041,0.65,0.034,0.24,0.061,*, ,., ,0.0635,FALSE,FALSE,Neuroimaging,Health
Willer2013ldl,Huang2017aaos,5e-6,FALSE,0.5893079019032172,21,0,15.6,0.8262,-0.00219,0.0034,0.53,0.013669850646037207,7.083373755583318e-5,TRUE,0,AAOS,Diagnosis,Low-density lipoproteins,Health,0.027,0.0093,0.014,0.0087,0.031,0.013,0.021,0.019,0.39,0.49,0.5,0.64, , , , ,0.8262,FALSE,FALSE,Diagnosis,Health
Willer2013ldl,Kunkle2019load,5e-6,FALSE,0.5307606044914615,21,0,29.8,0.1366,0.00227,0.0059,0.7,0.012198987673715989,1.1415446029162118e-4,TRUE,0,LOAD,Diagnosis,Low-density lipoproteins,Health,-0.033,-0.013,0.021,0.0039,0.056,0.014,0.029,0.021,0.56,0.36,0.47,0.85, , , , ,0.1366,FALSE,FALSE,Diagnosis,Health
Willer2013tc,Beecham2014braak4,5e-6,FALSE,0.2842056129254799,5,0,10.6,0.1653,-0.0217,0.014,0.21,0.0144917700293813,4.239520354291398e-5,TRUE,7.549516567451064e-15,Neurofibrillary Tangles,Neuropathology,Total Cholesterol,Health,0.094,0.018,0.0097,0.013,0.05,0.011,0.018,0.015,0.16,0.091,0.61,0.38,., , , ,0.1653,FALSE,FALSE,Neuropathology,Health
Willer2013tc,Deming2017ab42,5e-6,FALSE,0.4916284343885345,9,0,18.9,0.0645,-0.00145,0.011,0.9,0.06624052514553962,9.354513581207978e-5,TRUE,0,AB42,CSF,Total Cholesterol,Health,0.14,0.087,0.12,0.15,0.45,0.085,0.15,0.12,0.76,0.31,0.43,0.21, , , , ,0.0645,FALSE,FALSE,CSF,Health
Willer2013tc,Deming2017ptau,5e-6,FALSE,0.734413765077953,10,0,9.3,0.5812,-0.0112,0.0073,0.16,0.08955973131519893,5.262336826611306e-5,TRUE,0,Ptau181,CSF,Total Cholesterol,Health,0.28,0.0037,0.033,0.005,0.19,0.056,0.098,0.071,0.18,0.95,0.75,0.94, , , , ,0.5812,FALSE,FALSE,CSF,Health
Willer2013tc,Deming2017tau,5e-6,FALSE,0.734413765077953,7,0,9.2,0.339,0.0115,0.012,0.38,0.05580063493846667,3.138954252156992e-5,TRUE,0,Tau,CSF,Total Cholesterol,Health,-0.35,-0.0033,-0.036,-0.045,0.37,0.069,0.12,0.09,0.39,0.96,0.78,0.62, , , , ,0.339,FALSE,FALSE,CSF,Health
Willer2013tc,Grasby2020surfarea,5e-6,FALSE,0.031567520216085804,34,0,34.3,0.5075,0.00237,0.0032,0.47,0.033706549468375695,1.9529295905001368e-4,TRUE,0,Cortical Surface Area,Neuroimaging,Total Cholesterol,Health,-6.9e-6,-3.8e-6,-5.7e-6,-5e-6,4.4e-6,1.3e-6,3e-6,2.1e-6,0.13,0.004,0.062,0.017,**, ,*,.,0.5075,TRUE,NA,Neuroimaging,Health
Willer2013tc,Grasby2020thickness,5e-6,TRUE,0.499354050921728,29,2,54,0.0055,-0.00638,0.0066,0.35,0.022329443272265624,2.2934189834158437e-4,TRUE,0,Cortical Thickness,Neuroimaging,Total Cholesterol,Health,1.6,0.24,0.31,0.2,1.5,0.24,0.58,0.38,0.28,0.33,0.59,0.6, , , , ,0.0055,FALSE,FALSE,Neuroimaging,Health
Willer2013tc,Hilbar2017hipv,5e-6,TRUE,0.37110173531999086,15,1,27.3,0.0524,-0.00547,0.0051,0.31,0.018026783715573192,1.3046747478726546e-4,TRUE,0,Hippocampal Volume,Neuroimaging,Total Cholesterol,Health,0.055,-0.037,-0.0035,-0.037,0.093,0.026,0.063,0.042,0.56,0.16,0.96,0.37, , , , ,0.0524,FALSE,FALSE,Neuroimaging,Health
Willer2013tc,Huang2017aaos,5e-6,FALSE,0.7180663539307193,21,0,19.5,0.6126,8.06e-4,0.0033,0.81,0.013669850646037207,8.200730960141004e-5,TRUE,0,AAOS,Diagnosis,Total Cholesterol,Health,-0.0048,0.0017,-0.0065,4.7e-4,0.03,0.013,0.024,0.019,0.87,0.89,0.79,0.98, , , , ,0.6126,FALSE,FALSE,Diagnosis,Health
Willer2013tc,Kunkle2019load,5e-6,FALSE,0.6160337059854964,21,0,35.9,0.0386,0.00456,0.0063,0.48,0.012198987673715989,1.453672718846609e-4,TRUE,0,LOAD,Diagnosis,Total Cholesterol,Health,-0.05,-0.0079,0.0015,-0.0055,0.06,0.013,0.028,0.02,0.42,0.56,0.96,0.78, , , , ,0.0386,FALSE,FALSE,Diagnosis,Health
Willer2013tg,Beecham2014braak4,5e-6,FALSE,0.7429762350740416,5,0,2.9,0.7513,-0.00633,0.011,0.6,0.0144917700293813,5.8942768831782595e-6,TRUE,8.881784197001252e-16,Neurofibrillary Tangles,Neuropathology,Triglycerides,Health,0.022,3.8e-5,-0.0076,-0.00093000000000000005,0.039,0.0099,0.017,0.012,0.61,1,0.68,0.94, , , , ,0.7513,FALSE,FALSE,Neuropathology,Health
Willer2013tg,Deming2017ab42,5e-6,FALSE,0.6847586513756801,9,0,8.7,0.5532,0.00234,0.0071,0.75,0.06624052514553962,4.484645086054583e-5,TRUE,0,AB42,CSF,Triglycerides,Health,-0.065,0.024,-0.053,-0.043,0.28,0.079,0.15,0.11,0.82,0.77,0.74,0.68, , , , ,0.5532,FALSE,FALSE,CSF,Health
Willer2013tg,Deming2017ptau,5e-6,FALSE,0.7073481497511355,10,0,7.1,0.7637,-0.00212,0.0067,0.76,0.08955973131519893,2.640938386930877e-5,TRUE,0,Ptau181,CSF,Triglycerides,Health,0.044,-0.0088,-0.0023,-0.0039,0.18,0.051,0.09,0.068,0.81,0.86,0.98,0.95, , , , ,0.7637,FALSE,FALSE,CSF,Health
Willer2013tg,Deming2017tau,5e-6,FALSE,0.6762441810205799,7,0,9.7,0.3066,-0.00639,0.012,0.62,0.05580063493846667,3.8000489568951204e-5,TRUE,0,Tau,CSF,Triglycerides,Health,0.21,0.022,0.032,0.034,0.37,0.063,0.11,0.085,0.59,0.73,0.78,0.69, , , , ,0.3066,FALSE,FALSE,CSF,Health
Willer2013tg,Grasby2020surfarea,5e-8,TRUE,0.14942193101509119,10,1,18.5,0.0978,-0.00828,0.0056,0.18,0.015939871941279913,1.0148344968876796e-4,TRUE,0,Cortical Surface Area,Neuroimaging,Triglycerides,Health,4.8e-6,-3.8e-6,1.4e-6,-4.3e-6,6.2e-6,1.8e-6,3.8e-6,2.6e-6,0.46,0.036,0.73,0.1,*, ,., ,0.0978,FALSE,FALSE,Neuroimaging,Health
Willer2013tg,Grasby2020thickness,5e-6,TRUE,0.5893079019032172,30,1,65.6,5e-4,0.00129,0.0067,0.85,0.022994033834494557,2.8453680376547524e-4,TRUE,0,Cortical Thickness,Neuroimaging,Triglycerides,Health,-0.43,-0.15,0.39,-0.1,1.5,0.22,0.62,0.36,0.77,0.49,0.53,0.78, , , , ,5e-4,FALSE,FALSE,Neuroimaging,Health
Willer2013tg,Hilbar2017hipv,5e-6,FALSE,0.6847586513756801,16,0,27.2,0.0734,-0.00528,0.0047,0.28,0.02072428509204759,1.2610526540707837e-4,TRUE,0,Hippocampal Volume,Neuroimaging,Triglycerides,Health,0.082,-0.0069,-0.0059,-0.03,0.085,0.024,0.044,0.034,0.35,0.77,0.9,0.39, , , , ,0.0734,FALSE,FALSE,Neuroimaging,Health
Willer2013tg,Huang2017aaos,5e-6,TRUE,0.1413100588617391,19,2,15.1,0.7662,0.00187,0.0033,0.58,0.01233899693649914,9.273422590701701e-5,TRUE,0,AAOS,Diagnosis,Triglycerides,Health,-0.041,-0.026,-0.038,-0.033,0.028,0.012,0.024,0.017,0.17,0.032,0.14,0.052,*, ,., ,0.7662,FALSE,FALSE,Diagnosis,Health
Willer2013tg,Kunkle2019load,5e-8,TRUE,0.6265511604880302,5,2,6.9,0.3597,0.00336,0.016,0.84,0.003961675942549429,2.1469137408238017e-5,TRUE,0,LOAD,Diagnosis,Triglycerides,Health,-0.015,0.012,0.0019,0.0063,0.13,0.022,0.036,0.027,0.92,0.59,0.96,0.82, , , , ,0.3597,FALSE,FALSE,Diagnosis,Health
Xue2018diab,Beecham2014braak4,5e-6,FALSE,0.7090871621904536,4,0,15.1,0.0413,-0.00931,0.042,0.84,0.010785741781067313,3.522024152851366e-5,TRUE,1.6106005418237146e-11,Neurofibrillary Tangles,Neuropathology,Type 2 Diabetes,Health,0.036,0.0033,0.021,0.0054,0.15,0.02,0.051,0.026,0.83,0.87,0.71,0.84, , , , ,0.0413,FALSE,FALSE,Neuropathology,Health
Xue2018diab,Deming2017ab42,5e-6,FALSE,0.641317753171231,8,0,13.5,0.1675,0.0256,0.012,0.075,0.05618079731065191,4.958019643612632e-5,TRUE,0,AB42,CSF,Type 2 Diabetes,Health,-0.91,0.067,-0.22,-0.0057,0.47,0.14,0.33,0.21,0.11,0.64,0.53,0.98, , , , ,0.1675,FALSE,FALSE,CSF,Health
Xue2018diab,Deming2017ptau,5e-6,FALSE,0.6912594665358353,8,0,22.5,0.017,0.0166,0.018,0.39,0.06927735973891802,7.682682232058623e-5,TRUE,0,Ptau181,CSF,Type 2 Diabetes,Health,-0.4,0.022,-0.24,-0.013,0.48,0.094,0.31,0.14,0.43,0.81,0.47,0.93, , , , ,0.017,FALSE,FALSE,CSF,Health
Xue2018diab,Deming2017tau,5e-6,TRUE,0.734413765077953,5,1,22.4,0.0083,4.47e-4,0.05,0.99,0.04242137887735759,5.449549070012666e-5,TRUE,0,Tau,CSF,Type 2 Diabetes,Health,-0.0055,0.0068,-0.32,-0.08,1.4,0.12,0.41,0.18,1,0.96,0.48,0.65, , , , ,0.0083,FALSE,FALSE,CSF,Health
Xue2018diab,Grasby2020surfarea,5e-6,FALSE,0.013716205464729823,33,0,61.1,0.0055,-4.18e-4,0.0068,0.95,0.030834069384401638,3.165180761733377e-4,TRUE,0,Cortical Surface Area,Neuroimaging,Type 2 Diabetes,Health,-6.3e-6,-6.8e-6,-5.5e-6,-6.1e-6,9.5e-6,2.2e-6,4.2e-6,3.4e-6,0.51,0.0015,0.2,0.07,**, ,., ,0.0055,FALSE,NA,Neuroimaging,Health
Xue2018diab,Grasby2020thickness,5e-6,FALSE,0.4837070336639787,31,0,71.4,2e-4,-0.00567,0.011,0.62,0.024027409273838788,3.179231339794032e-4,TRUE,0,Cortical Thickness,Neuroimaging,Type 2 Diabetes,Health,0.86,-0.38,-0.25,-0.41,2.5,0.36,1.3,0.59,0.74,0.29,0.85,0.49, , , , ,2e-4,FALSE,FALSE,Neuroimaging,Health
Xue2018diab,Hilbar2017hipv,5e-6,FALSE,0.6967198672766711,14,0,37.6,0.0019,-0.013,0.01,0.23,0.019141945577452014,1.5002065176105493e-4,TRUE,0,Hippocampal Volume,Neuroimaging,Type 2 Diabetes,Health,0.2,-0.0085,0.081,0.052,0.18,0.042,0.085,0.065,0.28,0.84,0.36,0.43, , , , ,0.0019,FALSE,FALSE,Neuroimaging,Health
Xue2018diab,Huang2017aaos,5e-6,TRUE,0.6667428640900903,19,1,27.9,0.1241,0.018,0.009,0.061,0.009424319820840292,1.184243451628603e-4,TRUE,0,AAOS,Diagnosis,Type 2 Diabetes,Health,-0.17,0.0085,-0.0066,-0.0056,0.09,0.022,0.049,0.034,0.084,0.7,0.89,0.87, ,., , ,0.1241,FALSE,FALSE,Diagnosis,Health
Xue2018diab,Kunkle2019load,5e-8,TRUE,0.641317753171231,9,1,20.9,0.0407,0.00516,0.02,0.8,0.008859327090912378,7.884053026439962e-5,TRUE,0,LOAD,Diagnosis,Type 2 Diabetes,Health,-0.031,0.011,-0.03,-0.0082,0.16,0.023,0.048,0.033,0.86,0.64,0.54,0.81, , , , ,0.0407,FALSE,FALSE,Diagnosis,Health
Yengo2018bmi,Beecham2014braak4,5e-6,FALSE,0.7363986298196927,5,0,5.6,0.4677,-0.00562,0.0045,0.3,0.0144917700293813,5.201117583192949e-6,TRUE,4.440892098500626e-16,Neurofibrillary Tangles,Neuropathology,BMI,Health,0.021,1.5e-4,-0.0019,6.9e-4,0.017,0.0038,0.007,0.0051,0.31,0.97,0.8,0.89, , , , ,0.4677,FALSE,FALSE,Neuropathology,Health
Yengo2018bmi,Deming2017ab42,5e-6,TRUE,0.5356127854974505,8,1,8.5,0.4866,-0.00148,0.0029,0.63,0.05948456496595341,1.049630596163581e-5,TRUE,0,AB42,CSF,BMI,Health,0.028,-0.027,-0.037,-0.036,0.11,0.031,0.063,0.041,0.81,0.38,0.58,0.38, , , , ,0.4866,FALSE,FALSE,CSF,Health
Yengo2018bmi,Deming2017ptau,5e-6,TRUE,0.11720117865249237,7,3,15,0.0944,-0.00187,0.0052,0.73,0.06810738220299294,2.3155368041403876e-5,TRUE,0,Ptau181,CSF,BMI,Health,0.089,0.047,0.0051,0.023,0.12,0.021,0.044,0.03,0.49,0.025,0.91,0.44,*, , , ,0.0944,FALSE,FALSE,CSF,Health
Yengo2018bmi,Deming2017tau,5e-6,TRUE,0.613728175575245,6,1,15.9,0.0585,-0.00477,0.006,0.47,0.0491653691736836,1.3784846962394359e-5,TRUE,0,Tau,CSF,BMI,Health,0.12,-0.015,-0.07,-0.053,0.18,0.025,0.07,0.037,0.53,0.54,0.37,0.15, , , , ,0.0585,FALSE,FALSE,CSF,Health
Yengo2018bmi,Grasby2020surfarea,5e-8,TRUE,0.39001174381383114,5,2,11.5,0.1522,0.00217,0.0031,0.53,0.007837533995699841,1.4735680470938891e-5,TRUE,0,Cortical Surface Area,Neuroimaging,BMI,Health,-3.4e-6,-1.2e-6,-1.8e-6,-1.6e-6,3.4e-6,9.3e-7,1.1e-6,1.1e-6,0.39,0.18,0.19,0.14, , , , ,0.1522,FALSE,FALSE,Neuroimaging,Health
Yengo2018bmi,Grasby2020thickness,5e-6,TRUE,0.08519802472164453,27,3,83.5,<1e-04,-0.00379,0.0035,0.3,0.02056393487452276,1.2252697107299637e-4,TRUE,0,Cortical Thickness,Neuroimaging,BMI,Health,0.62,-0.21,0.34,-0.065,0.8,0.086,0.31,0.16,0.44,0.013,0.28,0.68,*, , , ,1e-4,FALSE,FALSE,Neuroimaging,Health
Yengo2018bmi,Hilbar2017hipv,5e-6,TRUE,0.5663250864041084,12,4,18.7,0.1576,0.0019,0.0032,0.56,0.012147760125500028,2.2661377497470117e-5,TRUE,0,Hippocampal Volume,Neuroimaging,BMI,Health,-0.026,0.0085,0.002,0.0047,0.06,0.011,0.028,0.016,0.67,0.44,0.94,0.77, , , , ,0.1576,FALSE,FALSE,Neuroimaging,Health
Yengo2018bmi,Huang2017aaos,5e-6,TRUE,0.641317753171231,18,3,45.9,0.0012,5.96e-4,0.0016,0.72,0.01191288004759229,5.993774452425103e-5,TRUE,0,AAOS,Diagnosis,BMI,Health,-0.0021,0.002,-0.0097,-0.0072,0.013,0.0043,0.0083,0.0072,0.88,0.64,0.25,0.32, , , , ,0.0012,FALSE,FALSE,Diagnosis,Health
Yengo2018bmi,Kunkle2019load,5e-8,TRUE,0.4862601558902132,5,2,2.8,0.7726,-0.00333,0.0057,0.6,0.0043465660854551435,3.869801992812109e-6,TRUE,0,LOAD,Diagnosis,BMI,Health,0.017,-0.0076,-0.017,-0.0094,0.043,0.0074,0.012,0.009,0.71,0.3,0.22,0.29, , , , ,0.7726,FALSE,FALSE,Diagnosis,Health
