SNP,effect_allele.exposure,other_allele.exposure,effect_allele.outcome,other_allele.outcome,beta.exposure,beta.outcome,eaf.exposure,eaf.outcome,remove,palindromic,ambiguous,id.outcome,se.outcome,pval.outcome,outcome,mr_keep.outcome,pval_origin.outcome,proxy.outcome,target_snp.outcome,proxy_snp.outcome,target_a1.outcome,target_a2.outcome,proxy_a1.outcome,proxy_a2.outcome,se.exposure,pval.exposure,exposure,mr_keep.exposure,pval_origin.exposure,id.exposure,action,mr_keep,samplesize.outcome,mrpresso_RSSobs,mrpresso_pval,mrpresso_keep
rs10085696,G,A,G,A,-0.016,0.0152,0.201,0.8107,FALSE,FALSE,FALSE,dpj1mA,0.0196,0.4398,load,TRUE,reported,NA,NA,NA,NA,NA,NA,NA,0.00249,1.24e-10,alccliu,TRUE,reported,ZhlaPS,2,TRUE,NA,2.5319027204083873e-4,1,TRUE
rs10753661,A,G,A,G,-0.0113,-0.0138,0.702,0.3107,FALSE,FALSE,FALSE,dpj1mA,0.0167,0.4074,load,TRUE,reported,TRUE,rs10753661,rs7539883,G,A,G,A,0.00209,4.24e-8,alccliu,TRUE,reported,ZhlaPS,2,TRUE,NA,1.8322231308448661e-4,1,TRUE
rs1123285,G,C,G,C,-0.0127,-8e-4,0.339,0.33799999999999997,FALSE,TRUE,FALSE,dpj1mA,0.0166,0.9633,load,TRUE,reported,NA,NA,NA,NA,NA,NA,NA,0.00208,1.36e-9,alccliu,TRUE,reported,ZhlaPS,2,TRUE,NA,1.4873950047253732e-7,1,TRUE
rs11860773,C,T,C,T,-0.0155,0.0091,0.176,0.8138,FALSE,FALSE,FALSE,dpj1mA,0.0223,0.6847,load,TRUE,reported,NA,NA,NA,NA,NA,NA,NA,0.00251,8.35e-10,alccliu,TRUE,reported,ZhlaPS,2,TRUE,NA,9.393839807914931e-5,1,TRUE
rs1229984,C,T,C,T,0.209,-0.0444,0.953,0.9424,FALSE,FALSE,FALSE,dpj1mA,0.0424,0.295,load,TRUE,reported,NA,NA,NA,NA,NA,NA,NA,0.00673,1e-200,alccliu,TRUE,reported,ZhlaPS,2,TRUE,NA,0.007924608538837757,1,TRUE
rs1260326,C,T,C,T,0.0233,8e-4,0.595,0.5768,FALSE,FALSE,FALSE,dpj1mA,0.0161,0.9608,load,TRUE,reported,NA,NA,NA,NA,NA,NA,NA,0.00196,3.33e-33,alccliu,TRUE,reported,ZhlaPS,2,TRUE,NA,1.1463971133205958e-9,1,TRUE
rs13107325,T,C,T,C,-0.0369,0.0509,0.0654,0.0697,FALSE,FALSE,FALSE,dpj1mA,0.0308,0.09826,load,TRUE,reported,NA,NA,NA,NA,NA,NA,NA,0.00395,1.23e-20,alccliu,TRUE,reported,ZhlaPS,2,TRUE,NA,0.0028573172351975956,1,TRUE
rs13332432,G,C,G,C,0.0142,-0.0078,0.296,0.2956,FALSE,TRUE,FALSE,dpj1mA,0.0183,0.6696,load,TRUE,reported,NA,NA,NA,NA,NA,NA,NA,0.00219,5.94e-11,alccliu,TRUE,reported,ZhlaPS,2,TRUE,NA,6.981347515165088e-5,1,TRUE
rs1387766,A,G,A,G,-0.0108,0.0111,0.622,0.3891,FALSE,FALSE,FALSE,dpj1mA,0.0162,0.4916,load,TRUE,reported,NA,NA,NA,NA,NA,NA,NA,0.00198,4.79e-8,alccliu,TRUE,reported,ZhlaPS,2,TRUE,NA,1.3329206323470143e-4,1,TRUE
rs140572477,A,G,A,G,-0.185,0.067,0.0045,NA,FALSE,FALSE,FALSE,dpj1mA,0.0841,0.4256,load,TRUE,reported,NA,NA,NA,NA,NA,NA,NA,0.0211,1.29e-18,alccliu,TRUE,reported,ZhlaPS,2,TRUE,NA,0.006373268864177624,1,TRUE
rs153106,C,T,C,T,-0.0137,-0.0095,0.409,0.6016,FALSE,FALSE,FALSE,dpj1mA,0.0159,0.5505,load,TRUE,reported,NA,NA,NA,NA,NA,NA,NA,0.00196,3.63e-12,alccliu,TRUE,reported,ZhlaPS,2,TRUE,NA,8.404378515979319e-5,1,TRUE
rs16854020,A,G,A,G,0.018,-0.022,0.127,0.1236,FALSE,FALSE,FALSE,dpj1mA,0.0244,0.3671,load,TRUE,reported,NA,NA,NA,NA,NA,NA,NA,0.00289,4.82e-10,alccliu,TRUE,reported,ZhlaPS,2,TRUE,NA,5.202684313223857e-4,1,TRUE
rs17177078,T,C,T,C,-0.0248,0.036,0.0664,0.0687,FALSE,FALSE,FALSE,dpj1mA,0.033,0.2749,load,TRUE,reported,NA,NA,NA,NA,NA,NA,NA,0.0041,9.51e-10,alccliu,TRUE,reported,ZhlaPS,2,TRUE,NA,0.001382587868744535,1,TRUE
rs17542254,G,A,G,A,0.0131,0.0105,0.251,0.7367,FALSE,FALSE,FALSE,dpj1mA,0.0174,0.5483,load,TRUE,reported,NA,NA,NA,NA,NA,NA,NA,0.00214,8.96e-10,alccliu,TRUE,reported,ZhlaPS,2,TRUE,NA,1.0341099482336506e-4,1,TRUE
rs2049045,C,G,C,G,-0.0137,0.0185,0.189,0.1912,FALSE,TRUE,FALSE,dpj1mA,0.0193,0.3374,load,TRUE,reported,NA,NA,NA,NA,NA,NA,NA,0.00251,3.97e-8,alccliu,TRUE,reported,ZhlaPS,2,TRUE,NA,3.6554706037863176e-4,1,TRUE
rs2299409,A,G,A,G,-0.0104,0.0224,0.493,0.47619999999999996,FALSE,FALSE,FALSE,dpj1mA,0.0154,0.146,load,TRUE,reported,NA,NA,NA,NA,NA,NA,NA,0.00192,4.8e-8,alccliu,TRUE,reported,ZhlaPS,2,TRUE,NA,5.255524849052044e-4,1,TRUE
rs28601761,G,C,G,C,0.0116,0.0038,0.405,0.4225,FALSE,TRUE,TRUE,dpj1mA,0.0165,0.8193,load,TRUE,reported,NA,NA,NA,NA,NA,NA,NA,0.00201,7.6e-9,alccliu,TRUE,reported,ZhlaPS,2,FALSE,NA,1.1886547122629172e-5,1,TRUE
rs28680958,A,G,A,G,-0.0136,-0.03,0.23,0.2268,FALSE,FALSE,FALSE,dpj1mA,0.0185,0.1051,load,TRUE,reported,NA,NA,NA,NA,NA,NA,NA,0.00237,9.78e-9,alccliu,TRUE,reported,ZhlaPS,2,TRUE,NA,8.900304064305316e-4,1,TRUE
rs28712821,A,G,A,G,0.0284,0.0326,0.594,0.41869999999999996,FALSE,FALSE,FALSE,dpj1mA,0.0163,0.04505,load,TRUE,reported,NA,NA,NA,NA,NA,NA,NA,0.00199,1.1e-46,alccliu,TRUE,reported,ZhlaPS,2,TRUE,NA,0.0011179341575201962,1,TRUE
rs28732378,G,A,G,A,-0.0163,0.0243,0.729,0.7277,FALSE,FALSE,FALSE,dpj1mA,0.0175,0.1633,load,TRUE,reported,NA,NA,NA,NA,NA,NA,NA,0.00217,2.24e-14,alccliu,TRUE,reported,ZhlaPS,2,TRUE,NA,6.359751516493608e-4,1,TRUE
rs28929474,T,C,T,C,-0.0477,-0.0596,0.0154,0.0176,FALSE,FALSE,FALSE,dpj1mA,0.1177,0.6125,load,TRUE,reported,NA,NA,NA,NA,NA,NA,NA,0.00719,2.39e-11,alccliu,TRUE,reported,ZhlaPS,2,TRUE,NA,0.0033867481559229596,1,TRUE
rs331939,A,G,A,G,-0.0118,-0.0077,0.339,0.3485,FALSE,FALSE,FALSE,dpj1mA,0.0168,0.6453,load,TRUE,reported,NA,NA,NA,NA,NA,NA,NA,0.00202,4.5e-9,alccliu,TRUE,reported,ZhlaPS,2,TRUE,NA,5.438837187898725e-5,1,TRUE
rs34121753,G,A,G,A,0.0112,-0.0103,0.532,0.5772999999999999,FALSE,FALSE,FALSE,dpj1mA,0.0165,0.5312,load,TRUE,reported,NA,NA,NA,NA,NA,NA,NA,0.00199,1.39e-8,alccliu,TRUE,reported,ZhlaPS,2,TRUE,NA,1.156770672628719e-4,1,TRUE
rs34704785,T,C,T,C,-0.0114,-0.0069,0.412,0.47,FALSE,FALSE,FALSE,dpj1mA,0.0155,0.657,load,TRUE,reported,TRUE,rs34704785,rs12871346,C,T,C,T,0.00214,4.52e-8,alccliu,TRUE,reported,ZhlaPS,2,TRUE,NA,4.3384711999203814e-5,1,TRUE
rs3814877,T,G,T,G,-0.0113,-0.0501,0.381,0.3878,FALSE,FALSE,FALSE,dpj1mA,0.0161,0.0018,load,TRUE,reported,NA,NA,NA,NA,NA,NA,NA,0.00198,1.07e-8,alccliu,TRUE,reported,ZhlaPS,2,TRUE,NA,0.0025159182444156334,0.0924,TRUE
rs4309187,C,A,C,A,0.0149,-0.0019,0.697,0.6759999999999999,FALSE,FALSE,FALSE,dpj1mA,0.0167,0.9104,load,TRUE,reported,NA,NA,NA,NA,NA,NA,NA,0.0021,1.37e-12,alccliu,TRUE,reported,ZhlaPS,2,TRUE,NA,5.8777080651960055e-6,1,TRUE
rs4752999,T,C,T,C,-0.0145,-0.0726,0.321,0.3179,FALSE,FALSE,FALSE,dpj1mA,0.0165,1.156e-5,load,TRUE,reported,NA,NA,NA,NA,NA,NA,NA,0.00207,2.03e-12,alccliu,TRUE,reported,ZhlaPS,2,TRUE,NA,0.005344702174128099,<0.0084,FALSE
rs4916723,C,A,C,A,-0.0115,0.0038,0.404,0.3698,FALSE,FALSE,FALSE,dpj1mA,0.016,0.8148,load,TRUE,reported,TRUE,rs4916723,rs56022653,C,A,C,G,0.00199,8.07e-9,alccliu,TRUE,reported,ZhlaPS,2,TRUE,NA,1.7781022988723255e-5,1,TRUE
rs528301,A,G,A,G,0.0156,-0.0131,0.605,0.43620000000000003,FALSE,FALSE,FALSE,dpj1mA,0.0162,0.4197,load,TRUE,reported,NA,NA,NA,NA,NA,NA,NA,0.00195,1.25e-15,alccliu,TRUE,reported,ZhlaPS,2,TRUE,NA,1.914806313283772e-4,1,TRUE
rs55872084,T,G,T,G,0.0129,0.018,0.218,0.2313,FALSE,FALSE,FALSE,dpj1mA,0.0182,0.3232,load,TRUE,reported,NA,NA,NA,NA,NA,NA,NA,0.00228,1.98e-8,alccliu,TRUE,reported,ZhlaPS,2,TRUE,NA,3.143724393978858e-4,1,TRUE
rs55932213,G,A,G,A,0.0129,-0.0017,0.701,0.7187,FALSE,FALSE,FALSE,dpj1mA,0.0191,0.9289,load,TRUE,reported,NA,NA,NA,NA,NA,NA,NA,0.0023,1.8e-8,alccliu,TRUE,reported,ZhlaPS,2,TRUE,NA,4.587752823262193e-6,1,TRUE
rs6106989,A,G,A,G,0.0113,-0.0274,0.628,0.38180000000000003,FALSE,FALSE,FALSE,dpj1mA,0.0164,0.0946,load,TRUE,reported,NA,NA,NA,NA,NA,NA,NA,0.00204,3.81e-8,alccliu,TRUE,reported,ZhlaPS,2,TRUE,NA,7.842307009594599e-4,1,TRUE
rs62135521,T,G,T,G,-0.0272,0.0427,0.0378,0.0463,FALSE,FALSE,FALSE,dpj1mA,0.0444,0.3356,load,TRUE,reported,NA,NA,NA,NA,NA,NA,NA,0.0047,9.91e-9,alccliu,TRUE,reported,ZhlaPS,2,TRUE,NA,0.0019257315268489525,1,TRUE
rs6573197,T,C,T,C,-0.0123,-0.036,0.726,0.27370000000000005,FALSE,FALSE,FALSE,dpj1mA,0.0177,0.04208,load,TRUE,reported,NA,NA,NA,NA,NA,NA,NA,0.00214,9.3e-9,alccliu,TRUE,reported,ZhlaPS,2,TRUE,NA,0.001288619411617609,1,TRUE
rs6739804,C,T,C,T,-0.0129,0.0104,0.66,0.6577,FALSE,FALSE,FALSE,dpj1mA,0.0169,0.5375,load,TRUE,reported,NA,NA,NA,NA,NA,NA,NA,0.00208,4.72e-10,alccliu,TRUE,reported,ZhlaPS,2,TRUE,NA,1.195966726656861e-4,1,TRUE
rs682011,C,T,C,T,0.011,-0.0048,0.567,0.54990000000000006,FALSE,FALSE,FALSE,dpj1mA,0.0163,0.7658,load,TRUE,reported,NA,NA,NA,NA,NA,NA,NA,0.00194,1.53e-8,alccliu,TRUE,reported,ZhlaPS,2,TRUE,NA,2.7077741826616088e-5,1,TRUE
rs6951574,C,T,C,T,0.0135,0.0189,0.459,0.5913,FALSE,FALSE,FALSE,dpj1mA,0.0242,0.4335,load,TRUE,reported,TRUE,rs6951574,rs60009449,C,T,C,T,0.00205,4.44e-11,alccliu,TRUE,reported,ZhlaPS,2,TRUE,NA,3.4432997735126035e-4,1,TRUE
rs7106546,T,G,T,G,0.0132,-6e-4,0.755,0.24339999999999995,FALSE,FALSE,FALSE,dpj1mA,0.018,0.9739,load,TRUE,reported,NA,NA,NA,NA,NA,NA,NA,0.00229,1.28e-8,alccliu,TRUE,reported,ZhlaPS,2,TRUE,NA,1.0910608160452224e-6,1,TRUE
rs76640332,A,G,A,G,-0.0219,-0.0498,0.204,0.7743,FALSE,FALSE,FALSE,dpj1mA,0.0199,0.01224,load,TRUE,reported,TRUE,rs76640332,rs112480703,A,G,C,T,0.0025,1.47e-18,alccliu,TRUE,reported,ZhlaPS,2,TRUE,NA,0.0025138337853065807,0.4284,TRUE
rs78234152,A,G,A,G,0.0275,0.0344,0.0986,0.0966,FALSE,FALSE,FALSE,dpj1mA,0.0274,0.2095,load,TRUE,reported,NA,NA,NA,NA,NA,NA,NA,0.00306,2.18e-19,alccliu,TRUE,reported,ZhlaPS,2,TRUE,NA,0.0011623645798866631,1,TRUE
rs79616692,C,G,C,G,0.019,-0.0325,0.11,0.1094,FALSE,TRUE,FALSE,dpj1mA,0.0263,0.2164,load,TRUE,reported,NA,NA,NA,NA,NA,NA,NA,0.00315,2.38e-9,alccliu,TRUE,reported,ZhlaPS,2,TRUE,NA,0.0011175758531614041,1,TRUE
rs838145,A,G,A,G,-0.0161,-0.0293,0.584,0.4212,FALSE,FALSE,FALSE,dpj1mA,0.016,0.06791,load,TRUE,reported,NA,NA,NA,NA,NA,NA,NA,0.00198,3.87e-16,alccliu,TRUE,reported,ZhlaPS,2,TRUE,NA,8.577357417779103e-4,1,TRUE
