SNP,effect_allele.exposure,other_allele.exposure,effect_allele.outcome,other_allele.outcome,beta.exposure,beta.outcome,eaf.exposure,eaf.outcome,remove,palindromic,ambiguous,id.outcome,chr.outcome,pos.outcome,se.outcome,z.outcome,pval.outcome,samplesize.outcome,outcome,mr_keep.outcome,pval_origin.outcome,proxy.outcome,target_snp.outcome,proxy_snp.outcome,target_a1.outcome,target_a2.outcome,proxy_a1.outcome,proxy_a2.outcome,chr.exposure,pos.exposure,se.exposure,z.exposure,pval.exposure,samplesize.exposure,exposure,mr_keep.exposure,pval_origin.exposure,id.exposure,action,mr_keep,pleitropy_keep,pt,mrpresso_RSSobs,mrpresso_pval,mrpresso_keep
rs10016059,C,T,C,T,0.0038,-0.0042,0.3379,0.42878,FALSE,FALSE,FALSE,afMIzu,4,2385384,0.0052,-0.807692,0.4378,94593,Willer2013tc,TRUE,reported,TRUE,rs10016059,rs4257708,C,T,A,G,4,2405007,8e-4,4.75,4.994e-6,32441,Grasby2020thickness,TRUE,reported,4eYLpv,2,TRUE,TRUE,5e-6,2.744974714334042e-5,1,TRUE
rs11656696,A,C,A,C,0.004,-0.003,0.4288,0.408437,FALSE,FALSE,FALSE,afMIzu,17,10033679,0.0058,-0.517241,0.9218,93067,Willer2013tc,TRUE,reported,NA,NA,NA,NA,NA,NA,NA,17,10033679,8e-4,5,2.1170000000000002e-7,32512,Grasby2020thickness,TRUE,reported,4eYLpv,2,TRUE,TRUE,5e-6,1.6292553596373244e-5,1,TRUE
rs11692435,A,G,A,G,-0.0091,-0.0018,0.091,0.140881,FALSE,FALSE,FALSE,afMIzu,2,98275354,0.0087,-0.206897,0.9082,94595,Willer2013tc,TRUE,reported,NA,NA,NA,NA,NA,NA,NA,2,98275354,0.0015,-6.066666666666666,3.179e-10,29128,Grasby2020thickness,TRUE,reported,4eYLpv,2,TRUE,TRUE,5e-6,1.1099133890690877e-7,1,TRUE
rs12543282,T,C,T,C,0.0043,0.0069,0.2395,0.21413,FALSE,FALSE,FALSE,afMIzu,8,144605598,0.0061,1.1311475409836065,0.2005,94595,Willer2013tc,TRUE,reported,TRUE,rs12543282,rs7837369,T,C,T,G,8,144627241,9e-4,4.777777777777778,4.087e-6,32764,Grasby2020thickness,TRUE,reported,4eYLpv,2,TRUE,TRUE,5e-6,3.685704867126999e-5,1,TRUE
rs13107325,T,C,T,C,-0.0076,-0.0328,0.0707,0.0473169,FALSE,FALSE,FALSE,afMIzu,4,103188709,0.0081,-4.04938,1.158e-4,179512.12,Willer2013tc,TRUE,reported,NA,NA,NA,NA,NA,NA,NA,4,103188709,0.0015,-5.066666666666666,5.054e-7,32872,Grasby2020thickness,TRUE,reported,4eYLpv,2,TRUE,TRUE,5e-6,0.001065934658732736,<0.03,FALSE
rs1558801,C,A,C,A,-0.0041,0.0169,0.3852,0.399416,FALSE,FALSE,FALSE,afMIzu,12,109089394,0.0055,3.0727272727272728,0.0019370000000000001,94594,Willer2013tc,TRUE,reported,TRUE,rs1558801,rs7300215,C,A,A,G,12,109036359,9e-4,-4.55556,2.204e-6,30860,Grasby2020thickness,TRUE,reported,4eYLpv,2,TRUE,TRUE,5e-6,3.395379460702528e-4,<0.03,FALSE
rs1742401,A,G,A,G,-0.0038,-0.0172,0.3809,0.434838,FALSE,FALSE,FALSE,afMIzu,16,1963152,0.0053,-3.24528,8.216000000000001e-4,93067,Willer2013tc,TRUE,reported,TRUE,rs1742401,rs2974863,A,G,G,C,16,1971601,8e-4,-4.75,7.05e-7,32764,Grasby2020thickness,TRUE,reported,4eYLpv,2,TRUE,TRUE,5e-6,2.82325319417245e-4,0.03,FALSE
rs194833,T,G,T,G,-0.0035,-0.0033,0.4771,0.482583,FALSE,FALSE,FALSE,afMIzu,7,103762313,0.0051,-0.647059,0.4474,94595,Willer2013tc,TRUE,reported,TRUE,rs194833,rs194834,T,G,A,G,7,103761274,8e-4,-4.375,3.6139999999999996e-6,32486,Grasby2020thickness,TRUE,reported,4eYLpv,2,TRUE,TRUE,5e-6,6.5278089071523344e-6,1,TRUE
rs2002058,T,C,T,C,0.0046,0.004,0.1892,0.172896,FALSE,FALSE,FALSE,afMIzu,1,58561329,0.0046,0.8695652173913044,0.4161,187189.01,Willer2013tc,TRUE,reported,NA,NA,NA,NA,NA,NA,NA,1,58561329,0.001,4.6,1.289e-6,33089,Grasby2020thickness,TRUE,reported,4eYLpv,2,TRUE,TRUE,5e-6,9.649611661418716e-6,1,TRUE
rs2316766,T,G,T,G,0.0069,0.0075,0.2098,0.147123,FALSE,FALSE,FALSE,afMIzu,17,43749579,0.0064,1.171875,0.1361,91559,Willer2013tc,TRUE,reported,TRUE,rs2316766,rs17687534,T,G,C,T,17,43919068,0.0011,6.2727272727272725,2.903e-10,26063,Grasby2020thickness,TRUE,reported,4eYLpv,2,TRUE,TRUE,5e-6,3.9811989438695495e-5,1,TRUE
rs2636563,C,G,C,G,0.0044,0.0029,0.2416,0.205666,FALSE,TRUE,FALSE,afMIzu,3,183940200,0.0089,0.32584269662921345,0.6754,94595,Willer2013tc,TRUE,reported,TRUE,rs2636563,rs13315366,C,G,T,C,3,183939044,9e-4,4.888888888888889,2.299e-6,31046,Grasby2020thickness,TRUE,reported,4eYLpv,2,TRUE,TRUE,5e-6,3.627508305120165e-6,1,TRUE
rs2744449,C,G,C,G,0.0059,-0.005,0.9107,0.885118,FALSE,TRUE,FALSE,afMIzu,6,52909609,0.009000000000000001,-0.555556,0.674,91525,Willer2013tc,TRUE,reported,TRUE,rs2744449,rs222451,C,G,G,C,6,52951185,0.0013,4.538461538461538,4.452e-6,33281,Grasby2020thickness,TRUE,reported,4eYLpv,2,TRUE,TRUE,5e-6,4.260434327206655e-5,1,TRUE
rs3200031,T,C,T,C,0.0071,0.018000000000000002,0.0773,0.04679,FALSE,FALSE,FALSE,afMIzu,8,26201601,0.0099,1.8181818181818183,0.138,89529,Willer2013tc,TRUE,reported,TRUE,rs3200031,rs17055142,T,C,T,C,8,26227484,0.0014,5.071428571428572,5.526e-7,32872,Grasby2020thickness,TRUE,reported,4eYLpv,2,TRUE,TRUE,5e-6,2.835070604172611e-4,1,TRUE
rs35021943,C,A,C,A,0.0051,-7e-4,0.2422,0.224764,FALSE,FALSE,FALSE,afMIzu,4,121629986,0.0059,-0.118644,0.5696,94595,Willer2013tc,TRUE,reported,TRUE,rs35021943,rs11721741,C,A,G,A,4,121643239,9e-4,5.66667,2.979e-9,32872,Grasby2020thickness,TRUE,reported,4eYLpv,2,TRUE,TRUE,5e-6,3.867139795460631e-6,1,TRUE
rs35025323,C,T,C,T,-0.0054,-7e-4,0.121,0.127137,FALSE,FALSE,FALSE,afMIzu,10,97087522,0.0078,-0.0897436,0.9420000000000001,94595,Willer2013tc,TRUE,reported,TRUE,rs35025323,rs7085635,C,T,T,C,10,97089991,0.0011,-4.90909,1.7619999999999998e-6,32872,Grasby2020thickness,TRUE,reported,4eYLpv,2,TRUE,TRUE,5e-6,3.237540821044431e-7,1,TRUE
rs3770776,G,A,G,A,0.0039,-0.009,0.4299,0.424528,FALSE,FALSE,FALSE,afMIzu,2,37117073,0.0051,-1.76471,0.214,94595,Willer2013tc,TRUE,reported,TRUE,rs3770776,rs888083,G,A,T,C,2,37150793,8e-4,4.875,3.17e-7,32872,Grasby2020thickness,TRUE,reported,4eYLpv,2,TRUE,TRUE,5e-6,1.048896009943048e-4,1,TRUE
rs3816046,T,C,T,C,-0.0041,-0.0146,0.3206,0.305414,FALSE,FALSE,FALSE,afMIzu,19,46118127,0.0066,-2.21212,0.045469999999999997,77530,Willer2013tc,TRUE,reported,NA,NA,NA,NA,NA,NA,NA,19,46118127,8e-4,-5.125,8.464e-7,30344,Grasby2020thickness,TRUE,reported,4eYLpv,2,TRUE,FALSE,5e-6,NA,NA,NA
rs40565,T,C,T,C,0.0048,-0.0013,0.8108,0.792528,FALSE,FALSE,FALSE,afMIzu,5,55828636,0.0066,-0.19697,0.986,94526,Willer2013tc,TRUE,reported,NA,NA,NA,NA,NA,NA,NA,5,55828636,0.001,4.8,5.911e-7,32249,Grasby2020thickness,TRUE,reported,4eYLpv,2,TRUE,TRUE,5e-6,6.191403844780638e-6,1,TRUE
rs4296031,A,G,A,G,-0.0044,0.0088,0.8037,0.787785,FALSE,FALSE,FALSE,afMIzu,11,42511130,0.0067,1.3134328358208955,0.1931,94595,Willer2013tc,TRUE,reported,TRUE,rs4296031,rs6485318,A,G,A,G,11,42540012,0.001,-4.4,3.7789999999999997e-6,32486,Grasby2020thickness,TRUE,reported,4eYLpv,2,TRUE,TRUE,5e-6,1.0130715781471512e-4,1,TRUE
rs4772440,T,C,T,C,-0.0036,-0.0048,0.4224,0.42849,FALSE,FALSE,FALSE,afMIzu,13,102712476,0.0053,-0.90566,0.4525,93623,Willer2013tc,TRUE,reported,NA,NA,NA,NA,NA,NA,NA,13,102712476,8e-4,-4.5,3.1019999999999997e-6,32872,Grasby2020thickness,TRUE,reported,4eYLpv,2,TRUE,TRUE,5e-6,1.656151503105577e-5,1,TRUE
rs533577,T,C,T,C,-0.005,0.0023,0.4935,0.449239,FALSE,FALSE,FALSE,afMIzu,3,39489651,0.0051,0.4509803921568627,0.6001,94595,Willer2013tc,TRUE,reported,NA,NA,NA,NA,NA,NA,NA,3,39489651,8e-4,-6.25,8.426000000000001e-11,32872,Grasby2020thickness,TRUE,reported,4eYLpv,2,TRUE,TRUE,5e-6,1.3382111143586303e-5,1,TRUE
rs556204,C,G,C,G,-0.005,-0.0011,0.1594,0.113793,FALSE,TRUE,FALSE,afMIzu,1,57595583,0.0074,-0.148649,0.8320000000000001,94494,Willer2013tc,TRUE,reported,NA,NA,NA,NA,NA,NA,NA,1,57595583,0.001,-5,1.417e-6,32441,Grasby2020thickness,TRUE,reported,4eYLpv,2,TRUE,TRUE,5e-6,3.896511941562773e-9,1,TRUE
rs5756894,A,C,A,C,0.0035,0.0049,0.6043,0.571869,FALSE,FALSE,FALSE,afMIzu,22,38449394,0.0052,0.9423076923076923,0.2872,92954,Willer2013tc,TRUE,reported,TRUE,rs5756894,rs4821733,A,C,A,G,22,38450136,8e-4,4.375,4.741e-6,32872,Grasby2020thickness,TRUE,reported,4eYLpv,2,TRUE,TRUE,5e-6,1.7590141452482905e-5,1,TRUE
rs6738528,A,T,A,T,0.0045,0.0042,0.3984,0.421779,FALSE,TRUE,TRUE,afMIzu,2,27149258,0.0053,0.7924528301886792,0.188,94595,Willer2013tc,TRUE,reported,NA,NA,NA,NA,NA,NA,NA,2,27149258,8e-4,5.624999999999999,7.324000000000001e-9,32872,Grasby2020thickness,TRUE,reported,4eYLpv,2,FALSE,TRUE,5e-6,NA,NA,NA
rs7215205,C,T,C,T,-0.0036,0.0092,0.6326,0.608,FALSE,FALSE,FALSE,afMIzu,17,29827429,0.0056,1.6428571428571428,0.059489999999999994,93067,Willer2013tc,TRUE,reported,TRUE,rs7215205,rs2097719,C,T,A,G,17,29818258,8e-4,-4.5,3.115e-6,32680,Grasby2020thickness,TRUE,reported,4eYLpv,2,TRUE,TRUE,5e-6,1.0555684153246184e-4,1,TRUE
rs724265,A,G,A,G,0.0041,2e-4,0.6272,0.574135,FALSE,FALSE,FALSE,afMIzu,8,8209191,0.0053,0.03773584905660377,0.8087,94595,Willer2013tc,TRUE,reported,TRUE,rs724265,rs4840932,A,G,T,G,8,8219182,8e-4,5.125,1.0119999999999999e-7,32872,Grasby2020thickness,TRUE,reported,4eYLpv,2,TRUE,TRUE,5e-6,6.052910227834361e-7,1,TRUE
rs7531555,T,C,T,C,0.0047,0.0128,0.2386,0.249818,FALSE,FALSE,FALSE,afMIzu,1,196920148,0.006,2.1333333333333333,0.1041,94595,Willer2013tc,TRUE,reported,TRUE,rs7531555,rs4085749,T,C,T,C,1,196929310,9e-4,5.222222222222222,7.662000000000001e-8,32639,Grasby2020thickness,TRUE,reported,4eYLpv,2,TRUE,TRUE,5e-6,1.4705036535268669e-4,1,TRUE
rs7549825,G,A,G,A,0.004,-0.0151,0.3084,0.343284,FALSE,FALSE,FALSE,afMIzu,1,98554409,0.0055,-2.74545,0.02694,94380,Willer2013tc,TRUE,reported,NA,NA,NA,NA,NA,NA,NA,1,98554409,8e-4,5,2.503e-6,32872,Grasby2020thickness,TRUE,reported,4eYLpv,2,TRUE,TRUE,5e-6,2.728781156049067e-4,0.12,TRUE
rs7657284,C,A,C,A,0.0044,-0.0078,0.2465,0.272168,FALSE,FALSE,FALSE,afMIzu,4,39688694,0.0058,-1.34483,0.2898,94595,Willer2013tc,TRUE,reported,NA,NA,NA,NA,NA,NA,NA,4,39688694,9e-4,4.88889,2.68e-7,32872,Grasby2020thickness,TRUE,reported,4eYLpv,2,TRUE,TRUE,5e-6,8.310073988078003e-5,1,TRUE
rs7683042,G,A,G,A,-0.0036,-9e-4,0.4028,0.311107,FALSE,FALSE,FALSE,afMIzu,4,46999235,0.0055,-0.163636,0.7952,94595,Willer2013tc,TRUE,reported,NA,NA,NA,NA,NA,NA,NA,4,46999235,8e-4,-4.5,3.852e-6,32872,Grasby2020thickness,TRUE,reported,4eYLpv,2,TRUE,TRUE,5e-6,4.328268946724027e-9,1,TRUE
rs7824177,G,A,G,A,-0.0059,-0.0102,0.1616,0.113266,FALSE,FALSE,FALSE,afMIzu,8,110585288,0.0069,-1.47826,0.337,94336,Willer2013tc,TRUE,reported,NA,NA,NA,NA,NA,NA,NA,8,110585288,0.001,-5.9,8.922e-9,32872,Grasby2020thickness,TRUE,reported,4eYLpv,2,TRUE,TRUE,5e-6,8.478865228218987e-5,1,TRUE
rs7957460,A,G,A,G,-0.0037,0.0078,0.6732,0.660196,FALSE,FALSE,FALSE,afMIzu,12,32945107,0.0055,1.4181818181818182,0.3324,94595,Willer2013tc,TRUE,reported,TRUE,rs7957460,rs12612,A,G,C,G,12,32945835,8e-4,-4.625,2.96e-6,32512,Grasby2020thickness,TRUE,reported,4eYLpv,2,TRUE,TRUE,5e-6,7.89373862655016e-5,1,TRUE
