SNP,effect_allele.exposure,other_allele.exposure,effect_allele.outcome,other_allele.outcome,beta.exposure,beta.outcome,eaf.exposure,eaf.outcome,remove,palindromic,ambiguous,id.outcome,se.outcome,z.outcome,pval.outcome,samplesize.outcome,outcome,mr_keep.outcome,pval_origin.outcome,proxy.outcome,target_snp.outcome,proxy_snp.outcome,target_a1.outcome,target_a2.outcome,proxy_a1.outcome,proxy_a2.outcome,se.exposure,z.exposure,pval.exposure,samplesize.exposure,exposure,mr_keep.exposure,pval_origin.exposure,id.exposure,action,mr_keep,pt
rs10019888,G,A,G,A,-0.027,-0.006445,0.1636,0.138244,FALSE,FALSE,FALSE,IbOfXK,0.007554000000000001,-0.8531903627217368,0.3936,3146,Deming2017tau,TRUE,reported,NA,NA,NA,NA,NA,NA,NA,0.0046,-5.86957,4.901e-8,187167,Willer2013hdl,TRUE,reported,ob0mhI,2,TRUE,5e-6
rs10087900,A,G,A,G,-0.0231,-3.9830000000000003e-4,0.4393,0.373132,FALSE,FALSE,FALSE,IbOfXK,0.005685,-0.07006156552330696,0.9442,3146,Deming2017tau,TRUE,reported,NA,NA,NA,NA,NA,NA,NA,0.0036,-6.41667,2.174e-9,187167,Willer2013hdl,TRUE,reported,ob0mhI,2,TRUE,5e-6
rs10093930,A,C,A,C,0.0194,7.218e-4,0.6926,0.691064,FALSE,FALSE,FALSE,IbOfXK,0.006014,0.12002,0.9045,3146,Deming2017tau,TRUE,reported,NA,NA,NA,NA,NA,NA,NA,0.0036,5.388888888888889,3.5369999999999998e-6,187167,Willer2013hdl,TRUE,reported,ob0mhI,2,TRUE,5e-6
rs102275,C,T,C,T,-0.0391,-0.013269999999999999,0.372,0.362745,FALSE,FALSE,FALSE,IbOfXK,0.005958,-2.2272574689493116,0.026000000000000002,3146,Deming2017tau,TRUE,reported,NA,NA,NA,NA,NA,NA,NA,0.0035,-11.1714,6.4039999999999995e-28,187167,Willer2013hdl,TRUE,reported,ob0mhI,2,TRUE,5e-6
rs1027087,A,T,A,T,-0.0208,0.008287000000000001,0.2348,0.312137,FALSE,TRUE,FALSE,IbOfXK,0.006546,1.265963947448824,0.2056,3146,Deming2017tau,TRUE,reported,NA,NA,NA,NA,NA,NA,NA,0.004,-5.2,3.017e-6,187167,Willer2013hdl,TRUE,reported,ob0mhI,2,TRUE,5e-6
rs103294,T,C,T,C,0.0523,0.004925,0.186,0.209742,FALSE,FALSE,FALSE,IbOfXK,0.006996,0.7039736992567182,0.4815,3146,Deming2017tau,TRUE,reported,NA,NA,NA,NA,NA,NA,NA,0.0044,11.886363636363635,3.9949999999999995e-30,187167,Willer2013hdl,TRUE,reported,ob0mhI,2,TRUE,5e-6
rs10408163,C,T,C,T,-0.0181,-0.007824,0.6939,0.673518,FALSE,FALSE,FALSE,IbOfXK,0.006187,-1.26459,0.2062,3146,Deming2017tau,TRUE,reported,NA,NA,NA,NA,NA,NA,NA,0.0037,-4.89189,5.106e-7,187167,Willer2013hdl,TRUE,reported,ob0mhI,2,TRUE,5e-6
rs10460587,T,C,T,C,0.0245,-0.01174,0.5488,0.571611,FALSE,FALSE,FALSE,IbOfXK,0.005683,-2.06581,0.0389,3146,Deming2017tau,TRUE,reported,NA,NA,NA,NA,NA,NA,NA,0.0048,5.104166666666667,4.638e-7,187167,Willer2013hdl,TRUE,reported,ob0mhI,2,TRUE,5e-6
rs10468017,T,C,T,C,0.1179,-0.0027129999999999997,0.2757,0.272248,FALSE,FALSE,FALSE,IbOfXK,0.006257,-0.43359437430078307,0.6646,3146,Deming2017tau,TRUE,reported,NA,NA,NA,NA,NA,NA,NA,0.0038,31.026315789473685,1.2099999999999997e-188,187167,Willer2013hdl,TRUE,reported,ob0mhI,2,TRUE,5e-6
rs10761771,C,T,C,T,0.0198,0.003571,0.467,0.5,FALSE,FALSE,FALSE,IbOfXK,0.0056229999999999995,0.6350702471990042,0.5254,3146,Deming2017tau,TRUE,reported,NA,NA,NA,NA,NA,NA,NA,0.0034,5.8235294117647065,4.120000000000001e-9,187167,Willer2013hdl,TRUE,reported,ob0mhI,2,TRUE,5e-6
rs10789752,C,T,C,T,-0.019,9.172e-4,0.6992,0.697058,FALSE,FALSE,FALSE,IbOfXK,0.006162,0.148848,0.8817,3146,Deming2017tau,TRUE,reported,NA,NA,NA,NA,NA,NA,NA,0.0037,-5.13514,5.039000000000001e-7,187167,Willer2013hdl,TRUE,reported,ob0mhI,2,TRUE,5e-6
rs10808546,T,C,T,C,0.0409,0.01007,0.4459,0.474545,FALSE,FALSE,FALSE,IbOfXK,0.005683,1.771951434101707,0.0766,3146,Deming2017tau,TRUE,reported,NA,NA,NA,NA,NA,NA,NA,0.0034,12.029411764705882,4.106e-30,187167,Willer2013hdl,TRUE,reported,ob0mhI,2,TRUE,5e-6
rs10900522,C,T,C,T,-0.0214,0.00547,0.252,0.246826,FALSE,FALSE,FALSE,IbOfXK,0.006764,0.8086930810171497,0.4187,3146,Deming2017tau,TRUE,reported,NA,NA,NA,NA,NA,NA,NA,0.004,-5.35,1.221e-6,187167,Willer2013hdl,TRUE,reported,ob0mhI,2,TRUE,5e-6
rs10928512,T,G,T,G,-0.0164,-0.007992,0.4921,0.5392440000000001,FALSE,FALSE,FALSE,IbOfXK,0.005803,1.3772186799931072,0.1686,3146,Deming2017tau,TRUE,reported,TRUE,rs10928512,rs1942041,G,T,C,T,0.0035,-4.68571,3.645e-6,187167,Willer2013hdl,TRUE,reported,ob0mhI,2,TRUE,5e-6
rs11045163,G,A,G,A,0.0217,6.56e-4,0.4063,0.435837,FALSE,FALSE,FALSE,IbOfXK,0.005763,0.11382960263751518,0.9094,3146,Deming2017tau,TRUE,reported,TRUE,rs11045163,rs7134375,G,A,A,C,0.0035,6.2,3.196e-9,187167,Willer2013hdl,TRUE,reported,ob0mhI,2,TRUE,5e-6
rs11079810,T,C,T,C,0.0298,0.005164,0.1108,0.111594,FALSE,FALSE,FALSE,IbOfXK,0.008907,0.579768721230493,0.5621,3146,Deming2017tau,TRUE,reported,NA,NA,NA,NA,NA,NA,NA,0.0057,5.228070175438597,1.676e-6,187167,Willer2013hdl,TRUE,reported,ob0mhI,2,TRUE,5e-6
rs1121980,A,G,A,G,-0.0196,0.007225,0.4472,0.46588,FALSE,FALSE,FALSE,IbOfXK,0.005673,1.2735765908690286,0.2029,3146,Deming2017tau,TRUE,reported,NA,NA,NA,NA,NA,NA,NA,0.0034,-5.76471,6.791e-9,187167,Willer2013hdl,TRUE,reported,ob0mhI,2,TRUE,5e-6
rs11229606,G,T,G,T,0.0335,0.004377000000000001,0.128,0.117295,FALSE,FALSE,FALSE,IbOfXK,0.008847,0.4947439810105121,0.6208,3146,Deming2017tau,TRUE,reported,NA,NA,NA,NA,NA,NA,NA,0.0051,6.568627450980392,3.117e-10,187167,Willer2013hdl,TRUE,reported,ob0mhI,2,TRUE,5e-6
rs11246602,C,T,C,T,0.034,0.005295,0.1332,0.1166,FALSE,FALSE,FALSE,IbOfXK,0.00878,0.6030751708428247,0.5465,3146,Deming2017tau,TRUE,reported,NA,NA,NA,NA,NA,NA,NA,0.0052,6.538461538461539,1.681e-10,187167,Willer2013hdl,TRUE,reported,ob0mhI,2,TRUE,5e-6
rs11652146,A,G,A,G,-0.0192,-2.418e-4,0.6873,0.71981,FALSE,FALSE,FALSE,IbOfXK,0.006412,-0.0377105,0.9699,3146,Deming2017tau,TRUE,reported,NA,NA,NA,NA,NA,NA,NA,0.0036,-5.33333,1.1709999999999999e-6,187167,Willer2013hdl,TRUE,reported,ob0mhI,2,TRUE,5e-6
rs11765979,C,A,C,A,0.0412,8.894e-4,0.4578,0.494351,FALSE,FALSE,FALSE,IbOfXK,0.005686999999999999,0.15639177070511695,0.8757,3146,Deming2017tau,TRUE,reported,NA,NA,NA,NA,NA,NA,NA,0.0048,8.583333333333334,3.111e-17,187167,Willer2013hdl,TRUE,reported,ob0mhI,2,TRUE,5e-6
rs11789603,T,C,T,C,0.06,-0.002092,0.08971,0.101016,FALSE,FALSE,FALSE,IbOfXK,0.009205,-0.22726778924497557,0.8202,3146,Deming2017tau,TRUE,reported,NA,NA,NA,NA,NA,NA,NA,0.006,10,3.695e-21,187167,Willer2013hdl,TRUE,reported,ob0mhI,2,TRUE,5e-6
rs11865578,A,G,A,G,0.0244,5.876000000000001e-4,0.1174,0.131531,FALSE,FALSE,FALSE,IbOfXK,0.008356,0.07032072762087123,0.9439,3146,Deming2017tau,TRUE,reported,NA,NA,NA,NA,NA,NA,NA,0.0051,4.784313725490196,2.391e-6,187167,Willer2013hdl,TRUE,reported,ob0mhI,2,TRUE,5e-6
rs12133576,G,A,G,A,-0.0243,0.006568,0.6451,0.624955,FALSE,FALSE,FALSE,IbOfXK,0.005934,1.10684,0.2685,3146,Deming2017tau,TRUE,reported,NA,NA,NA,NA,NA,NA,NA,0.0035,-6.94286,6.15e-11,187167,Willer2013hdl,TRUE,reported,ob0mhI,2,TRUE,5e-6
rs12145743,G,T,G,T,0.0203,-0.001578,0.3311,0.401089,FALSE,FALSE,FALSE,IbOfXK,0.005981,-0.2638354790168868,0.792,3146,Deming2017tau,TRUE,reported,NA,NA,NA,NA,NA,NA,NA,0.0036,5.638888888888888,1.803e-8,187167,Willer2013hdl,TRUE,reported,ob0mhI,2,TRUE,5e-6
rs12286037,T,C,T,C,-0.1052,0.0116,0.06069,0.0595799,FALSE,FALSE,FALSE,IbOfXK,0.01097,1.0574293527803098,0.2905,3146,Deming2017tau,TRUE,reported,NA,NA,NA,NA,NA,NA,NA,0.006999999999999999,-15.0286,2.801e-47,187167,Willer2013hdl,TRUE,reported,ob0mhI,2,TRUE,5e-6
rs12412743,T,C,T,C,-0.0291,0.0194,0.153,0.187614,FALSE,FALSE,FALSE,IbOfXK,0.007640000000000001,2.5392670157068062,0.011179999999999999,3146,Deming2017tau,TRUE,reported,NA,NA,NA,NA,NA,NA,NA,0.0045,-6.46667,1.3070000000000001e-9,187167,Willer2013hdl,TRUE,reported,ob0mhI,2,TRUE,5e-6
rs12525163,C,T,C,T,0.0215,-0.01149,0.2652,0.333273,FALSE,FALSE,FALSE,IbOfXK,0.006327,-1.816026552868658,0.06935,3146,Deming2017tau,TRUE,reported,NA,NA,NA,NA,NA,NA,NA,0.0037,5.8108108108108105,1.5240000000000001e-7,187167,Willer2013hdl,TRUE,reported,ob0mhI,2,TRUE,5e-6
rs12740374,T,G,T,G,0.0343,-0.002194,0.2124,0.225677,FALSE,FALSE,FALSE,IbOfXK,0.00675,-0.32503703703703707,0.7452,3146,Deming2017tau,TRUE,reported,NA,NA,NA,NA,NA,NA,NA,0.0041,8.365853658536585,1.6870000000000002e-15,187167,Willer2013hdl,TRUE,reported,ob0mhI,2,TRUE,5e-6
rs12748152,T,C,T,C,-0.0506,0.0035229999999999997,0.07124,0.0683714,FALSE,FALSE,FALSE,IbOfXK,0.01084,0.32499999999999996,0.7453,3146,Deming2017tau,TRUE,reported,NA,NA,NA,NA,NA,NA,NA,0.0062,-8.16129,9.737e-16,187167,Willer2013hdl,TRUE,reported,ob0mhI,2,TRUE,5e-6
rs12801636,A,G,A,G,0.0235,8.263e-4,0.2243,0.209226,FALSE,FALSE,FALSE,IbOfXK,0.0067150000000000005,0.12305286671630676,0.9021,3146,Deming2017tau,TRUE,reported,NA,NA,NA,NA,NA,NA,NA,0.0042,5.595238095238096,3.1469999999999997e-8,187167,Willer2013hdl,TRUE,reported,ob0mhI,2,TRUE,5e-6
rs12897338,T,C,T,C,-0.0158,-0.0015300000000000001,0.4697,0.45915,FALSE,FALSE,FALSE,IbOfXK,0.005653,-0.2706527507518132,0.7866,3146,Deming2017tau,TRUE,reported,NA,NA,NA,NA,NA,NA,NA,0.0035,-4.51429,2.384e-6,187167,Willer2013hdl,TRUE,reported,ob0mhI,2,TRUE,5e-6
rs12930375,C,T,C,T,-0.019,-0.01114,0.2243,0.234085,FALSE,FALSE,FALSE,IbOfXK,0.0070739999999999996,-1.5747808877579872,0.1155,3146,Deming2017tau,TRUE,reported,NA,NA,NA,NA,NA,NA,NA,0.0042,-4.52381,3.863e-6,187167,Willer2013hdl,TRUE,reported,ob0mhI,2,TRUE,5e-6
rs13076253,C,A,C,A,-0.0283,-0.004954,0.1478,0.136462,FALSE,FALSE,FALSE,IbOfXK,0.008020999999999999,-0.6176287245979305,0.5369,3146,Deming2017tau,TRUE,reported,NA,NA,NA,NA,NA,NA,NA,0.0048,-5.89583,4.961e-9,187167,Willer2013hdl,TRUE,reported,ob0mhI,2,TRUE,5e-6
rs13107325,T,C,T,C,-0.0708,-0.007384,0.07784,0.0473169,FALSE,FALSE,FALSE,IbOfXK,0.011170000000000001,-0.6610564010743061,0.5086,3146,Deming2017tau,TRUE,reported,NA,NA,NA,NA,NA,NA,NA,0.0078,-9.07692,1.065e-15,187167,Willer2013hdl,TRUE,reported,ob0mhI,2,TRUE,5e-6
rs13379043,C,T,C,T,0.0191,-0.01116,0.2889,0.210756,FALSE,FALSE,FALSE,IbOfXK,0.006304,-1.7703045685279188,0.07674,3146,Deming2017tau,TRUE,reported,NA,NA,NA,NA,NA,NA,NA,0.0042,4.5476190476190474,1.7259999999999999e-6,187167,Willer2013hdl,TRUE,reported,ob0mhI,2,TRUE,5e-6
rs13702,C,T,C,T,0.1058,0.002143,0.3127,0.268952,FALSE,FALSE,FALSE,IbOfXK,0.0061259999999999995,0.3498204374795952,0.7265,3146,Deming2017tau,TRUE,reported,NA,NA,NA,NA,NA,NA,NA,0.0038,27.842105263157897,1.2799999999999996e-160,187167,Willer2013hdl,TRUE,reported,ob0mhI,2,TRUE,5e-6
rs140147,A,G,A,G,-0.0186,0.01693,0.3826,0.287895,FALSE,FALSE,FALSE,IbOfXK,0.005937,2.851608556510022,0.004374,3146,Deming2017tau,TRUE,reported,NA,NA,NA,NA,NA,NA,NA,0.0036,-5.16667,3.2060000000000003e-6,187167,Willer2013hdl,TRUE,reported,ob0mhI,2,TRUE,5e-6
rs1482852,G,A,G,A,0.0209,-0.006904,0.3971,0.404007,FALSE,FALSE,FALSE,IbOfXK,0.005712,-1.2086834733893559,0.2269,3146,Deming2017tau,TRUE,reported,TRUE,rs1482852,rs67261871,G,A,C,T,0.0035,5.971428571428571,6.34e-8,187167,Willer2013hdl,TRUE,reported,ob0mhI,2,TRUE,5e-6
rs1515110,T,G,T,G,-0.0323,-0.004216,0.6187,0.622772,FALSE,FALSE,FALSE,IbOfXK,0.0057799999999999995,-0.729412,0.4658,3146,Deming2017tau,TRUE,reported,NA,NA,NA,NA,NA,NA,NA,0.0035,-9.22857,8.038e-18,187167,Willer2013hdl,TRUE,reported,ob0mhI,2,TRUE,5e-6
rs1689797,A,C,A,C,-0.0358,2.2850000000000002e-4,0.3021,0.318611,FALSE,FALSE,FALSE,IbOfXK,0.005959000000000001,0.03834535995972479,0.9694,3146,Deming2017tau,TRUE,reported,NA,NA,NA,NA,NA,NA,NA,0.0036,-9.94444,2.8520000000000003e-21,187167,Willer2013hdl,TRUE,reported,ob0mhI,2,TRUE,5e-6
rs16942887,A,G,A,G,0.0831,-0.007468000000000001,0.1332,0.155592,FALSE,FALSE,FALSE,IbOfXK,0.00863,-0.8653534183082271,0.3869,3146,Deming2017tau,TRUE,reported,NA,NA,NA,NA,NA,NA,NA,0.0051,16.294117647058822,8.281000000000001e-54,187167,Willer2013hdl,TRUE,reported,ob0mhI,2,TRUE,5e-6
rs16965220,A,C,A,C,0.0219,-0.007209,0.2982,0.296749,FALSE,FALSE,FALSE,IbOfXK,0.006096,-1.1825787401574803,0.237,3146,Deming2017tau,TRUE,reported,NA,NA,NA,NA,NA,NA,NA,0.0037,5.918918918918918,7.909e-9,187167,Willer2013hdl,TRUE,reported,ob0mhI,2,TRUE,5e-6
rs17135399,G,A,G,A,-0.0483,0.01043,0.06596,0.0612541,FALSE,FALSE,FALSE,IbOfXK,0.01166,0.8945111492281304,0.3713,3146,Deming2017tau,TRUE,reported,NA,NA,NA,NA,NA,NA,NA,0.0077,-6.27273,4.26e-9,187167,Willer2013hdl,TRUE,reported,ob0mhI,2,TRUE,5e-6
rs17145738,T,C,T,C,0.0408,0.002111,0.1174,0.132668,FALSE,FALSE,FALSE,IbOfXK,0.008549,0.24692946543455377,0.805,3146,Deming2017tau,TRUE,reported,NA,NA,NA,NA,NA,NA,NA,0.0053,7.698113207547171,4.952e-13,187167,Willer2013hdl,TRUE,reported,ob0mhI,2,TRUE,5e-6
rs17173637,C,T,C,T,-0.0363,0.005408,0.09763,0.112319,FALSE,FALSE,FALSE,IbOfXK,0.00962,0.5621621621621621,0.574,3146,Deming2017tau,TRUE,reported,NA,NA,NA,NA,NA,NA,NA,0.0057,-6.36842,1.899e-8,187167,Willer2013hdl,TRUE,reported,ob0mhI,2,TRUE,5e-6
rs17286602,A,T,A,T,0.021,-0.001674,0.409,0.442623,FALSE,TRUE,TRUE,IbOfXK,0.005666,-0.29544652312036707,0.7677,3146,Deming2017tau,TRUE,reported,NA,NA,NA,NA,NA,NA,NA,0.0034,6.176470588235295,2.932e-7,187167,Willer2013hdl,TRUE,reported,ob0mhI,2,FALSE,5e-6
rs17369578,A,G,A,G,0.0355,0.003974,0.05805,0.061206000000000003,FALSE,FALSE,FALSE,IbOfXK,0.014969999999999999,0.26546426185704747,0.7907,3146,Deming2017tau,TRUE,reported,NA,NA,NA,NA,NA,NA,NA,0.0075,4.733333333333333,7.786000000000001e-8,187167,Willer2013hdl,TRUE,reported,ob0mhI,2,TRUE,5e-6
rs17526722,A,G,A,G,-0.0312,0.01746,0.07256,0.0603261,FALSE,FALSE,FALSE,IbOfXK,0.01125,1.552,0.1208,3146,Deming2017tau,TRUE,reported,NA,NA,NA,NA,NA,NA,NA,0.0065,-4.8,1.42e-7,187167,Willer2013hdl,TRUE,reported,ob0mhI,2,TRUE,5e-6
rs17695224,A,G,A,G,-0.029,5.194e-4,0.2388,0.236823,FALSE,FALSE,FALSE,IbOfXK,0.006342,0.08189845474613687,0.9347,3146,Deming2017tau,TRUE,reported,NA,NA,NA,NA,NA,NA,NA,0.0039,-7.4359,2.417e-13,187167,Willer2013hdl,TRUE,reported,ob0mhI,2,TRUE,5e-6
rs17715343,G,C,G,C,0.0338,-0.011009999999999999,0.09631,0.062568,FALSE,TRUE,FALSE,IbOfXK,0.01001,-1.0999000999000998,0.2714,3146,Deming2017tau,TRUE,reported,NA,NA,NA,NA,NA,NA,NA,0.0065,5.199999999999999,3.764e-7,187167,Willer2013hdl,TRUE,reported,ob0mhI,2,TRUE,5e-6
rs1800961,T,C,T,C,-0.127,-0.006677,0.0343,0.0270712,FALSE,FALSE,FALSE,IbOfXK,0.015590000000000001,-0.428287363694676,0.6685,3146,Deming2017tau,TRUE,reported,NA,NA,NA,NA,NA,NA,NA,0.0099,-12.8283,1.639e-34,187167,Willer2013hdl,TRUE,reported,ob0mhI,2,TRUE,5e-6
rs181362,T,C,T,C,-0.0379,-0.001552,0.1992,0.185326,FALSE,FALSE,FALSE,IbOfXK,0.006851,-0.22653627207706903,0.8208,3146,Deming2017tau,TRUE,reported,NA,NA,NA,NA,NA,NA,NA,0.0042,-9.02381,4.303e-18,187167,Willer2013hdl,TRUE,reported,ob0mhI,2,TRUE,5e-6
rs1866956,T,C,T,C,0.0217,0.004019,0.6755,0.648909,FALSE,FALSE,FALSE,IbOfXK,0.006561,0.612559,0.5402,3146,Deming2017tau,TRUE,reported,NA,NA,NA,NA,NA,NA,NA,0.0037,5.864864864864865,7.964000000000001e-10,187167,Willer2013hdl,TRUE,reported,ob0mhI,2,TRUE,5e-6
rs1883025,T,C,T,C,-0.0698,-0.003259,0.2427,0.216334,FALSE,FALSE,FALSE,IbOfXK,0.006351,-0.5131475358211306,0.608,3146,Deming2017tau,TRUE,reported,NA,NA,NA,NA,NA,NA,NA,0.0041,-17.0244,1.4959999999999998e-65,187167,Willer2013hdl,TRUE,reported,ob0mhI,2,TRUE,5e-6
rs1936800,T,C,T,C,-0.02,-6.722e-4,0.4723,0.530523,FALSE,FALSE,FALSE,IbOfXK,0.005772,-0.116459,0.9073,3146,Deming2017tau,TRUE,reported,NA,NA,NA,NA,NA,NA,NA,0.0034,-5.88235,3.0550000000000003e-10,187167,Willer2013hdl,TRUE,reported,ob0mhI,2,TRUE,5e-6
rs197925,A,G,A,G,0.0177,-0.007387,0.3865,0.397855,FALSE,FALSE,FALSE,IbOfXK,0.005767,-1.2809086179989595,0.2003,3146,Deming2017tau,TRUE,reported,NA,NA,NA,NA,NA,NA,NA,0.0035,5.057142857142857,4.147e-7,187167,Willer2013hdl,TRUE,reported,ob0mhI,2,TRUE,5e-6
rs1980493,C,T,C,T,-0.0318,0.014180000000000002,0.1227,0.142027,FALSE,FALSE,FALSE,IbOfXK,0.008133,1.7435140784458383,0.08125,3146,Deming2017tau,TRUE,reported,TRUE,rs1980493,rs2227138,C,T,T,C,0.0048,-6.625,3.764e-10,187167,Willer2013hdl,TRUE,reported,ob0mhI,2,TRUE,5e-6
rs1997243,G,A,G,A,0.0248,-0.005691,0.1306,0.161829,FALSE,FALSE,FALSE,IbOfXK,0.007859999999999999,-0.7240458015267176,0.4692,3146,Deming2017tau,TRUE,reported,NA,NA,NA,NA,NA,NA,NA,0.0048,5.166666666666667,2.2699999999999998e-7,187167,Willer2013hdl,TRUE,reported,ob0mhI,2,TRUE,5e-6
rs2013208,T,C,T,C,0.0254,4.965e-4,0.5053,0.49764,FALSE,FALSE,FALSE,IbOfXK,0.005639,0.0880475,0.9298,3146,Deming2017tau,TRUE,reported,NA,NA,NA,NA,NA,NA,NA,0.0036,7.055555555555555,8.916e-12,187167,Willer2013hdl,TRUE,reported,ob0mhI,2,TRUE,5e-6
rs205262,G,A,G,A,-0.0283,-0.001745,0.2665,0.263455,FALSE,FALSE,FALSE,IbOfXK,0.006299,-0.27702809969836484,0.7818,3146,Deming2017tau,TRUE,reported,NA,NA,NA,NA,NA,NA,NA,0.0039,-7.25641,3.878e-13,187167,Willer2013hdl,TRUE,reported,ob0mhI,2,TRUE,5e-6
rs2062432,A,G,A,G,0.0157,0.005274,0.5633,0.589352,FALSE,FALSE,FALSE,IbOfXK,0.0057280000000000005,0.92074,0.3572,3146,Deming2017tau,TRUE,reported,NA,NA,NA,NA,NA,NA,NA,0.0034,4.617647058823529,2.5630000000000003e-6,187167,Willer2013hdl,TRUE,reported,ob0mhI,2,TRUE,5e-6
rs2066714,C,T,C,T,0.0453,0.004679,0.1201,0.0945995,FALSE,FALSE,FALSE,IbOfXK,0.008331,0.5616372584323611,0.5744,3146,Deming2017tau,TRUE,reported,TRUE,rs2066714,rs2297400,C,T,C,T,0.0071,6.380281690140845,7.257999999999999e-10,187167,Willer2013hdl,TRUE,reported,ob0mhI,2,TRUE,5e-6
rs2075650,G,A,G,A,-0.0554,0.06641,0.1266,0.155592,FALSE,FALSE,FALSE,IbOfXK,0.006745,9.84581171237954,1.513e-22,3146,Deming2017tau,TRUE,reported,NA,NA,NA,NA,NA,NA,NA,0.0051,-10.8627,9.716e-26,187167,Willer2013hdl,TRUE,reported,ob0mhI,2,TRUE,5e-6
rs2124036,C,T,C,T,-0.0186,-0.005786,0.2164,0.215586,FALSE,FALSE,FALSE,IbOfXK,0.006829000000000001,-0.8472689998535656,0.3969,3146,Deming2017tau,TRUE,reported,NA,NA,NA,NA,NA,NA,NA,0.0041,-4.53659,1.6809999999999999e-6,187167,Willer2013hdl,TRUE,reported,ob0mhI,2,TRUE,5e-6
rs2160669,T,C,T,C,0.0944,0.004079,0.90633,0.929529,FALSE,FALSE,FALSE,IbOfXK,0.01127,0.361934,0.7175,3146,Deming2017tau,TRUE,reported,NA,NA,NA,NA,NA,NA,NA,0.0069,13.681159420289855,1.837e-36,187167,Willer2013hdl,TRUE,reported,ob0mhI,2,TRUE,5e-6
rs2241210,G,A,G,A,0.0332,-0.00853,0.5528,0.570829,FALSE,FALSE,FALSE,IbOfXK,0.005713,-1.49309,0.1355,3146,Deming2017tau,TRUE,reported,NA,NA,NA,NA,NA,NA,NA,0.0035,9.485714285714286,2.4889999999999997e-20,187167,Willer2013hdl,TRUE,reported,ob0mhI,2,TRUE,5e-6
rs2241770,C,T,C,T,-0.0989,8.152999999999999e-4,0.1029,0.0913043,FALSE,FALSE,FALSE,IbOfXK,0.009531,0.08554191585353058,0.9318,3146,Deming2017tau,TRUE,reported,NA,NA,NA,NA,NA,NA,NA,0.0057,-17.3509,6.784000000000001e-60,187167,Willer2013hdl,TRUE,reported,ob0mhI,2,TRUE,5e-6
rs2250802,A,G,A,G,-0.034,0.007187,0.6807,0.733479,FALSE,FALSE,FALSE,IbOfXK,0.006228,1.15398,0.2486,3146,Deming2017tau,TRUE,reported,NA,NA,NA,NA,NA,NA,NA,0.0038,-8.94737,2.022e-17,187167,Willer2013hdl,TRUE,reported,ob0mhI,2,TRUE,5e-6
rs2275774,G,A,G,A,0.0217,0.00606,0.1781,0.203307,FALSE,FALSE,FALSE,IbOfXK,0.007047,0.8599404001702853,0.3899,3146,Deming2017tau,TRUE,reported,NA,NA,NA,NA,NA,NA,NA,0.0043,5.046511627906977,7.601e-7,187167,Willer2013hdl,TRUE,reported,ob0mhI,2,TRUE,5e-6
rs2278236,A,G,A,G,0.0331,0.01472,0.5435,0.538363,FALSE,FALSE,FALSE,IbOfXK,0.0056689999999999996,2.59658,0.009476,3146,Deming2017tau,TRUE,reported,NA,NA,NA,NA,NA,NA,NA,0.0035,9.457142857142856,3.1850000000000004e-18,187167,Willer2013hdl,TRUE,reported,ob0mhI,2,TRUE,5e-6
rs2288911,G,T,G,T,0.0302,0.01227,0.5053,0.531136,FALSE,FALSE,FALSE,IbOfXK,0.005631000000000001,2.17901,0.029410000000000002,3146,Deming2017tau,TRUE,reported,NA,NA,NA,NA,NA,NA,NA,0.0036,8.38888888888889,2.842e-15,187167,Willer2013hdl,TRUE,reported,ob0mhI,2,TRUE,5e-6
rs2292101,T,C,T,C,-0.0518,0.01899,0.04485,0.0554336,FALSE,FALSE,FALSE,IbOfXK,0.0152,1.249342105263158,0.2117,3146,Deming2017tau,TRUE,reported,NA,NA,NA,NA,NA,NA,NA,0.0096,-5.39583,1.359e-7,187167,Willer2013hdl,TRUE,reported,ob0mhI,2,TRUE,5e-6
rs2293889,G,T,G,T,0.0312,-0.002255,0.5871,0.587028,FALSE,FALSE,FALSE,IbOfXK,0.005787,-0.389666,0.6968,3146,Deming2017tau,TRUE,reported,NA,NA,NA,NA,NA,NA,NA,0.0035,8.914285714285713,4.2709999999999995e-17,187167,Willer2013hdl,TRUE,reported,ob0mhI,2,TRUE,5e-6
rs2303975,A,G,A,G,0.0279,-0.010620000000000001,0.1425,0.150454,FALSE,FALSE,FALSE,IbOfXK,0.008745999999999999,-1.214269380288132,0.2248,3146,Deming2017tau,TRUE,reported,NA,NA,NA,NA,NA,NA,NA,0.0049,5.6938775510204085,1.585e-7,187167,Willer2013hdl,TRUE,reported,ob0mhI,2,TRUE,5e-6
rs2373459,T,C,T,C,0.0177,-0.002368,0.6544,0.663875,FALSE,FALSE,FALSE,IbOfXK,0.006099,-0.38826,0.6979,3146,Deming2017tau,TRUE,reported,NA,NA,NA,NA,NA,NA,NA,0.0036,4.916666666666667,2.8460000000000004e-6,187167,Willer2013hdl,TRUE,reported,ob0mhI,2,TRUE,5e-6
rs2384034,T,C,T,C,0.0173,0.012209999999999999,0.4327,0.363123,FALSE,FALSE,FALSE,IbOfXK,0.00573,2.130890052356021,0.03313,3146,Deming2017tau,TRUE,reported,NA,NA,NA,NA,NA,NA,NA,0.0034,5.088235294117647,1.543e-6,187167,Willer2013hdl,TRUE,reported,ob0mhI,2,TRUE,5e-6
rs2412710,A,G,A,G,-0.084,0.02254,0.02243,0.0107,FALSE,FALSE,FALSE,IbOfXK,0.01856,1.214439655172414,0.2246,3146,Deming2017tau,TRUE,reported,NA,NA,NA,NA,NA,NA,NA,0.0139,-6.04317,1.36e-9,187167,Willer2013hdl,TRUE,reported,ob0mhI,2,TRUE,5e-6
rs2428486,C,T,C,T,0.0203,-0.01051,0.3826,0.28865,FALSE,FALSE,FALSE,IbOfXK,0.005788000000000001,-1.815825846579129,0.06936,3146,Deming2017tau,TRUE,reported,NA,NA,NA,NA,NA,NA,NA,0.0037,5.486486486486486,8.65e-8,187167,Willer2013hdl,TRUE,reported,ob0mhI,2,TRUE,5e-6
rs2454722,G,A,G,A,0.0351,-0.00595,0.1451,0.187885,FALSE,FALSE,FALSE,IbOfXK,0.007122,-0.8354394832912104,0.4035,3146,Deming2017tau,TRUE,reported,NA,NA,NA,NA,NA,NA,NA,0.0044,7.977272727272727,3.308e-14,187167,Willer2013hdl,TRUE,reported,ob0mhI,2,TRUE,5e-6
rs2589266,G,T,G,T,-0.0185,0.00588,0.5633,0.548949,FALSE,FALSE,FALSE,IbOfXK,0.006135,0.958435,0.3379,3146,Deming2017tau,TRUE,reported,NA,NA,NA,NA,NA,NA,NA,0.0034,-5.44118,3.449e-7,187167,Willer2013hdl,TRUE,reported,ob0mhI,2,TRUE,5e-6
rs2593727,G,A,G,A,0.0213,-0.01017,0.3325,0.276321,FALSE,FALSE,FALSE,IbOfXK,0.006151,-1.653389692732889,0.09837,3146,Deming2017tau,TRUE,reported,NA,NA,NA,NA,NA,NA,NA,0.0038,5.605263157894736,1.176e-7,187167,Willer2013hdl,TRUE,reported,ob0mhI,2,TRUE,5e-6
rs2602836,G,A,G,A,-0.0192,0.003295,0.5726,0.579215,FALSE,FALSE,FALSE,IbOfXK,0.005716,0.576452,0.5644,3146,Deming2017tau,TRUE,reported,NA,NA,NA,NA,NA,NA,NA,0.0034,-5.64706,4.963999999999999e-8,187167,Willer2013hdl,TRUE,reported,ob0mhI,2,TRUE,5e-6
rs2606736,T,C,T,C,-0.0246,0.00943,0.6055,0.605445,FALSE,FALSE,FALSE,IbOfXK,0.005759,1.63744,0.1016,3146,Deming2017tau,TRUE,reported,NA,NA,NA,NA,NA,NA,NA,0.0043,-5.72093,4.7989999999999995e-8,187167,Willer2013hdl,TRUE,reported,ob0mhI,2,TRUE,5e-6
rs2652840,C,T,C,T,0.0272,5.563e-4,0.7665,0.794171,FALSE,FALSE,FALSE,IbOfXK,0.006976,0.0797448,0.9364,3146,Deming2017tau,TRUE,reported,NA,NA,NA,NA,NA,NA,NA,0.0042,6.476190476190476,1.0879999999999999e-10,187167,Willer2013hdl,TRUE,reported,ob0mhI,2,TRUE,5e-6
rs2845885,T,C,T,C,0.0331,0.01093,0.9314,0.954991,FALSE,FALSE,FALSE,IbOfXK,0.01135,0.962996,0.3357,3146,Deming2017tau,TRUE,reported,NA,NA,NA,NA,NA,NA,NA,0.0072,4.597222222222222,2.948e-6,187167,Willer2013hdl,TRUE,reported,ob0mhI,2,TRUE,5e-6
rs2862954,C,T,C,T,0.0166,-0.003807,0.4631,0.467344,FALSE,FALSE,FALSE,IbOfXK,0.005828,-0.6532258064516129,0.5137,3146,Deming2017tau,TRUE,reported,NA,NA,NA,NA,NA,NA,NA,0.0034,4.882352941176471,1.287e-6,187167,Willer2013hdl,TRUE,reported,ob0mhI,2,TRUE,5e-6
rs2923084,G,A,G,A,-0.0256,0.0022440000000000003,0.153,0.186592,FALSE,FALSE,FALSE,IbOfXK,0.006951000000000001,0.3228312473025464,0.7469,3146,Deming2017tau,TRUE,reported,NA,NA,NA,NA,NA,NA,NA,0.0045,-5.68889,5.019999999999999e-8,187167,Willer2013hdl,TRUE,reported,ob0mhI,2,TRUE,5e-6
rs2925979,C,T,C,T,0.0351,-0.004729,0.7045,0.705978,FALSE,FALSE,FALSE,IbOfXK,0.00606,-0.780363,0.4352,3146,Deming2017tau,TRUE,reported,NA,NA,NA,NA,NA,NA,NA,0.0037,9.486486486486486,1.321e-19,187167,Willer2013hdl,TRUE,reported,ob0mhI,2,TRUE,5e-6
rs2957447,G,A,G,A,-0.0155,-9.919e-4,0.5831,0.5374,FALSE,FALSE,FALSE,IbOfXK,0.005729,-0.173137,0.8625,3146,Deming2017tau,TRUE,reported,NA,NA,NA,NA,NA,NA,NA,0.0035,-4.42857,3.51e-6,187167,Willer2013hdl,TRUE,reported,ob0mhI,2,TRUE,5e-6
rs3741414,T,C,T,C,0.0296,0.02052,0.1913,0.227025,FALSE,FALSE,FALSE,IbOfXK,0.006648,3.0866425992779782,0.002041,3146,Deming2017tau,TRUE,reported,NA,NA,NA,NA,NA,NA,NA,0.004,7.4,6.095e-14,187167,Willer2013hdl,TRUE,reported,ob0mhI,2,TRUE,5e-6
rs3761445,A,G,A,G,-0.0158,-0.004326,0.6148,0.613242,FALSE,FALSE,FALSE,IbOfXK,0.005903,-0.732848,0.4637,3146,Deming2017tau,TRUE,reported,NA,NA,NA,NA,NA,NA,NA,0.0035,-4.51429,3.943e-6,187167,Willer2013hdl,TRUE,reported,ob0mhI,2,TRUE,5e-6
rs3822072,A,G,A,G,-0.0251,-0.01264,0.4881,0.524147,FALSE,FALSE,FALSE,IbOfXK,0.0057740000000000005,-2.1891236577762383,0.028710000000000003,3146,Deming2017tau,TRUE,reported,NA,NA,NA,NA,NA,NA,NA,0.0034,-7.38235,4.058e-12,187167,Willer2013hdl,TRUE,reported,ob0mhI,2,TRUE,5e-6
rs3847502,A,C,A,C,0.048,-0.001261,0.314,0.321856,FALSE,FALSE,FALSE,IbOfXK,0.006055,-0.20825763831544178,0.8351,3146,Deming2017tau,TRUE,reported,NA,NA,NA,NA,NA,NA,NA,0.0036,13.333333333333334,3.306e-38,187167,Willer2013hdl,TRUE,reported,ob0mhI,2,TRUE,5e-6
rs3861397,G,A,G,A,-0.024,-0.012440000000000001,0.3417,0.356623,FALSE,FALSE,FALSE,IbOfXK,0.006614,-1.8808587843967344,0.06012000000000001,3146,Deming2017tau,TRUE,reported,NA,NA,NA,NA,NA,NA,NA,0.0036,-6.66667,8.401e-11,187167,Willer2013hdl,TRUE,reported,ob0mhI,2,TRUE,5e-6
rs4142995,T,G,T,G,-0.0263,-0.0023469999999999997,0.3839,0.39793,FALSE,FALSE,FALSE,IbOfXK,0.005794,-0.4050742147048671,0.6855,3146,Deming2017tau,TRUE,reported,NA,NA,NA,NA,NA,NA,NA,0.0037,-7.10811,9.365e-12,187167,Willer2013hdl,TRUE,reported,ob0mhI,2,TRUE,5e-6
rs4148005,G,T,G,T,-0.0283,-0.00237,0.2995,0.25445,FALSE,FALSE,FALSE,IbOfXK,0.00605,-0.3917355371900827,0.6953,3146,Deming2017tau,TRUE,reported,NA,NA,NA,NA,NA,NA,NA,0.0036,-7.86111,5.743e-14,187167,Willer2013hdl,TRUE,reported,ob0mhI,2,TRUE,5e-6
rs4240624,A,G,A,G,0.0818,0.002761,0.9248,0.911434,FALSE,FALSE,FALSE,IbOfXK,0.010190000000000001,0.270952,0.7864,3146,Deming2017tau,TRUE,reported,NA,NA,NA,NA,NA,NA,NA,0.0058,14.10344827586207,1.3229999999999999e-45,187167,Willer2013hdl,TRUE,reported,ob0mhI,2,TRUE,5e-6
rs424346,T,C,T,C,0.0679,-0.021419999999999998,0.04881,0.0367887,FALSE,FALSE,FALSE,IbOfXK,0.015340000000000001,-1.3963494132985657,0.1627,3146,Deming2017tau,TRUE,reported,NA,NA,NA,NA,NA,NA,NA,0.0113,6.008849557522124,4.8399999999999997e-8,187167,Willer2013hdl,TRUE,reported,ob0mhI,2,TRUE,5e-6
rs4379922,C,T,C,T,0.0247,0.0025989999999999997,0.3496,0.323208,FALSE,FALSE,FALSE,IbOfXK,0.005790999999999999,0.44879986185460197,0.6535,3146,Deming2017tau,TRUE,reported,NA,NA,NA,NA,NA,NA,NA,0.0036,6.861111111111112,9.559e-12,187167,Willer2013hdl,TRUE,reported,ob0mhI,2,TRUE,5e-6
rs442177,T,G,T,G,-0.0215,3.037e-5,0.5528,0.536479,FALSE,FALSE,FALSE,IbOfXK,0.005778,0.00525614,0.9958,3146,Deming2017tau,TRUE,reported,NA,NA,NA,NA,NA,NA,NA,0.0034,-6.32353,2.1929999999999998e-9,187167,Willer2013hdl,TRUE,reported,ob0mhI,2,TRUE,5e-6
rs4465830,G,A,G,A,-0.0597,0.013519999999999999,0.2018,0.18117,FALSE,FALSE,FALSE,IbOfXK,0.007279000000000001,1.8573979942299763,0.06332,3146,Deming2017tau,TRUE,reported,NA,NA,NA,NA,NA,NA,NA,0.0044,-13.5682,5.174999999999999e-40,187167,Willer2013hdl,TRUE,reported,ob0mhI,2,TRUE,5e-6
rs4650994,A,G,A,G,-0.021,-0.001267,0.4828,0.499818,FALSE,FALSE,FALSE,IbOfXK,0.005686,-0.222828,0.8237,3146,Deming2017tau,TRUE,reported,NA,NA,NA,NA,NA,NA,NA,0.0034,-6.17647,6.696e-9,187167,Willer2013hdl,TRUE,reported,ob0mhI,2,TRUE,5e-6
rs4660293,G,A,G,A,-0.0353,-0.00925,0.2361,0.253442,FALSE,FALSE,FALSE,IbOfXK,0.006657,-1.3895147964548595,0.1648,3146,Deming2017tau,TRUE,reported,NA,NA,NA,NA,NA,NA,NA,0.004,-8.825,2.863e-18,187167,Willer2013hdl,TRUE,reported,ob0mhI,2,TRUE,5e-6
rs4711698,T,C,T,C,0.0207,0.004916,0.7388,0.753277,FALSE,FALSE,FALSE,IbOfXK,0.006481000000000001,0.758525,0.4482,3146,Deming2017tau,TRUE,reported,NA,NA,NA,NA,NA,NA,NA,0.004,5.175,1.631e-6,187167,Willer2013hdl,TRUE,reported,ob0mhI,2,TRUE,5e-6
rs4804833,G,A,G,A,0.0221,0.008603,0.5897,0.605647,FALSE,FALSE,FALSE,IbOfXK,0.005696,1.51036,0.131,3146,Deming2017tau,TRUE,reported,NA,NA,NA,NA,NA,NA,NA,0.0038,5.815789473684211,9.891e-8,187167,Willer2013hdl,TRUE,reported,ob0mhI,2,TRUE,5e-6
rs4805755,T,C,T,C,0.0239,0.0014119999999999998,0.1517,0.164247,FALSE,FALSE,FALSE,IbOfXK,0.007606,0.1856429134893505,0.8527,3146,Deming2017tau,TRUE,reported,NA,NA,NA,NA,NA,NA,NA,0.0044,5.431818181818182,2.526e-6,187167,Willer2013hdl,TRUE,reported,ob0mhI,2,TRUE,5e-6
rs4846914,A,G,A,G,0.0479,-0.001023,0.5844,0.636248,FALSE,FALSE,FALSE,IbOfXK,0.0058390000000000004,-0.175201,0.8609,3146,Deming2017tau,TRUE,reported,TRUE,rs4846914,rs2281718,A,G,T,A,0.0034,14.088235294117647,3.513e-41,187167,Willer2013hdl,TRUE,reported,ob0mhI,2,TRUE,5e-6
rs4871137,T,G,T,G,-0.0209,-0.007308,0.6464,0.663458,FALSE,FALSE,FALSE,IbOfXK,0.0058850000000000005,-1.2418,0.2144,3146,Deming2017tau,TRUE,reported,NA,NA,NA,NA,NA,NA,NA,0.0037,-5.64865,1.9260000000000002e-7,187167,Willer2013hdl,TRUE,reported,ob0mhI,2,TRUE,5e-6
rs4917014,G,T,G,T,0.0222,-0.008468,0.3404,0.316412,FALSE,FALSE,FALSE,IbOfXK,0.006104999999999999,-1.3870597870597872,0.1655,3146,Deming2017tau,TRUE,reported,NA,NA,NA,NA,NA,NA,NA,0.0036,6.166666666666667,1.026e-8,187167,Willer2013hdl,TRUE,reported,ob0mhI,2,TRUE,5e-6
rs492571,C,T,C,T,-0.0663,-0.01171,0.04222,0.0369699,FALSE,FALSE,FALSE,IbOfXK,0.01251,-0.9360511590727418,0.3496,3146,Deming2017tau,TRUE,reported,NA,NA,NA,NA,NA,NA,NA,0.009000000000000001,-7.36667,1.2649999999999998e-12,187167,Willer2013hdl,TRUE,reported,ob0mhI,2,TRUE,5e-6
rs4930731,G,A,G,A,-0.0174,-7.115e-4,0.3496,0.352215,FALSE,FALSE,FALSE,IbOfXK,0.006036,-0.11787607687210074,0.9062,3146,Deming2017tau,TRUE,reported,NA,NA,NA,NA,NA,NA,NA,0.0035,-4.97143,7.027e-7,187167,Willer2013hdl,TRUE,reported,ob0mhI,2,TRUE,5e-6
rs4939883,C,T,C,T,0.0799,-6.844e-4,0.8193,0.808224,FALSE,FALSE,FALSE,IbOfXK,0.007579000000000001,-0.0903022,0.9281,3146,Deming2017tau,TRUE,reported,NA,NA,NA,NA,NA,NA,NA,0.0045,17.755555555555556,1.7959999999999997e-66,187167,Willer2013hdl,TRUE,reported,ob0mhI,2,TRUE,5e-6
rs4969178,G,A,G,A,0.0263,0.001958,0.6266,0.664244,FALSE,FALSE,FALSE,IbOfXK,0.006225,0.314538,0.7531,3146,Deming2017tau,TRUE,reported,NA,NA,NA,NA,NA,NA,NA,0.0035,7.514285714285714,1.5319999999999997e-12,187167,Willer2013hdl,TRUE,reported,ob0mhI,2,TRUE,5e-6
rs4983559,A,G,A,G,-0.0197,0.001469,0.6227,0.576318,FALSE,FALSE,FALSE,IbOfXK,0.005808,0.252927,0.8003,3146,Deming2017tau,TRUE,reported,NA,NA,NA,NA,NA,NA,NA,0.0036,-5.47222,9.565e-9,187167,Willer2013hdl,TRUE,reported,ob0mhI,2,TRUE,5e-6
rs499974,A,C,A,C,-0.0263,-0.008322,0.1755,0.202614,FALSE,FALSE,FALSE,IbOfXK,0.007451,-1.1168970607972084,0.2641,3146,Deming2017tau,TRUE,reported,NA,NA,NA,NA,NA,NA,NA,0.0044,-5.97727,1.1200000000000001e-8,187167,Willer2013hdl,TRUE,reported,ob0mhI,2,TRUE,5e-6
rs593245,T,C,T,C,0.0208,0.01288,0.4314,0.414696,FALSE,FALSE,FALSE,IbOfXK,0.0057399999999999994,2.2439024390243905,0.02497,3146,Deming2017tau,TRUE,reported,TRUE,rs593245,rs555075,T,C,T,C,0.0038,5.473684210526316,5.686e-8,187167,Willer2013hdl,TRUE,reported,ob0mhI,2,TRUE,5e-6
rs6058202,G,A,G,A,-0.0179,0.006258,0.5369,0.571065,FALSE,FALSE,FALSE,IbOfXK,0.00569,1.09982,0.2714,3146,Deming2017tau,TRUE,reported,NA,NA,NA,NA,NA,NA,NA,0.0034,-5.26471,1.275e-7,187167,Willer2013hdl,TRUE,reported,ob0mhI,2,TRUE,5e-6
rs633695,G,A,G,A,0.0885,0.002091,0.285,0.278081,FALSE,FALSE,FALSE,IbOfXK,0.006075,0.3441975308641975,0.7308,3146,Deming2017tau,TRUE,reported,NA,NA,NA,NA,NA,NA,NA,0.0054,16.388888888888886,7.82e-58,187167,Willer2013hdl,TRUE,reported,ob0mhI,2,TRUE,5e-6
rs636049,C,A,C,A,-0.0188,-0.004777,0.3034,0.356207,FALSE,FALSE,FALSE,IbOfXK,0.006194,-0.7712302227962544,0.4407,3146,Deming2017tau,TRUE,reported,NA,NA,NA,NA,NA,NA,NA,0.0038,-4.94737,3.99e-6,187167,Willer2013hdl,TRUE,reported,ob0mhI,2,TRUE,5e-6
rs6450176,A,G,A,G,-0.0254,0.004331000000000001,0.2784,0.221234,FALSE,FALSE,FALSE,IbOfXK,0.00648,0.6683641975308643,0.504,3146,Deming2017tau,TRUE,reported,NA,NA,NA,NA,NA,NA,NA,0.0039,-6.51282,6.875000000000001e-10,187167,Willer2013hdl,TRUE,reported,ob0mhI,2,TRUE,5e-6
rs6485672,A,G,A,G,-0.0246,-0.0038829999999999997,0.4974,0.429168,FALSE,FALSE,FALSE,IbOfXK,0.005768,-0.6731969486823856,0.5009,3146,Deming2017tau,TRUE,reported,NA,NA,NA,NA,NA,NA,NA,0.0035,-7.02857,3.418e-10,187167,Willer2013hdl,TRUE,reported,ob0mhI,2,TRUE,5e-6
rs650194,G,A,G,A,0.0228,5.048e-4,0.6583,0.679557,FALSE,FALSE,FALSE,IbOfXK,0.005975,0.0844854,0.9327,3146,Deming2017tau,TRUE,reported,NA,NA,NA,NA,NA,NA,NA,0.0044,5.181818181818182,1.584e-6,187167,Willer2013hdl,TRUE,reported,ob0mhI,2,TRUE,5e-6
rs653178,T,C,T,C,0.0263,0.005201,0.5317,0.544795,FALSE,FALSE,FALSE,IbOfXK,0.005647999999999999,0.920857,0.3572,3146,Deming2017tau,TRUE,reported,NA,NA,NA,NA,NA,NA,NA,0.0035,7.514285714285714,1.0640000000000001e-12,187167,Willer2013hdl,TRUE,reported,ob0mhI,2,TRUE,5e-6
rs6567160,C,T,C,T,-0.0257,-0.0048270000000000006,0.2309,0.198839,FALSE,FALSE,FALSE,IbOfXK,0.0067480000000000005,-0.7153230586840545,0.4744,3146,Deming2017tau,TRUE,reported,NA,NA,NA,NA,NA,NA,NA,0.0041,-6.26829,2.918e-9,187167,Willer2013hdl,TRUE,reported,ob0mhI,2,TRUE,5e-6
rs6680658,A,G,A,G,0.0232,0.00364,0.2309,0.196805,FALSE,FALSE,FALSE,IbOfXK,0.0071319999999999995,0.5103757711721818,0.6098,3146,Deming2017tau,TRUE,reported,NA,NA,NA,NA,NA,NA,NA,0.0041,5.6585365853658525,7.487e-8,187167,Willer2013hdl,TRUE,reported,ob0mhI,2,TRUE,5e-6
rs676210,A,G,A,G,0.066,-0.01114,0.2309,0.231411,FALSE,FALSE,FALSE,IbOfXK,0.006851,-1.6260399941614363,0.10400000000000001,3146,Deming2017tau,TRUE,reported,NA,NA,NA,NA,NA,NA,NA,0.004,16.5,2.3449999999999997e-54,187167,Willer2013hdl,TRUE,reported,ob0mhI,2,TRUE,5e-6
rs6805251,C,T,C,T,-0.02,0.002488,0.6187,0.565856,FALSE,FALSE,FALSE,IbOfXK,0.005821,0.427418,0.6691,3146,Deming2017tau,TRUE,reported,NA,NA,NA,NA,NA,NA,NA,0.0035,-5.71429,1.3319999999999998e-8,187167,Willer2013hdl,TRUE,reported,ob0mhI,2,TRUE,5e-6
rs6855363,C,T,C,T,0.0184,0.004528,0.347,0.283254,FALSE,FALSE,FALSE,IbOfXK,0.005928,0.7638326585695007,0.445,3146,Deming2017tau,TRUE,reported,NA,NA,NA,NA,NA,NA,NA,0.0036,5.111111111111112,3.2159999999999997e-7,187167,Willer2013hdl,TRUE,reported,ob0mhI,2,TRUE,5e-6
rs686030,A,C,A,C,0.055,0.01359,0.8588,0.854288,FALSE,FALSE,FALSE,IbOfXK,0.008334999999999999,1.63047,0.1031,3146,Deming2017tau,TRUE,reported,NA,NA,NA,NA,NA,NA,NA,0.0049,11.224489795918368,4.292e-27,187167,Willer2013hdl,TRUE,reported,ob0mhI,2,TRUE,5e-6
rs6872354,C,T,C,T,0.017,0.004637,0.3905,0.364629,FALSE,FALSE,FALSE,IbOfXK,0.005967,0.7771074241662477,0.4372,3146,Deming2017tau,TRUE,reported,NA,NA,NA,NA,NA,NA,NA,0.0035,4.857142857142858,4.6060000000000005e-6,187167,Willer2013hdl,TRUE,reported,ob0mhI,2,TRUE,5e-6
rs687339,T,C,T,C,-0.0316,0.009137,0.7665,0.818643,FALSE,FALSE,FALSE,IbOfXK,0.0065780000000000005,1.38902,0.1649,3146,Deming2017tau,TRUE,reported,NA,NA,NA,NA,NA,NA,NA,0.0042,-7.52381,7.108e-13,187167,Willer2013hdl,TRUE,reported,ob0mhI,2,TRUE,5e-6
rs6968554,G,A,G,A,-0.0184,0.008908,0.6266,0.653135,FALSE,FALSE,FALSE,IbOfXK,0.005829,1.52822,0.1266,3146,Deming2017tau,TRUE,reported,NA,NA,NA,NA,NA,NA,NA,0.0037,-4.97297,2.8110000000000003e-6,187167,Willer2013hdl,TRUE,reported,ob0mhI,2,TRUE,5e-6
rs7014168,A,G,A,G,-0.0267,-4.944e-6,0.2414,0.170236,FALSE,FALSE,FALSE,IbOfXK,0.006814,-7.255650132081009e-4,0.9994,3146,Deming2017tau,TRUE,reported,NA,NA,NA,NA,NA,NA,NA,0.0041,-6.5122,9.203e-10,187167,Willer2013hdl,TRUE,reported,ob0mhI,2,TRUE,5e-6
rs702485,G,A,G,A,0.0243,-0.005556,0.4499,0.445877,FALSE,FALSE,FALSE,IbOfXK,0.00573,-0.9696335078534032,0.3323,3146,Deming2017tau,TRUE,reported,NA,NA,NA,NA,NA,NA,NA,0.0034,7.147058823529412,6.450000000000001e-12,187167,Willer2013hdl,TRUE,reported,ob0mhI,2,TRUE,5e-6
rs7076938,T,C,T,C,0.0195,-0.008515,0.657,0.750818,FALSE,FALSE,FALSE,IbOfXK,0.006296,-1.35245,0.1763,3146,Deming2017tau,TRUE,reported,NA,NA,NA,NA,NA,NA,NA,0.004,4.875,1.712e-7,187167,Willer2013hdl,TRUE,reported,ob0mhI,2,TRUE,5e-6
rs7117842,C,T,C,T,0.0272,-1.906e-4,0.3892,0.42954,FALSE,FALSE,FALSE,IbOfXK,0.005811,-0.03279986233006367,0.9738,3146,Deming2017tau,TRUE,reported,TRUE,rs7117842,rs7932357,C,T,C,T,0.0035,7.7714285714285705,1.0570000000000001e-14,187167,Willer2013hdl,TRUE,reported,ob0mhI,2,TRUE,5e-6
rs7306660,A,G,A,G,-0.0345,0.014490000000000001,0.3694,0.259731,FALSE,FALSE,FALSE,IbOfXK,0.006669,2.172739541160594,0.029939999999999998,3146,Deming2017tau,TRUE,reported,TRUE,rs7306660,rs3924313,A,G,A,G,0.0036,-9.58333,3.3409999999999997e-19,187167,Willer2013hdl,TRUE,reported,ob0mhI,2,TRUE,5e-6
rs731839,A,G,A,G,0.022000000000000002,0.004814,0.6583,0.6709,FALSE,FALSE,FALSE,IbOfXK,0.005868,0.820382,0.41200000000000003,3146,Deming2017tau,TRUE,reported,NA,NA,NA,NA,NA,NA,NA,0.0037,5.9459459459459465,3.441e-9,187167,Willer2013hdl,TRUE,reported,ob0mhI,2,TRUE,5e-6
rs737337,C,T,C,T,-0.0565,0.00625,0.0686,0.0980321,FALSE,FALSE,FALSE,IbOfXK,0.009748,0.6411571604431678,0.5215,3146,Deming2017tau,TRUE,reported,NA,NA,NA,NA,NA,NA,NA,0.0061,-9.2623,4.5639999999999994e-17,187167,Willer2013hdl,TRUE,reported,ob0mhI,2,TRUE,5e-6
rs7601692,G,T,G,T,0.0167,-0.004019,0.4974,0.515064,FALSE,FALSE,FALSE,IbOfXK,0.005664,-0.709569209039548,0.478,3146,Deming2017tau,TRUE,reported,NA,NA,NA,NA,NA,NA,NA,0.0034,4.911764705882353,1.575e-6,187167,Willer2013hdl,TRUE,reported,ob0mhI,2,TRUE,5e-6
rs7607980,C,T,C,T,0.0447,2.0150000000000002e-4,0.1491,0.123634,FALSE,FALSE,FALSE,IbOfXK,0.008486,0.023744991751119493,0.9811,3146,Deming2017tau,TRUE,reported,NA,NA,NA,NA,NA,NA,NA,0.0052,8.596153846153847,1.807e-15,187167,Willer2013hdl,TRUE,reported,ob0mhI,2,TRUE,5e-6
rs7925397,C,A,C,A,0.0373,0.005718,0.1398,0.123911,FALSE,FALSE,FALSE,IbOfXK,0.008212,0.6962981003409644,0.4863,3146,Deming2017tau,TRUE,reported,NA,NA,NA,NA,NA,NA,NA,0.0056,6.660714285714286,1.3930000000000003e-10,187167,Willer2013hdl,TRUE,reported,ob0mhI,2,TRUE,5e-6
rs7949865,T,G,T,G,0.045,0.005306,0.1161,0.131121,FALSE,FALSE,FALSE,IbOfXK,0.008222,0.6453417659936755,0.5188,3146,Deming2017tau,TRUE,reported,TRUE,rs7949865,rs7928284,T,G,T,C,0.005,9,1.37e-18,187167,Willer2013hdl,TRUE,reported,ob0mhI,2,TRUE,5e-6
rs8211,T,C,T,C,-0.0201,-0.009568,0.5844,0.625499,FALSE,FALSE,FALSE,IbOfXK,0.005779,-1.65565,0.09792000000000001,3146,Deming2017tau,TRUE,reported,NA,NA,NA,NA,NA,NA,NA,0.0035,-5.74286,8.049e-8,187167,Willer2013hdl,TRUE,reported,ob0mhI,2,TRUE,5e-6
rs838876,G,A,G,A,-0.0493,-0.00956,0.6741,0.673505,FALSE,FALSE,FALSE,IbOfXK,0.006114,-1.56362,0.11800000000000001,3146,Deming2017tau,TRUE,reported,TRUE,rs838876,rs838877,G,A,A,G,0.0039,-12.641,7.325e-33,187167,Willer2013hdl,TRUE,reported,ob0mhI,2,TRUE,5e-6
rs871226,G,A,G,A,0.0276,0.0072299999999999994,0.1266,0.130167,FALSE,FALSE,FALSE,IbOfXK,0.008844,0.8175033921302578,0.4137,3146,Deming2017tau,TRUE,reported,NA,NA,NA,NA,NA,NA,NA,0.0051,5.411764705882352,5.123e-7,187167,Willer2013hdl,TRUE,reported,ob0mhI,2,TRUE,5e-6
rs884366,A,G,A,G,-0.0199,0.01273,0.3179,0.288237,FALSE,FALSE,FALSE,IbOfXK,0.0060869999999999995,2.091342204698538,0.03662,3146,Deming2017tau,TRUE,reported,NA,NA,NA,NA,NA,NA,NA,0.0037,-5.37838,1.671e-7,187167,Willer2013hdl,TRUE,reported,ob0mhI,2,TRUE,5e-6
rs895954,A,G,A,G,-0.0224,0.005849,0.7968,0.827154,FALSE,FALSE,FALSE,IbOfXK,0.007109999999999999,0.822644,0.4108,3146,Deming2017tau,TRUE,reported,NA,NA,NA,NA,NA,NA,NA,0.0045,-4.97778,1.335e-6,187167,Willer2013hdl,TRUE,reported,ob0mhI,2,TRUE,5e-6
rs931992,T,G,T,G,0.034,-0.002918,0.6755,0.652808,FALSE,FALSE,FALSE,IbOfXK,0.005951,-0.490338,0.624,3146,Deming2017tau,TRUE,reported,NA,NA,NA,NA,NA,NA,NA,0.0036,9.444444444444445,5.447e-20,187167,Willer2013hdl,TRUE,reported,ob0mhI,2,TRUE,5e-6
rs9457931,G,A,G,A,-0.0552,0.008756,0.0686,0.0805223,FALSE,FALSE,FALSE,IbOfXK,0.01198,0.7308848080133556,0.465,3146,Deming2017tau,TRUE,reported,NA,NA,NA,NA,NA,NA,NA,0.0073,-7.56164,7.297e-13,187167,Willer2013hdl,TRUE,reported,ob0mhI,2,TRUE,5e-6
rs970548,C,A,C,A,0.0258,-9.094e-4,0.277,0.256075,FALSE,FALSE,FALSE,IbOfXK,0.0066159999999999995,-0.1374546553808948,0.8907,3146,Deming2017tau,TRUE,reported,NA,NA,NA,NA,NA,NA,NA,0.0039,6.615384615384616,1.7059999999999998e-10,187167,Willer2013hdl,TRUE,reported,ob0mhI,2,TRUE,5e-6
rs9911799,T,C,T,C,-0.0171,0.009845,0.5264,0.542696,FALSE,FALSE,FALSE,IbOfXK,0.005649,1.74279,0.08148,3146,Deming2017tau,TRUE,reported,NA,NA,NA,NA,NA,NA,NA,0.0034,-5.02941,2.053e-6,187167,Willer2013hdl,TRUE,reported,ob0mhI,2,TRUE,5e-6
rs998584,A,C,A,C,-0.026,0.001507,0.5145,0.479477,FALSE,FALSE,FALSE,IbOfXK,0.005637,0.26734078410502043,0.7892,3146,Deming2017tau,TRUE,reported,TRUE,rs998584,rs1358980,A,C,T,C,0.0038,-6.84211,2.269e-11,187167,Willer2013hdl,TRUE,reported,ob0mhI,2,TRUE,5e-6
