SNP,effect_allele.exposure,other_allele.exposure,effect_allele.outcome,other_allele.outcome,beta.exposure,beta.outcome,eaf.exposure,eaf.outcome,remove,palindromic,ambiguous,id.outcome,chr.outcome,pos.outcome,se.outcome,z.outcome,pval.outcome,samplesize.outcome,outcome,mr_keep.outcome,pval_origin.outcome,chr.exposure,pos.exposure,se.exposure,z.exposure,pval.exposure,samplesize.exposure,exposure,mr_keep.exposure,pval_origin.exposure,id.exposure,action,mr_keep,pleitropy_keep,pt
rs115141604,G,A,G,A,0.05535,-0.00869309,0.0206672,0.045869,FALSE,FALSE,FALSE,eHZ3iR,3,47251391,0.00581152,-1.49584,0.13,335576,Niarchou2020meat,TRUE,reported,3,47251391,0.012029999999999999,4.600997506234415,4.401e-6,3146,Deming2017ab42,TRUE,reported,Q56QmJ,2,TRUE,TRUE,5e-6
rs12153566,A,T,A,T,0.02566,-0.00893668,0.841808,0.832048,FALSE,TRUE,FALSE,eHZ3iR,5,26951397,0.00325387,-2.74648,0.006,335576,Niarchou2020meat,TRUE,reported,5,26951397,0.0053,4.84151,1.3509999999999999e-6,3146,Deming2017ab42,TRUE,reported,Q56QmJ,2,TRUE,TRUE,5e-6
rs13115400,A,G,A,G,0.01924,0.0011436,0.328794,0.348461,FALSE,FALSE,FALSE,eHZ3iR,4,181885905,0.00255562,0.447484,0.65,335576,Niarchou2020meat,TRUE,reported,4,181885905,0.004122,4.667637069383795,3.184e-6,3146,Deming2017ab42,TRUE,reported,Q56QmJ,2,TRUE,TRUE,5e-6
rs141162384,T,G,T,G,0.05123,0.00731975,0.0335875,0.041446,FALSE,FALSE,FALSE,eHZ3iR,5,65091178,0.00609279,1.20138,0.23,335576,Niarchou2020meat,TRUE,reported,5,65091178,0.01024,5.002929687499999,6.013000000000001e-7,3146,Deming2017ab42,TRUE,reported,Q56QmJ,2,TRUE,TRUE,5e-6
rs17207326,A,G,A,G,0.036660000000000005,-0.00100647,0.0884058,0.081782,FALSE,FALSE,FALSE,eHZ3iR,7,37739901,0.00443224,-0.227079,0.82,335576,Niarchou2020meat,TRUE,reported,7,37739901,0.008001000000000001,4.5819272590926134,4.825e-6,3146,Deming2017ab42,TRUE,reported,Q56QmJ,2,TRUE,TRUE,5e-6
rs2664588,T,C,T,C,0.01913,-0.00300286,0.439521,0.449506,FALSE,FALSE,FALSE,eHZ3iR,20,46580634,0.00245893,-1.22121,0.22,335576,Niarchou2020meat,TRUE,reported,20,46580634,0.004026,4.751614505712866,2.105e-6,3146,Deming2017ab42,TRUE,reported,Q56QmJ,2,TRUE,TRUE,5e-6
rs316341,A,G,A,G,0.0246,0.00217846,0.708242,0.694398,FALSE,FALSE,FALSE,eHZ3iR,6,2838248,0.00265845,0.819447,0.41,335576,Niarchou2020meat,TRUE,reported,6,2838248,0.004352,5.65257,1.724e-8,3146,Deming2017ab42,TRUE,reported,Q56QmJ,2,TRUE,TRUE,5e-6
rs61957926,C,T,C,T,-0.01874,7.61905e-5,0.594971,0.613116,FALSE,FALSE,FALSE,eHZ3iR,13,71694685,0.0025096,0.0303596,0.98,335576,Niarchou2020meat,TRUE,reported,13,71694685,0.004053,-4.62374,3.9080000000000005e-6,3146,Deming2017ab42,TRUE,reported,Q56QmJ,2,TRUE,TRUE,5e-6
rs62313278,G,A,G,A,0.034069999999999996,0.00196745,0.0746187,0.077393,FALSE,FALSE,FALSE,eHZ3iR,4,61743347,0.00456496,0.43099,0.67,335576,Niarchou2020meat,TRUE,reported,4,61743347,0.007359999999999999,4.6290760869565215,3.825e-6,3146,Deming2017ab42,TRUE,reported,Q56QmJ,2,TRUE,TRUE,5e-6
rs7247764,C,T,C,T,-0.0257,-0.00511502,0.229789,0.16746,FALSE,FALSE,FALSE,eHZ3iR,19,45675873,0.00325592,-1.57099,0.12,335576,Niarchou2020meat,TRUE,reported,19,45675873,0.005569,-4.614832106302748,4.121e-6,3146,Deming2017ab42,TRUE,reported,Q56QmJ,2,TRUE,FALSE,5e-6
rs76881547,T,C,T,C,-0.032889999999999996,0.00353725,0.0718443,0.100765,FALSE,FALSE,FALSE,eHZ3iR,14,96632992,0.00406335,0.870526,0.38,335576,Niarchou2020meat,TRUE,reported,14,96632992,0.007169,-4.587808620449155,4.647e-6,3146,Deming2017ab42,TRUE,reported,Q56QmJ,2,TRUE,TRUE,5e-6
rs769449,A,G,A,G,-0.1006,-0.0238753,0.0998545,0.126645,FALSE,FALSE,FALSE,eHZ3iR,19,45410002,0.00365505,-6.53214,6.5e-11,335576,Niarchou2020meat,TRUE,reported,19,45410002,0.004723,-21.300021172983275,4.774999999999999e-94,3146,Deming2017ab42,TRUE,reported,Q56QmJ,2,TRUE,FALSE,5e-6
