outcome,exposure,pt,outliers_removed,qval,nsnp,n_outliers,RSSobs,MRPRESSO.pval,egger_intercept,egger_se,Egger.pval,exposure.name,outcome.name,Egger_b,Egger_MR.pval,Egger_se,IVW_b,IVW_MR.pval,IVW_se,WMBE_b,WMBE_MR.pval,WMBE_se,WME_b,WME_MR.pval,WME_se,IVW_Signif,Egger_Signif,WME_Signif,WMBE_Signif,MRPRESSO.pval_rm,pass
Beecham2014braak4,Dashti2019slepdur,5e-8,FALSE,0.6672133722554424,66,0,48.7,0.9518,-0.00391,0.024,0.87,Sleep Duration,Neurofibrillary Tangles,-0.1,0.94,1.4,-0.33,0.39,0.38,-1.6,0.13,1,-0.9,0.1,0.56, , ,., ,0.9518,FALSE
Beecham2014braak4,Day2018sociso,5e-8,FALSE,0.5662841947341842,15,0,7.5,0.939,0.0481,0.071,0.51,Social Isolation,Neurofibrillary Tangles,-2,0.69,5,1.3,0.17,0.97,0.83,0.63,1.7,1.1,0.39,1.3, , , , ,0.939,FALSE
Beecham2014braak4,Evangelou2018dbp,5e-6,FALSE,0.7893588624314137,609,0,597.2,0.63436,0.00139,0.0051,0.78,Diastolic Blood Pressure,Neurofibrillary Tangles,-0.012,0.69,0.031,-0.0047,0.72,0.013,-0.052,0.18,0.039,-0.0056,0.8,0.022, , , , ,0.63436,FALSE
Beecham2014braak4,Evangelou2018pp,5e-8,FALSE,0.6643273379538928,385,0,336.8,0.96692,-0.00113,0.0068,0.87,Pulse Pressure,Neurofibrillary Tangles,0.016,0.62,0.033,0.011,0.38,0.013,0.018,0.68,0.045,0.0054,0.78,0.02, , , , ,0.96692,FALSE
Beecham2014braak4,Evangelou2018sbp,5e-8,FALSE,0.6959043166523852,431,0,431.5,0.49308,-0.00361,0.0064,0.58,Systolic Blood Pressure,Neurofibrillary Tangles,0.0049,0.82,0.021,-0.0061,0.46,0.0083,-0.0095,0.73,0.028,-0.0051,0.7,0.013, , , , ,0.49308,FALSE
Beecham2014braak4,Howard2019dep23andMe,5e-8,FALSE,0.6672133722554424,82,0,81,0.5472,0.00257,0.033,0.94,Depression,Neurofibrillary Tangles,0.077,0.95,1.3,0.18,0.41,0.21,0.59,0.45,0.78,0.37,0.24,0.31, , , , ,0.5472,FALSE
Beecham2014braak4,Jansen2018insomnia23andMe,5e-8,FALSE,0.6355871050214836,164,0,181.5,0.1787,-0.0298,0.027,0.27,Insomnia Symptoms,Neurofibrillary Tangles,4.4,0.35,4.8,-0.74,0.28,0.69,-0.54,0.83,2.5,-0.6,0.55,1, , , , ,0.1787,FALSE
Beecham2014braak4,Klimentidis2018mvpa,5e-8,FALSE,0.11773083729252495,19,0,31,0.07,-0.123,0.067,0.084,Moderate-to-vigorous PA,Neurofibrillary Tangles,6.2,0.2,4.6,-2.1,0.0096,0.82,-4.7,0.084,2.6,-2.7,0.032,1.3,**, ,*,.,0.07,FALSE
Beecham2014braak4,Lee2018education23andMe,5e-8,FALSE,0.680574908124521,478,0,479.6,0.48164,-0.00249,0.0085,0.77,Educational Attainment,Neurofibrillary Tangles,0.044,0.95,0.72,-0.16,0.42,0.2,-0.26,0.79,0.95,-0.17,0.56,0.3, , , , ,0.48164,FALSE
Beecham2014braak4,Liu2019drnkwk23andMe,5e-6,FALSE,0.6672133722554424,203,0,203.5,0.502,-0.00592,0.012,0.61,Alcohol Consumption,Neurofibrillary Tangles,1.4,0.45,1.8,0.5,0.38,0.58,1.1,0.46,1.5,1.2,0.19,0.93, , , , ,0.502,FALSE
Beecham2014braak4,Liu2019smkcpd23andMe,5e-6,FALSE,0.7971302733005553,127,0,97.2,0.981,0.00188,0.0092,0.84,Cigarettes per Day,Neurofibrillary Tangles,-0.0078,0.99,0.75,0.12,0.75,0.39,0.12,0.86,0.68,-0.24,0.74,0.73, , , , ,0.981,FALSE
Beecham2014braak4,Liu2019smkint23andMe,5e-6,FALSE,0.6959043166523852,546,0,564,0.29508,0.00664,0.0088,0.45,Smoking Initiation,Neurofibrillary Tangles,-1.4,0.37,1.5,-0.26,0.48,0.37,-1.7,0.22,1.4,-0.76,0.21,0.6, , , , ,0.29508,FALSE
Beecham2014braak4,Niarchou2020fish,5e-6,FALSE,0.727846602546489,134,0,133.5,0.5188,0.0371,0.019,0.057,Fish and Plant diet,Neurofibrillary Tangles,-2.5,0.046,1.2,-0.18,0.53,0.29,0.066,0.95,1,-0.22,0.6,0.42, ,*, , ,0.5188,FALSE
Beecham2014braak4,Niarchou2020meat,5e-6,FALSE,0.6197631927617148,93,0,106.2,0.1857,-0.0314,0.022,0.16,Meat diet,Neurofibrillary Tangles,2.5,0.097,1.5,0.48,0.2,0.37,-0.85,0.58,1.5,0.52,0.33,0.53, ,., , ,0.1857,FALSE
Beecham2014braak4,SanchezRoige2019auditt23andMe,5e-6,FALSE,0.5055315526055739,54,0,34,0.9884,0.0148,0.043,0.73,AUDIT,Neurofibrillary Tangles,-0.21,0.94,3.1,0.83,0.13,0.54,1.5,0.24,1.3,1.3,0.076,0.76, , ,., ,0.9884,FALSE
Beecham2014braak4,Wells2019hdiff,5e-8,FALSE,0.7332909908927772,40,0,30.8,0.8798,0.00259,0.024,0.91,Hearing Difficulties,Neurofibrillary Tangles,-0.65,0.79,2.4,-0.41,0.6,0.78,-0.17,0.93,1.9,-0.02,0.99,1.2, , , , ,0.8798,FALSE
Beecham2014braak4,Willer2013hdl,5e-6,FALSE,0.6485807767797458,126,0,128.3,0.4589,0.00807,0.0076,0.29,High-density lipoproteins,Neurofibrillary Tangles,-0.04,0.82,0.18,0.11,0.31,0.11,0.35,0.083,0.2,0.37,0.031,0.17, , ,*,.,0.4589,FALSE
Beecham2014braak4,Willer2013ldl,5e-6,FALSE,0.18736188624486183,110,0,123.7,0.1986,-0.00231,0.009,0.8,Low-density lipoproteins,Neurofibrillary Tangles,0.31,0.11,0.19,0.27,0.016,0.11,0.14,0.47,0.19,0.094,0.62,0.19,*, , , ,0.1986,FALSE
Beecham2014braak4,Willer2013tc,5e-6,TRUE,0.1161500044467714,122,1,155.8,0.0255,0.00573,0.0096,0.55,Total Cholesterol,Neurofibrillary Tangles,0.19,0.4,0.22,0.29,0.0087,0.11,0.33,0.13,0.22,0.15,0.4,0.18,**, , , ,0.0255,FALSE
Beecham2014braak4,Willer2013tg,5e-6,FALSE,0.7812917425313307,96,0,101,0.3698,0.0062,0.0087,0.48,Triglycerides,Neurofibrillary Tangles,-0.072,0.75,0.23,0.056,0.68,0.14,0.13,0.53,0.2,0.21,0.35,0.23, , , , ,0.3698,FALSE
Beecham2014braak4,Xue2018diab,5e-6,FALSE,0.6959043166523852,216,0,238.3,0.1554,-0.00183,0.0083,0.83,Type 2 Diabetes,Neurofibrillary Tangles,-0.015,0.91,0.14,-0.042,0.46,0.057,-0.021,0.86,0.12,-0.07,0.51,0.11, , , , ,0.1554,FALSE
Beecham2014braak4,Yengo2018bmi,5e-8,FALSE,0.6485807767797458,500,0,527.7,0.2008,0.00642,0.0061,0.29,BMI,Neurofibrillary Tangles,-0.51,0.18,0.38,-0.14,0.32,0.14,-0.87,0.087,0.5,-0.3,0.18,0.23, , , ,.,0.2008,FALSE
Beecham2014npany,Dashti2019slepdur,5e-8,FALSE,0.484814338016649,66,0,45.2,0.9834,-0.0265,0.04,0.51,Sleep Duration,Neuritic Plaques,0.54,0.82,2.4,-0.99,0.11,0.62,-0.81,0.65,1.8,-0.68,0.49,0.98, , , , ,0.9834,FALSE
Beecham2014npany,Day2018sociso,5e-8,FALSE,0.6643273379538928,15,0,13.4,0.651,-0.0195,0.12,0.87,Social Isolation,Neuritic Plaques,2.8,0.74,8.3,1.4,0.35,1.5,1.1,0.74,3.3,1.7,0.42,2, , , , ,0.651,FALSE
Beecham2014npany,Evangelou2018dbp,5e-8,FALSE,0.7893588624314137,440,0,415.3,0.80312,0.0024,0.01,0.81,Diastolic Blood Pressure,Neuritic Plaques,-0.0041,0.94,0.057,0.0082,0.72,0.023,-0.022,0.72,0.061,0.015,0.67,0.035, , , , ,0.80312,FALSE
Beecham2014npany,Evangelou2018pp,5e-8,FALSE,0.8064716516525856,385,0,383.6,0.5268,-0.00808,0.011,0.47,Pulse Pressure,Neuritic Plaques,0.032,0.55,0.054,-0.0033,0.88,0.021,0.048,0.56,0.082,0.019,0.58,0.034, , , , ,0.5268,FALSE
Beecham2014npany,Evangelou2018sbp,5e-6,FALSE,0.6197631927617148,605,0,612.4,0.41996,6.09e-4,0.0086,0.94,Systolic Blood Pressure,Neuritic Plaques,0.012,0.69,0.031,0.014,0.26,0.013,0.03,0.46,0.041,0.026,0.2,0.02, , , , ,0.41996,FALSE
Beecham2014npany,Howard2019dep23andMe,5e-8,FALSE,0.8001812919837803,82,0,104,0.0623,-0.0344,0.061,0.57,Depression,Neuritic Plaques,1.4,0.55,2.4,0.097,0.78,0.35,1.7,0.18,1.3,0.3,0.56,0.52, , , , ,0.0623,FALSE
Beecham2014npany,Jansen2018insomnia23andMe,5e-8,FALSE,0.6197631927617148,164,0,156,0.686,0.032,0.043,0.45,Insomnia Symptoms,Neuritic Plaques,-6.9,0.36,7.5,-1.4,0.23,1.1,0.0067,1,3.8,-1.1,0.52,1.7, , , , ,0.686,FALSE
Beecham2014npany,Klimentidis2018mvpa,5e-8,FALSE,0.4517185586345051,19,0,16.5,0.653,-0.00449,0.082,0.96,Moderate-to-vigorous PA,Neuritic Plaques,-1.9,0.74,5.6,-2.2,0.099,1.3,0.13,0.97,3.1,-0.8,0.66,1.8,., , , ,0.653,FALSE
Beecham2014npany,Lee2018education23andMe,5e-8,FALSE,0.6959043166523852,478,0,513.9,0.12812,-0.00344,0.014,0.81,Educational Attainment,Neuritic Plaques,0.047,0.97,1.2,-0.23,0.47,0.32,0.097,0.94,1.4,-0.0016,1,0.5, , , , ,0.12812,FALSE
Beecham2014npany,Liu2019drnkwk23andMe,5e-6,FALSE,0.6672133722554424,202,0,188.6,0.7525,0.00551,0.019,0.77,Alcohol Consumption,Neuritic Plaques,-0.046,0.99,3,0.78,0.41,0.95,1.6,0.52,2.5,0.018,0.99,1.6, , , , ,0.7525,FALSE
Beecham2014npany,Liu2019smkcpd23andMe,5e-6,FALSE,0.8001812919837803,126,0,101.6,0.9544,1.17e-4,0.015,0.99,Cigarettes per Day,Neuritic Plaques,-0.18,0.89,1.3,-0.17,0.79,0.64,0.068,0.95,1,-0.0048,1,1.2, , , , ,0.9544,FALSE
Beecham2014npany,Liu2019smkint23andMe,5e-6,FALSE,0.6551659692715863,545,0,561.8,0.30608,0.00789,0.014,0.58,Smoking Initiation,Neuritic Plaques,-0.7,0.77,2.4,0.6,0.33,0.61,1.9,0.49,2.7,0.75,0.43,0.94, , , , ,0.30608,FALSE
Beecham2014npany,Niarchou2020fish,5e-8,FALSE,0.8023364015378813,45,0,50.5,0.3038,-0.0186,0.065,0.78,Fish and Plant diet,Neuritic Plaques,1.2,0.75,3.6,0.16,0.82,0.67,0.75,0.68,1.8,0.21,0.83,0.96, , , , ,0.3038,FALSE
Beecham2014npany,Niarchou2020meat,5e-8,FALSE,0.6485807767797458,21,0,20.6,0.536,0.221,0.1,0.043,Meat diet,Neuritic Plaques,-15,0.032,6.3,-1.1,0.32,1.1,-0.021,0.99,2.6,-0.51,0.73,1.5, ,*, , ,0.536,FALSE
Beecham2014npany,SanchezRoige2019auditt23andMe,5e-8,FALSE,0.6485807767797458,12,0,7.9,0.815,-0.0623,0.13,0.65,AUDIT,Neuritic Plaques,2.1,0.79,7.7,-1.5,0.31,1.5,-0.44,0.85,2.3,-0.78,0.69,2, , , , ,0.815,FALSE
Beecham2014npany,Wells2019hdiff,5e-6,FALSE,0.6959043166523852,103,0,102,0.5386,0.031,0.029,0.28,Hearing Difficulties,Neuritic Plaques,-4.2,0.22,3.4,-0.7,0.47,0.97,-6.3,0.18,4.6,-0.95,0.52,1.5, , , , ,0.5386,FALSE
Beecham2014npany,Willer2013hdl,5e-6,FALSE,0.6197631927617148,126,0,117.7,0.7147,0.00256,0.012,0.84,High-density lipoproteins,Neuritic Plaques,0.19,0.53,0.3,0.24,0.2,0.18,0.3,0.25,0.26,0.25,0.44,0.33, , , , ,0.7147,FALSE
Beecham2014npany,Willer2013ldl,5e-8,FALSE,0.007462727377665403,74,0,83,0.2534,0.00214,0.018,0.91,Low-density lipoproteins,Neuritic Plaques,0.67,0.04,0.32,0.7,2.3e-4,0.19,0.21,0.65,0.45,0.51,0.12,0.33,***,*, , ,0.2534,TRUE
Beecham2014npany,Willer2013tc,5e-6,FALSE,0.0061837011035226685,122,0,106.6,0.8574,-8.24e-4,0.014,0.95,Total Cholesterol,Neuritic Plaques,0.7,0.026,0.31,0.69,1.6e-4,0.18,0.71,0.11,0.44,0.8,0.0098,0.31,***,*,**, ,0.8574,TRUE
Beecham2014npany,Willer2013tg,5e-8,TRUE,0.6892716800075538,53,1,48.1,0.7066,0.00851,0.018,0.64,Triglycerides,Neuritic Plaques,0.042,0.91,0.39,0.19,0.44,0.24,0.087,0.79,0.33,0.22,0.54,0.35, , , , ,0.7066,FALSE
Beecham2014npany,Xue2018diab,5e-8,FALSE,0.6442189904721767,115,0,95.4,0.9205,-3.36e-4,0.018,0.98,Type 2 Diabetes,Neuritic Plaques,0.11,0.64,0.24,0.11,0.3,0.11,0.13,0.54,0.21,0.13,0.53,0.2, , , , ,0.9205,FALSE
Beecham2014npany,Yengo2018bmi,5e-6,FALSE,0.727846602546489,683,0,628.5,0.93504,-0.0115,0.0081,0.16,BMI,Neuritic Plaques,0.59,0.28,0.55,-0.13,0.55,0.21,0.65,0.3,0.63,0.27,0.46,0.37, , , , ,0.93504,FALSE
Beecham2014vbiany,Dashti2019slepdur,5e-6,FALSE,0.5155916547921003,196,0,212.1,0.2266,0.0145,0.012,0.24,Sleep Duration,Vascular Brain Injury,-0.38,0.63,0.78,0.47,0.14,0.31,-0.36,0.6,0.69,0.18,0.81,0.72, , , , ,0.2266,FALSE
Beecham2014vbiany,Day2018sociso,5e-8,FALSE,0.6643273379538928,15,0,20.5,0.221,0.0701,0.11,0.53,Social Isolation,Vascular Brain Injury,-6.1,0.45,7.8,-1.2,0.35,1.3,0.66,0.79,2.4,0.24,0.89,1.8, , , , ,0.221,FALSE
Beecham2014vbiany,Evangelou2018dbp,5e-6,FALSE,0.001280161051969544,608,0,600.7,0.59072,-0.00478,0.0067,0.47,Diastolic Blood Pressure,Vascular Brain Injury,0.1,0.015,0.041,0.073,2.4e-5,0.017,0.022,0.68,0.054,0.068,0.015,0.028,***,*,*, ,0.59072,TRUE
Beecham2014vbiany,Evangelou2018pp,5e-8,FALSE,0.018394357105871843,384,0,411.2,0.17116,-0.0177,0.0092,0.057,Pulse Pressure,Vascular Brain Injury,0.14,0.0025,0.045,0.058,7.2e-4,0.017,0.033,0.63,0.068,0.055,0.038,0.026,***,**,*, ,0.17116,TRUE
Beecham2014vbiany,Evangelou2018sbp,5e-8,FALSE,0.08710487353080995,431,0,449.9,0.2692,-0.00986,0.0087,0.25,Systolic Blood Pressure,Vascular Brain Injury,0.061,0.034,0.029,0.031,0.0048,0.011,0.017,0.67,0.04,0.035,0.046,0.018,**,*,*, ,0.2692,FALSE
Beecham2014vbiany,Howard2019dep23andMe,5e-6,FALSE,0.6524782388480385,248,0,250.8,0.4618,-0.002,0.019,0.92,Depression,Vascular Brain Injury,0.28,0.74,0.85,0.19,0.32,0.19,0.62,0.43,0.78,0.29,0.32,0.29, , , , ,0.4618,FALSE
Beecham2014vbiany,Jansen2018insomnia23andMe,5e-8,FALSE,0.6197631927617148,165,0,187.2,0.122,0.0301,0.036,0.41,Insomnia Symptoms,Vascular Brain Injury,-6.4,0.32,6.4,-1.1,0.21,0.91,-0.046,0.99,3.9,-1,0.46,1.4, , , , ,0.122,FALSE
Beecham2014vbiany,Klimentidis2018mvpa,5e-8,FALSE,0.6959043166523852,20,0,18.3,0.623,0.121,0.066,0.08,Moderate-to-vigorous PA,Vascular Brain Injury,-8.6,0.065,4.4,-0.73,0.48,1,-0.3,0.9,2.4,-0.67,0.64,1.4, ,., , ,0.623,FALSE
Beecham2014vbiany,Lee2018education23andMe,5e-6,FALSE,0.5290284555218153,701,0,686.9,0.65184,0.00508,0.0086,0.55,Educational Attainment,Vascular Brain Injury,-0.1,0.9,0.79,0.34,0.14,0.23,-0.4,0.74,1.2,0.091,0.8,0.36, , , , ,0.65184,FALSE
Beecham2014vbiany,Liu2019drnkwk23andMe,5e-6,FALSE,0.33707095584909524,202,0,235.4,0.0586,0.0153,0.016,0.35,Alcohol Consumption,Vascular Brain Injury,-0.9,0.73,2.6,1.4,0.067,0.76,-1,0.62,2,-0.039,0.98,1.3,., , , ,0.0586,FALSE
Beecham2014vbiany,Liu2019smkcpd23andMe,5e-6,FALSE,0.33707095584909524,126,0,107.5,0.8914,-0.00839,0.012,0.49,Cigarettes per Day,Vascular Brain Injury,-0.35,0.72,0.99,-0.94,0.063,0.51,-0.71,0.41,0.86,-1.2,0.2,0.95,., , , ,0.8914,FALSE
Beecham2014vbiany,Liu2019smkint23andMe,5e-6,FALSE,0.6643273379538928,544,0,535.4,0.6078,0.0173,0.011,0.13,Smoking Initiation,Vascular Brain Injury,-2.4,0.22,2,0.45,0.37,0.49,-1,0.6,2,0.18,0.82,0.79, , , , ,0.6078,FALSE
Beecham2014vbiany,Niarchou2020fish,5e-8,FALSE,0.727846602546489,46,0,60.6,0.0918,0.0782,0.056,0.17,Fish and Plant diet,Vascular Brain Injury,-4.6,0.15,3.1,-0.33,0.55,0.54,-2.1,0.17,1.5,-1,0.2,0.82, , , , ,0.0918,FALSE
Beecham2014vbiany,Niarchou2020meat,5e-6,FALSE,0.8023364015378813,94,0,112.1,0.1118,0.0177,0.031,0.57,Meat diet,Vascular Brain Injury,-1.1,0.61,2.1,0.11,0.83,0.49,2.2,0.26,1.9,0.34,0.65,0.76, , , , ,0.1118,FALSE
Beecham2014vbiany,SanchezRoige2019auditt23andMe,5e-6,FALSE,0.6197631927617148,52,0,50.3,0.579,0.0324,0.057,0.57,AUDIT,Vascular Brain Injury,-1.4,0.73,4.1,0.85,0.23,0.71,-0.84,0.67,2,-0.85,0.42,1.1, , , , ,0.579,FALSE
Beecham2014vbiany,Wells2019hdiff,5e-6,FALSE,0.6355871050214836,102,0,121.7,0.1019,-0.0297,0.02,0.15,Hearing Difficulties,Vascular Brain Injury,2.3,0.31,2.3,-0.78,0.3,0.75,-0.21,0.9,1.6,-0.011,0.99,1.3, , , , ,0.1019,FALSE
Beecham2014vbiany,Willer2013hdl,5e-8,FALSE,0.5504498319877055,86,0,76.2,0.7859,-0.00265,0.012,0.83,High-density lipoproteins,Vascular Brain Injury,0.26,0.32,0.26,0.21,0.16,0.15,0.19,0.41,0.23,0.26,0.31,0.25, , , , ,0.7859,FALSE
Beecham2014vbiany,Willer2013ldl,5e-6,FALSE,0.727846602546489,109,0,116.5,0.3209,-0.0127,0.011,0.27,Low-density lipoproteins,Vascular Brain Injury,0.12,0.62,0.24,-0.09,0.54,0.15,0.03,0.91,0.25,0.078,0.76,0.26, , , , ,0.3209,FALSE
Beecham2014vbiany,Willer2013tc,5e-8,FALSE,0.7971302733005553,82,0,67.2,0.8985,-0.00348,0.014,0.81,Total Cholesterol,Vascular Brain Injury,0.1,0.7,0.27,0.048,0.75,0.15,0.099,0.72,0.27,0.066,0.8,0.25, , , , ,0.8985,FALSE
Beecham2014vbiany,Willer2013tg,5e-8,FALSE,0.6643273379538928,54,0,55.8,0.4418,-0.00956,0.015,0.53,Triglycerides,Vascular Brain Injury,-0.02,0.95,0.32,-0.18,0.34,0.19,0.063,0.84,0.32,-0.11,0.72,0.31, , , , ,0.4418,FALSE
Beecham2014vbiany,Xue2018diab,5e-6,FALSE,0.5155916547921003,216,0,178.4,0.9722,0.00152,0.01,0.88,Type 2 Diabetes,Vascular Brain Injury,0.09,0.6,0.17,0.11,0.14,0.075,0.12,0.41,0.15,0.21,0.14,0.14, , , , ,0.9722,FALSE
Beecham2014vbiany,Yengo2018bmi,5e-8,FALSE,0.6672133722554424,500,0,487.9,0.64984,0.00213,0.0078,0.78,BMI,Vascular Brain Injury,-0.27,0.57,0.48,-0.15,0.41,0.18,-0.41,0.47,0.56,-0.3,0.31,0.3, , , , ,0.64984,FALSE
Deming2017ab42,Dashti2019slepdur,5e-6,FALSE,0.4517185586345051,173,0,192.7,0.1573,-7.43e-5,0.0015,0.96,Sleep Duration,AB42,0.046,0.66,0.11,0.041,0.097,0.025,0.0036,0.97,0.1,0.023,0.53,0.037,., , , ,0.1573,FALSE
Deming2017ab42,Day2018sociso,5e-8,TRUE,0.6355871050214836,11,1,14.4,0.298,-0.0135,0.0074,0.1,Social Isolation,AB42,1.1,0.079,0.54,0.1,0.28,0.095,-0.095,0.71,0.25,0.053,0.7,0.14, ,., , ,0.298,FALSE
Deming2017ab42,Evangelou2018dbp,5e-6,FALSE,0.7332909908927772,519,0,534,0.32276,2.68e-4,5e-4,0.59,Diastolic Blood Pressure,AB42,-0.0022,0.48,0.0031,-6.6e-4,0.6,0.0013,-0.0024,0.54,0.0039,-7.9e-5,0.97,0.0022, , , , ,0.32276,FALSE
Deming2017ab42,Evangelou2018pp,5e-6,FALSE,0.5389364160864616,473,0,480.8,0.40012,-2.26e-4,5.5e-4,0.68,Pulse Pressure,AB42,0.0028,0.35,0.003,0.0017,0.15,0.0012,0.0034,0.5,0.005,0.0036,0.053,0.0019, , ,., ,0.40012,FALSE
Deming2017ab42,Evangelou2018sbp,5e-6,FALSE,0.6197631927617148,516,0,581.4,0.02588,2.55e-4,5.4e-4,0.64,Systolic Blood Pressure,AB42,6.4e-6,1,0.002,8.6e-4,0.26,7.6e-4,-5e-5,0.98,0.0026,6.9e-4,0.6,0.0013, , , , ,0.02588,FALSE
Deming2017ab42,Howard2019dep23andMe,5e-8,FALSE,0.6672133722554424,81,0,88.9,0.2888,-7.85e-4,0.0031,0.8,Depression,AB42,0.013,0.91,0.12,-0.017,0.39,0.02,-0.072,0.35,0.077,-0.035,0.2,0.028, , , , ,0.2888,FALSE
Deming2017ab42,Jansen2018insomnia23andMe,5e-8,FALSE,0.2428277207098763,153,0,181.8,0.0643,-0.00292,0.0027,0.29,Insomnia Symptoms,AB42,0.36,0.45,0.48,-0.14,0.028,0.065,-0.047,0.85,0.25,-0.11,0.26,0.096,*, , , ,0.0643,FALSE
Deming2017ab42,Klimentidis2018mvpa,5e-8,FALSE,0.28414779951672753,14,0,10.4,0.761,-0.00254,0.0049,0.62,Moderate-to-vigorous PA,AB42,0.31,0.33,0.31,0.16,0.046,0.08,0.25,0.19,0.18,0.14,0.2,0.11,*, , , ,0.761,FALSE
Deming2017ab42,Lee2018education23andMe,5e-8,FALSE,0.8203269819469965,438,0,446.5,0.39572,-1.35e-4,8.2e-4,0.87,Educational Attainment,AB42,0.012,0.86,0.069,0.0012,0.95,0.019,0.078,0.41,0.094,0.022,0.43,0.027, , , , ,0.39572,FALSE
Deming2017ab42,Liu2019drnkwk23andMe,5e-6,FALSE,0.3280600147082295,176,0,175.8,0.5157,0.00154,0.0012,0.22,Alcohol Consumption,AB42,-0.35,0.088,0.2,-0.11,0.059,0.057,-0.2,0.17,0.15,-0.17,0.084,0.097,.,.,., ,0.5157,FALSE
Deming2017ab42,Liu2019smkcpd23andMe,5e-8,FALSE,0.8001812919837803,37,0,31.8,0.7524,-8.09e-4,0.0013,0.54,Cigarettes per Day,AB42,0.027,0.75,0.083,-0.015,0.76,0.047,-9.6e-4,0.99,0.062,0.0069,0.92,0.065, , , , ,0.7524,FALSE
Deming2017ab42,Liu2019smkint23andMe,5e-8,FALSE,0.6197631927617148,304,0,324.4,0.21508,-0.00109,0.0012,0.35,Smoking Initiation,AB42,0.12,0.51,0.18,-0.046,0.25,0.04,-0.27,0.1,0.16,-0.079,0.22,0.064, , , ,.,0.21508,FALSE
Deming2017ab42,Niarchou2020fish,5e-6,FALSE,0.7170621688130139,115,0,140.6,0.0596,9.47e-4,0.002,0.64,Fish and Plant diet,AB42,-0.039,0.76,0.13,0.019,0.5,0.028,0.061,0.56,0.11,0.036,0.39,0.042, , , , ,0.0596,FALSE
Deming2017ab42,Niarchou2020meat,5e-8,FALSE,0.6197631927617148,19,0,12,0.91,-0.00646,0.007,0.37,Meat diet,AB42,0.48,0.29,0.44,0.075,0.24,0.063,0.16,0.31,0.15,0.097,0.26,0.087, , , , ,0.91,FALSE
Deming2017ab42,SanchezRoige2019auditt23andMe,5e-8,FALSE,0.2830267422022153,9,0,8.1,0.617,-0.00163,0.0078,0.84,AUDIT,AB42,-0.083,0.86,0.45,-0.17,0.044,0.087,-0.13,0.39,0.14,-0.13,0.24,0.11,*, , , ,0.617,FALSE
Deming2017ab42,Wells2019hdiff,5e-8,FALSE,0.24429235324435508,34,0,57.9,0.0114,0.00755,0.005,0.14,Hearing Difficulties,AB42,-1,0.08,0.55,-0.18,0.03,0.083,-0.63,0.033,0.28,-0.26,0.048,0.13,*,.,*,*,0.0114,FALSE
Deming2017ab42,Willer2013hdl,5e-6,FALSE,0.4947604452889368,117,0,125,0.3195,8.27e-4,7.2e-4,0.25,High-density lipoproteins,AB42,7.9e-4,0.96,0.017,0.016,0.12,0.01,0.0045,0.76,0.015,0.0033,0.85,0.017, , , , ,0.3195,FALSE
Deming2017ab42,Willer2013ldl,5e-8,TRUE,0.5055315526055739,67,1,71.1,0.3816,9.85e-4,9.8e-4,0.32,Low-density lipoproteins,AB42,-0.03,0.087,0.017,-0.016,0.13,0.011,-0.001,0.96,0.022,7.8e-4,0.97,0.02, ,., , ,0.3816,FALSE
Deming2017ab42,Willer2013tc,5e-6,FALSE,0.6643273379538928,114,0,116.6,0.4444,-2.54e-4,8.5e-4,0.77,Total Cholesterol,AB42,-0.005,0.8,0.019,-0.0098,0.35,0.01,0.015,0.39,0.017,0.0061,0.71,0.017, , , , ,0.4444,FALSE
Deming2017ab42,Willer2013tg,5e-6,FALSE,0.6959043166523852,94,0,91.9,0.5714,-0.00105,7.8e-4,0.18,Triglycerides,AB42,0.012,0.54,0.02,-0.0087,0.48,0.012,0.021,0.27,0.019,0.018,0.39,0.021, , , , ,0.5714,FALSE
Deming2017ab42,Xue2018diab,5e-8,FALSE,0.71144237801328,106,0,119.7,0.1886,2.24e-4,0.0011,0.84,Type 2 Diabetes,AB42,0.0015,0.92,0.015,0.0042,0.5,0.0062,0.0066,0.6,0.013,0.01,0.37,0.011, , , , ,0.1886,FALSE
Deming2017ab42,Yengo2018bmi,5e-8,FALSE,0.6197631927617148,482,0,562.5,0.00768,-8.31e-4,5.9e-4,0.16,BMI,AB42,0.033,0.37,0.037,-0.015,0.26,0.013,-0.05,0.3,0.048,-0.024,0.27,0.022, , , , ,0.00768,FALSE
Deming2017ptau,Dashti2019slepdur,5e-8,FALSE,0.7332909908927772,62,0,69.6,0.2672,1.72e-4,0.0032,0.96,Sleep Duration,Ptau181,-0.034,0.86,0.19,-0.025,0.6,0.047,0.092,0.47,0.13,0.055,0.44,0.07, , , , ,0.2672,FALSE
Deming2017ptau,Day2018sociso,5e-6,FALSE,0.6327221397467129,70,0,79.8,0.2306,0.0016,0.0036,0.66,Social Isolation,Ptau181,-0.19,0.51,0.29,-0.068,0.27,0.062,-0.043,0.85,0.22,-0.049,0.6,0.094, , , , ,0.2306,FALSE
Deming2017ptau,Evangelou2018dbp,5e-6,FALSE,0.23492495832670984,547,0,557,0.39384,-8.09e-4,6.5e-4,0.21,Diastolic Blood Pressure,Ptau181,7.3e-4,0.85,0.0039,-0.0037,0.025,0.0017,4.7e-5,0.99,0.0051,-5.5e-4,0.84,0.0027,*, , , ,0.39384,FALSE
Deming2017ptau,Evangelou2018pp,5e-8,FALSE,0.6672133722554424,354,0,331.7,0.8032,2.21e-5,8.7e-4,0.98,Pulse Pressure,Ptau181,0.0013,0.76,0.0042,0.0014,0.4,0.0016,0.0049,0.33,0.005,0.0025,0.33,0.0026, , , , ,0.8032,FALSE
Deming2017ptau,Evangelou2018sbp,5e-8,FALSE,0.6959043166523852,385,0,423.7,0.0882,-5.58e-4,8.6e-4,0.52,Systolic Blood Pressure,Ptau181,9.2e-4,0.75,0.0028,-7.7e-4,0.46,0.0011,0.0025,0.48,0.0035,4.5e-4,0.78,0.0017, , , , ,0.0882,FALSE
Deming2017ptau,Howard2019dep23andMe,5e-6,FALSE,0.6197631927617148,227,0,233.9,0.3873,0.00116,0.0019,0.54,Depression,Ptau181,-0.073,0.38,0.082,-0.023,0.2,0.018,-0.061,0.5,0.091,-0.031,0.26,0.027, , , , ,0.3873,FALSE
Deming2017ptau,Jansen2018insomnia23andMe,5e-6,FALSE,0.8269763096537867,349,0,291,0.98992,0.00166,0.0019,0.39,Insomnia Symptoms,Ptau181,-0.32,0.39,0.38,-0.0021,0.97,0.066,-0.12,0.63,0.26,-0.0015,0.99,0.1, , , , ,0.98992,FALSE
Deming2017ptau,Klimentidis2018mvpa,5e-6,FALSE,0.7971302733005553,75,0,71,0.642,0.00493,0.0034,0.15,Moderate-to-vigorous PA,Ptau181,-0.38,0.14,0.26,-0.018,0.75,0.056,-0.1,0.56,0.17,-0.036,0.66,0.083, , , , ,0.642,FALSE
Deming2017ptau,Lee2018education23andMe,5e-8,FALSE,0.810875640727621,454,0,496.5,0.08644,-0.00146,0.0011,0.19,Educational Attainment,Ptau181,0.12,0.2,0.093,0.0025,0.92,0.025,0.032,0.76,0.11,0.011,0.75,0.036, , , , ,0.08644,FALSE
Deming2017ptau,Liu2019drnkwk23andMe,5e-8,FALSE,0.727846602546489,77,0,78.6,0.4637,-0.00462,0.0024,0.06,Alcohol Consumption,Ptau181,0.66,0.05,0.33,0.055,0.57,0.096,0.3,0.16,0.21,0.26,0.095,0.16, ,*,., ,0.4637,FALSE
Deming2017ptau,Liu2019smkcpd23andMe,5e-8,FALSE,0.810875640727621,38,0,32,0.7764,0.00196,0.0017,0.26,Cigarettes per Day,Ptau181,-0.095,0.39,0.11,0.0068,0.91,0.062,-0.06,0.46,0.08,-0.046,0.58,0.084, , , , ,0.7764,FALSE
Deming2017ptau,Liu2019smkint23andMe,5e-8,FALSE,0.6197631927617148,315,0,298.9,0.74456,2.49e-4,0.0015,0.87,Smoking Initiation,Ptau181,0.028,0.9,0.23,0.065,0.22,0.053,0.026,0.91,0.22,0.07,0.39,0.081, , , , ,0.74456,FALSE
Deming2017ptau,Niarchou2020fish,5e-6,FALSE,0.6120327161309795,119,0,141.4,0.09,-0.00535,0.0026,0.041,Fish and Plant diet,Ptau181,0.28,0.089,0.16,-0.048,0.19,0.037,0.059,0.62,0.12,-0.025,0.65,0.054, ,., , ,0.09,FALSE
Deming2017ptau,Niarchou2020meat,5e-6,FALSE,0.5155916547921003,79,0,62.4,0.929,0.00203,0.0033,0.54,Meat diet,Ptau181,-0.21,0.36,0.23,-0.072,0.14,0.049,-0.05,0.79,0.19,-0.07,0.28,0.065, , , , ,0.929,FALSE
Deming2017ptau,SanchezRoige2019auditt23andMe,5e-8,FALSE,0.6355871050214836,10,0,13.9,0.238,-0.0148,0.012,0.24,AUDIT,Ptau181,0.97,0.19,0.67,0.12,0.28,0.11,0.24,0.23,0.19,0.24,0.12,0.16, , , , ,0.238,FALSE
Deming2017ptau,Wells2019hdiff,5e-8,FALSE,0.6643273379538928,36,0,36.2,0.5168,-0.00264,0.0052,0.62,Hearing Difficulties,Ptau181,0.38,0.51,0.57,0.097,0.37,0.11,0.2,0.45,0.26,0.16,0.3,0.15, , , , ,0.5168,FALSE
Deming2017ptau,Willer2013hdl,5e-6,FALSE,0.7812917425313307,121,0,130.2,0.2949,4.79e-5,9.5e-4,0.96,High-density lipoproteins,Ptau181,-0.0064,0.77,0.022,-0.0055,0.68,0.013,7e-5,1,0.02,0.0012,0.96,0.022, , , , ,0.2949,FALSE
Deming2017ptau,Willer2013ldl,5e-6,FALSE,0.2830267422022153,106,0,106.9,0.4851,-4.82e-4,0.001,0.63,Low-density lipoproteins,Ptau181,0.034,0.1,0.02,0.026,0.044,0.013,-0.0096,0.7,0.025,-0.015,0.52,0.023,*,., , ,0.4851,FALSE
Deming2017ptau,Willer2013tc,5e-8,TRUE,0.8203269819469965,81,1,98.4,0.1066,0.00211,0.0016,0.18,Total Cholesterol,Ptau181,-0.035,0.26,0.031,9.2e-4,0.95,0.014,-0.026,0.33,0.027,-0.022,0.36,0.024, , , , ,0.1066,FALSE
Deming2017ptau,Willer2013tg,5e-8,TRUE,0.7971302733005553,53,1,58.1,0.3304,6.43e-4,0.0014,0.65,Triglycerides,Ptau181,-0.017,0.58,0.03,-0.0059,0.74,0.017,-0.029,0.3,0.028,-0.032,0.23,0.027, , , , ,0.3304,FALSE
Deming2017ptau,Xue2018diab,5e-8,FALSE,0.2466672163300251,113,0,112.1,0.5291,-7.87e-4,0.0013,0.56,Type 2 Diabetes,Ptau181,0.027,0.15,0.018,0.017,0.033,0.0081,0.025,0.11,0.016,0.023,0.12,0.015,*, , , ,0.5291,FALSE
Deming2017ptau,Yengo2018bmi,5e-8,FALSE,0.6485807767797458,494,0,477.1,0.71548,-3.59e-4,7.2e-4,0.62,BMI,Ptau181,0.038,0.4,0.045,0.017,0.31,0.017,-0.013,0.8,0.049,-0.005,0.86,0.03, , , , ,0.71548,FALSE
Deming2017tau,Dashti2019slepdur,5e-8,FALSE,0.6959043166523852,62,0,67.8,0.302,-2.99e-4,0.0034,0.93,Sleep Duration,Tau,-0.018,0.93,0.2,-0.035,0.48,0.05,0.14,0.34,0.15,0.017,0.82,0.074, , , , ,0.302,FALSE
Deming2017tau,Day2018sociso,5e-8,TRUE,0.6197631927617148,11,1,18,0.134,-0.00539,0.014,0.7,Social Isolation,Tau,0.22,0.83,0.99,-0.16,0.23,0.13,0.019,0.96,0.33,-0.088,0.64,0.19, , , , ,0.134,FALSE
Deming2017tau,Evangelou2018dbp,5e-6,FALSE,0.08710487353080995,519,0,585.7,0.02636,-2.83e-4,7.4e-4,0.7,Diastolic Blood Pressure,Tau,-0.0035,0.44,0.0045,-0.0051,0.005,0.0018,-0.0083,0.16,0.006,-0.0062,0.045,0.0031,**, ,*, ,0.02636,FALSE
Deming2017tau,Evangelou2018pp,5e-6,FALSE,0.6672133722554424,473,0,497.8,0.22128,9.78e-4,7.9e-4,0.21,Pulse Pressure,Tau,-0.0035,0.42,0.0043,0.0014,0.4,0.0017,-0.0021,0.7,0.0055,-9.7e-4,0.71,0.0026, , , , ,0.22128,FALSE
Deming2017tau,Evangelou2018sbp,5e-8,FALSE,0.6643273379538928,367,0,431.2,0.01364,2.39e-4,9.5e-4,0.8,Systolic Blood Pressure,Tau,-0.0018,0.58,0.0032,-0.001,0.36,0.0011,-0.0041,0.28,0.0037,-0.0028,0.13,0.0019, , , , ,0.01364,FALSE
Deming2017tau,Howard2019dep23andMe,5e-6,FALSE,0.623229899405174,218,0,218.7,0.4979,0.001,0.002,0.61,Depression,Tau,-0.065,0.46,0.087,-0.022,0.26,0.02,-0.14,0.11,0.089,-0.054,0.063,0.029, , ,., ,0.4979,FALSE
Deming2017tau,Jansen2018insomnia23andMe,5e-6,FALSE,0.7893588624314137,336,0,293.1,0.95916,0.00138,0.002,0.5,Insomnia Symptoms,Tau,-0.24,0.55,0.4,0.026,0.71,0.07,0.12,0.72,0.33,0.091,0.38,0.1, , , , ,0.95916,FALSE
Deming2017tau,Klimentidis2018mvpa,5e-6,FALSE,0.6643273379538928,68,0,63.1,0.6828,0.00537,0.0035,0.13,Moderate-to-vigorous PA,Tau,-0.45,0.096,0.27,-0.056,0.36,0.061,-0.2,0.34,0.21,-0.11,0.21,0.09, ,., , ,0.6828,FALSE
Deming2017tau,Lee2018education23andMe,5e-6,FALSE,0.8023364015378813,637,0,688.5,0.08392,4.34e-4,9.1e-4,0.63,Educational Attainment,Tau,-0.044,0.6,0.084,-0.006,0.8,0.024,0.066,0.52,0.1,0.015,0.69,0.036, , , , ,0.08392,FALSE
Deming2017tau,Liu2019drnkwk23andMe,5e-8,FALSE,0.5504498319877055,71,0,59.2,0.8554,-0.00335,0.0025,0.19,Alcohol Consumption,Tau,0.58,0.098,0.35,0.15,0.16,0.1,0.36,0.1,0.22,0.32,0.045,0.16, ,.,*,.,0.8554,FALSE
Deming2017tau,Liu2019smkcpd23andMe,5e-6,FALSE,0.6197631927617148,107,0,95.9,0.7892,0.00122,0.0013,0.33,Cigarettes per Day,Tau,-0.15,0.16,0.11,-0.061,0.25,0.053,-0.11,0.21,0.088,-0.13,0.17,0.093, , , , ,0.7892,FALSE
Deming2017tau,Liu2019smkint23andMe,5e-8,FALSE,0.6197631927617148,304,0,287.5,0.75964,-3.07e-4,0.0016,0.85,Smoking Initiation,Tau,0.11,0.65,0.24,0.064,0.25,0.056,-0.14,0.54,0.23,-0.003,0.97,0.088, , , , ,0.75964,FALSE
Deming2017tau,Niarchou2020fish,5e-6,FALSE,0.6894377225708986,115,0,134.7,0.1165,-0.00313,0.0028,0.26,Fish and Plant diet,Tau,0.16,0.35,0.17,-0.03,0.44,0.039,0.21,0.17,0.15,0.015,0.8,0.059, , , , ,0.1165,FALSE
Deming2017tau,Niarchou2020meat,5e-6,FALSE,0.6197631927617148,75,0,64.8,0.82,0.00171,0.0035,0.62,Meat diet,Tau,-0.18,0.47,0.24,-0.06,0.24,0.052,0.013,0.94,0.18,-0.037,0.61,0.074, , , , ,0.82,FALSE
Deming2017tau,SanchezRoige2019auditt23andMe,5e-8,FALSE,0.5175471376638102,9,0,5.2,0.838,-0.0125,0.011,0.29,AUDIT,Tau,0.88,0.2,0.62,0.18,0.14,0.12,0.24,0.28,0.21,0.16,0.27,0.15, , , , ,0.838,FALSE
Deming2017tau,Wells2019hdiff,5e-8,FALSE,0.8001812919837803,34,0,33.5,0.544,-0.00239,0.0056,0.67,Hearing Difficulties,Tau,0.29,0.64,0.62,0.033,0.78,0.12,0.28,0.37,0.31,0.23,0.17,0.17, , , , ,0.544,FALSE
Deming2017tau,Willer2013hdl,5e-8,FALSE,0.6959043166523852,82,0,93,0.2202,2.17e-4,0.0013,0.87,High-density lipoproteins,Tau,0.0077,0.77,0.026,0.011,0.45,0.015,0.015,0.51,0.022,0.024,0.32,0.024, , , , ,0.2202,FALSE
Deming2017tau,Willer2013ldl,5e-6,FALSE,0.08710487353080995,102,0,123.1,0.0846,-0.00149,0.0012,0.2,Low-density lipoproteins,Tau,0.063,0.0092,0.024,0.04,0.0052,0.014,0.01,0.69,0.025,0.018,0.5,0.027,**,**, , ,0.0846,FALSE
Deming2017tau,Willer2013tc,5e-6,FALSE,0.5297897196904662,114,0,137.9,0.0686,0.00103,0.0013,0.43,Total Cholesterol,Tau,0.0015,0.96,0.029,0.021,0.15,0.015,-0.013,0.59,0.024,0.0074,0.75,0.023, , , , ,0.0686,FALSE
Deming2017tau,Willer2013tg,5e-8,TRUE,0.6197631927617148,51,1,49.7,0.567,-0.00108,0.0015,0.46,Triglycerides,Tau,-0.0058,0.85,0.03,-0.023,0.21,0.019,-0.021,0.44,0.027,-0.019,0.49,0.027, , , , ,0.567,FALSE
Deming2017tau,Xue2018diab,5e-6,FALSE,0.5297897196904662,202,0,209.2,0.3658,-6.8e-4,0.0011,0.52,Type 2 Diabetes,Tau,0.021,0.23,0.018,0.011,0.15,0.0076,0.022,0.18,0.016,0.023,0.12,0.015, , , , ,0.3658,FALSE
Deming2017tau,Yengo2018bmi,5e-8,FALSE,0.20936438815132413,482,0,481.4,0.51416,1.19e-4,7.7e-4,0.88,BMI,Tau,0.035,0.46,0.047,0.042,0.021,0.018,-0.0093,0.87,0.056,0.033,0.3,0.032,*, , , ,0.51416,FALSE
Hilbar2015hipv,Lee2018education23andMe,5e-6,FALSE,0.727846602546489,694,0,676.6,0.68276,0.902,0.68,0.19,Educational Attainment,Hippocampal Volume,-68,0.28,63,11,0.56,19,68,0.54,110,21,0.45,28, , , , ,0.68276,FALSE
Hilbar2015hipv,Liu2019drnkwk23andMe,5e-8,FALSE,0.7838292575361046,82,0,79.9,0.5811,1.62,1.7,0.35,Alcohol Consumption,Hippocampal Volume,-170,0.46,230,32,0.69,80,-47,0.79,180,-68,0.59,130, , , , ,0.5811,FALSE
Hilbar2015hipv,SanchezRoige2019auditt23andMe,5e-8,FALSE,0.7270708422079261,10,0,11.5,0.394,3.64,9.2,0.7,AUDIT,Hippocampal Volume,-270,0.63,530,-63,0.52,98,-150,0.38,160,-100,0.45,130, , , , ,0.394,FALSE
Hilbar2017hipv,Dashti2019slepdur,5e-8,FALSE,0.6197631927617148,64,0,83.1,0.0654,-3.02e-4,0.0054,0.96,Sleep Duration,Hippocampal Volume,0.11,0.74,0.32,0.088,0.24,0.075,0.3,0.15,0.21,0.22,0.051,0.11, , ,., ,0.0654,FALSE
Hilbar2017hipv,Day2018sociso,5e-6,TRUE,0.8023364015378813,83,1,98.7,0.1353,-0.00442,0.0051,0.39,Social Isolation,Hippocampal Volume,0.36,0.38,0.41,0.022,0.82,0.093,0.19,0.57,0.33,0.022,0.87,0.14, , , , ,0.1353,FALSE
Hilbar2017hipv,Evangelou2018dbp,5e-8,TRUE,0.7971302733005553,448,1,575.9,4e-5,-9.35e-4,0.0013,0.49,Diastolic Blood Pressure,Hippocampal Volume,0.0039,0.6,0.0075,-8.6e-4,0.75,0.0027,-0.0016,0.86,0.0086,-7.6e-4,0.86,0.0043, , , , ,4e-5,FALSE
Hilbar2017hipv,Evangelou2018pp,5e-6,TRUE,0.6355871050214836,564,1,694.8,8e-5,1.15e-4,0.0011,0.92,Pulse Pressure,Hippocampal Volume,-0.003,0.63,0.0062,-0.0024,0.29,0.0023,-0.012,0.2,0.0093,-0.0048,0.2,0.0038, , , , ,8e-5,FALSE
Hilbar2017hipv,Evangelou2018sbp,5e-8,FALSE,0.8032363448260751,436,0,485.3,0.05524,-6.5e-4,0.0013,0.62,Systolic Blood Pressure,Hippocampal Volume,0.0017,0.7,0.0043,-3e-4,0.85,0.0016,-8.5e-4,0.88,0.0055,-0.0011,0.65,0.0026, , , , ,0.05524,FALSE
Hilbar2017hipv,Howard2019dep23andMe,5e-8,FALSE,0.6672133722554424,84,0,100.1,0.1254,-0.00317,0.0068,0.64,Depression,Hippocampal Volume,0.16,0.55,0.26,0.035,0.39,0.041,-0.052,0.73,0.15,-0.0017,0.98,0.06, , , , ,0.1254,FALSE
Hilbar2017hipv,Jansen2018insomnia23andMe,5e-8,TRUE,0.6643273379538928,165,1,188.5,0.1156,0.00834,0.0052,0.11,Insomnia Symptoms,Hippocampal Volume,-1.3,0.15,0.91,0.13,0.34,0.13,0.1,0.86,0.57,0.048,0.81,0.21, , , , ,0.1156,FALSE
Hilbar2017hipv,Klimentidis2018mvpa,5e-6,TRUE,0.7332909908927772,90,2,113.4,0.0625,-0.00398,0.0044,0.37,Moderate-to-vigorous PA,Hippocampal Volume,0.33,0.33,0.34,0.043,0.6,0.082,0.19,0.53,0.31,0.1,0.37,0.12, , , , ,0.0625,FALSE
Hilbar2017hipv,Lee2018education23andMe,5e-8,FALSE,0.6355871050214836,484,0,524.7,0.1048,8.79e-4,0.0017,0.6,Educational Attainment,Hippocampal Volume,-0.031,0.83,0.14,0.04,0.29,0.038,-0.099,0.59,0.18,0.0014,0.98,0.06, , , , ,0.1048,FALSE
Hilbar2017hipv,Liu2019smkcpd23andMe,5e-8,TRUE,0.6197631927617148,42,1,51.6,0.1888,-3.27e-4,0.0031,0.92,Cigarettes per Day,Hippocampal Volume,-0.098,0.6,0.18,-0.11,0.22,0.094,-0.15,0.22,0.12,-0.15,0.27,0.14, , , , ,0.1888,FALSE
Hilbar2017hipv,Liu2019smkint23andMe,5e-6,FALSE,0.08971468512089717,556,0,591.3,0.15668,-0.00249,0.0017,0.15,Smoking Initiation,Hippocampal Volume,0.21,0.47,0.3,-0.2,0.0061,0.073,0.0087,0.97,0.28,-0.11,0.35,0.12,**, , , ,0.15668,FALSE
Hilbar2017hipv,Niarchou2020fish,5e-8,TRUE,0.20123681632866292,44,2,60.8,0.0694,-0.00264,0.0083,0.75,Fish and Plant diet,Hippocampal Volume,0.33,0.47,0.46,0.19,0.018,0.081,0.47,0.08,0.26,0.32,0.0069,0.12,*, ,**,.,0.0694,FALSE
Hilbar2017hipv,Niarchou2020meat,5e-8,TRUE,0.33707095584909524,21,1,22.9,0.438,0.00963,0.012,0.44,Meat diet,Hippocampal Volume,-0.83,0.28,0.75,-0.24,0.063,0.13,-0.37,0.26,0.32,-0.33,0.071,0.19,., ,., ,0.438,FALSE
Hilbar2017hipv,SanchezRoige2019auditt23andMe,5e-6,FALSE,0.6197631927617148,53,0,42.2,0.8766,0.002,0.0084,0.81,AUDIT,Hippocampal Volume,-0.27,0.65,0.6,-0.13,0.21,0.11,-0.2,0.38,0.22,-0.2,0.19,0.16, , , , ,0.8766,FALSE
Hilbar2017hipv,Wells2019hdiff,5e-6,FALSE,0.6197631927617148,104,0,117.7,0.1917,0.00144,0.0039,0.71,Hearing Difficulties,Hippocampal Volume,-0.3,0.51,0.46,-0.14,0.23,0.12,-0.21,0.64,0.45,-0.19,0.27,0.17, , , , ,0.1917,FALSE
Hilbar2017hipv,Willer2013hdl,5e-8,TRUE,0.6197631927617148,86,1,104.4,0.1057,-7.87e-4,0.002,0.7,High-density lipoproteins,Hippocampal Volume,-0.015,0.71,0.041,-0.028,0.22,0.022,-0.02,0.55,0.034,0.0067,0.86,0.037, , , , ,0.1057,FALSE
Hilbar2017hipv,Willer2013ldl,5e-8,FALSE,0.2428277207098763,78,0,100.9,0.0501,3.04e-4,0.0022,0.89,Low-density lipoproteins,Hippocampal Volume,-0.049,0.18,0.037,-0.046,0.028,0.021,-0.05,0.087,0.029,-0.029,0.36,0.031,*, , ,.,0.0501,FALSE
Hilbar2017hipv,Willer2013tc,5e-6,FALSE,0.028060840517278023,125,0,146.7,0.106,-0.00188,0.0017,0.26,Total Cholesterol,Hippocampal Volume,-0.034,0.34,0.035,-0.065,0.0012,0.02,-0.061,0.049,0.031,-0.084,0.013,0.034,**, ,*,*,0.106,TRUE
Hilbar2017hipv,Willer2013tg,5e-6,TRUE,0.7332909908927772,96,1,140.7,0.0029,-0.00201,0.002,0.32,Triglycerides,Hippocampal Volume,0.026,0.61,0.051,-0.014,0.59,0.026,0.0032,0.93,0.036,-0.022,0.6,0.042, , , , ,0.0029,FALSE
Hilbar2017hipv,Xue2018diab,5e-6,FALSE,0.7257878920158453,218,0,306.9,<1e-04,0.0032,0.0018,0.081,Type 2 Diabetes,Hippocampal Volume,-0.04,0.18,0.03,0.0072,0.52,0.011,-0.042,0.1,0.026,-0.021,0.26,0.019, , , ,.,1e-4,FALSE
Hilbar2017hipv,Yengo2018bmi,5e-8,TRUE,0.5155916547921003,505,1,710.9,<4e-05,-0.00183,0.0014,0.18,BMI,Hippocampal Volume,0.15,0.088,0.085,0.04,0.14,0.027,0.14,0.075,0.08,0.1,0.03,0.046, ,.,*,.,4e-5,FALSE
Huang2017aaos,Dashti2019slepdur,5e-8,FALSE,0.6197631927617148,66,0,101,0.0064,0.023,0.009,0.013,Sleep Duration,AAOS,-1.5,0.0082,0.55,-0.14,0.25,0.12,0.036,0.92,0.37,-0.16,0.41,0.19, ,**, , ,0.0064,FALSE
Huang2017aaos,Day2018sociso,5e-8,FALSE,0.33707095584909524,15,0,23.3,0.13,-1.39e-5,0.027,1,Social Isolation,AAOS,-0.53,0.79,1.9,-0.53,0.068,0.29,-0.62,0.2,0.46,-0.64,0.094,0.38,., ,., ,0.13,FALSE
Huang2017aaos,Evangelou2018dbp,5e-8,FALSE,0.3888424785814988,447,0,497.9,0.05252,0.00145,0.0022,0.51,Diastolic Blood Pressure,AAOS,5.2e-4,0.97,0.012,0.008,0.081,0.0046,3.6e-4,0.98,0.014,0.0064,0.39,0.0074,., , , ,0.05252,FALSE
Huang2017aaos,Evangelou2018pp,5e-6,FALSE,0.7893588624314137,564,0,671,0.00132,0.00182,0.0019,0.35,Pulse Pressure,AAOS,-0.0074,0.47,0.01,0.0014,0.72,0.0039,-0.0016,0.87,0.0094,-0.0029,0.66,0.0065, , , , ,0.00132,FALSE
Huang2017aaos,Evangelou2018sbp,5e-6,FALSE,0.18579928221687567,620,0,723.9,0.0026,3.66e-4,0.0019,0.84,Systolic Blood Pressure,AAOS,0.0049,0.46,0.0067,0.0062,0.016,0.0026,0.0058,0.4,0.0069,0.0052,0.23,0.0043,*, , , ,0.0026,FALSE
Huang2017aaos,Howard2019dep23andMe,5e-8,FALSE,0.6959043166523852,84,0,102.1,0.1012,0.0129,0.011,0.22,Depression,AAOS,-0.54,0.19,0.41,-0.048,0.47,0.066,-0.43,0.057,0.22,-0.16,0.12,0.1, , , ,.,0.1012,FALSE
Huang2017aaos,Jansen2018insomnia23andMe,5e-6,FALSE,0.2428277207098763,384,0,428.6,0.06288,0.00735,0.0056,0.19,Insomnia Symptoms,AAOS,-1.1,0.34,1.1,0.39,0.028,0.18,-0.38,0.56,0.66,0.27,0.31,0.27,*, , , ,0.06288,FALSE
Huang2017aaos,Klimentidis2018mvpa,5e-8,FALSE,0.7893588624314137,20,0,27.7,0.165,6.82e-4,0.026,0.98,Moderate-to-vigorous PA,AAOS,0.049,0.98,1.8,0.096,0.72,0.26,0.63,0.2,0.47,0.44,0.26,0.39, , , , ,0.165,FALSE
Huang2017aaos,Lee2018education23andMe,5e-6,FALSE,8.506406078100275e-5,716,0,825.8,0.00248,-0.00112,0.0023,0.62,Educational Attainment,AAOS,-0.19,0.37,0.21,-0.28,8e-7,0.058,-0.28,0.28,0.26,-0.31,0.0014,0.096,***, ,**, ,0.00248,TRUE
Huang2017aaos,Liu2019drnkwk23andMe,5e-6,FALSE,0.6197631927617148,212,0,264.1,0.0098,-0.00176,0.0043,0.68,Alcohol Consumption,AAOS,0.49,0.48,0.69,0.22,0.25,0.19,0.38,0.43,0.48,0.39,0.26,0.34, , , , ,0.0098,FALSE
Huang2017aaos,Liu2019smkcpd23andMe,5e-6,FALSE,0.24429235324435508,134,0,176.8,0.01,0.00424,0.0032,0.19,Cigarettes per Day,AAOS,-0.021,0.94,0.26,0.27,0.03,0.12,0.0042,0.98,0.2,-0.014,0.95,0.21,*, , , ,0.01,FALSE
Huang2017aaos,Liu2019smkint23andMe,5e-6,FALSE,0.727846602546489,563,0,627.6,0.03228,0.00284,0.003,0.34,Smoking Initiation,AAOS,-0.4,0.43,0.5,0.071,0.56,0.12,-0.049,0.9,0.39,0.022,0.91,0.19, , , , ,0.03228,FALSE
Huang2017aaos,Niarchou2020fish,5e-8,FALSE,0.727846602546489,45,0,46.4,0.45,-0.0216,0.014,0.12,Fish and Plant diet,AAOS,1.3,0.1,0.76,0.085,0.54,0.14,0.27,0.45,0.35,0.12,0.56,0.2, ,., , ,0.45,FALSE
Huang2017aaos,Niarchou2020meat,5e-8,FALSE,0.727846602546489,21,0,20.8,0.54,0.00313,0.024,0.9,Meat diet,AAOS,-0.069,0.96,1.5,0.13,0.56,0.22,0.068,0.89,0.51,0.11,0.73,0.32, , , , ,0.54,FALSE
Huang2017aaos,SanchezRoige2019auditt23andMe,5e-6,FALSE,0.5504498319877055,53,0,64.4,0.1576,5.19e-4,0.015,0.97,AUDIT,AAOS,0.21,0.85,1.1,0.24,0.16,0.18,0.48,0.13,0.32,0.31,0.25,0.27, , , , ,0.1576,FALSE
Huang2017aaos,Wells2019hdiff,5e-8,FALSE,0.727846602546489,40,0,37.3,0.632,-0.00628,0.012,0.61,Hearing Difficulties,AAOS,0.84,0.53,1.3,0.17,0.53,0.28,0.72,0.25,0.62,0.49,0.25,0.43, , , , ,0.632,FALSE
Huang2017aaos,Willer2013hdl,5e-8,FALSE,0.4461018162333413,86,0,102.6,0.1254,-0.00524,0.0035,0.14,High-density lipoproteins,AAOS,0.034,0.66,0.078,-0.065,0.094,0.039,0.0063,0.92,0.06,0.013,0.82,0.059,., , , ,0.1254,FALSE
Huang2017aaos,Willer2013ldl,5e-6,FALSE,0.46565753958547496,112,0,151.6,0.0105,0.00141,0.0031,0.65,Low-density lipoproteins,AAOS,0.032,0.62,0.065,0.056,0.1,0.035,0.0015,0.98,0.052,0.0029,0.96,0.053,., , , ,0.0105,FALSE
Huang2017aaos,Willer2013tc,5e-6,FALSE,0.6197631927617148,124,0,171.6,0.0038,0.00196,0.0031,0.53,Total Cholesterol,AAOS,0.002,0.98,0.07,0.039,0.25,0.034,-0.028,0.63,0.058,-0.0024,0.97,0.057, , , , ,0.0038,FALSE
Huang2017aaos,Willer2013tg,5e-6,TRUE,0.26287930856413344,94,1,150.4,2e-4,-1.94e-4,0.0031,0.95,Triglycerides,AAOS,0.084,0.28,0.077,0.08,0.038,0.038,0.025,0.64,0.053,0.0018,0.98,0.064,*, , , ,2e-4,FALSE
Huang2017aaos,Xue2018diab,5e-6,FALSE,0.0012519605128985705,218,0,300.4,1e-4,0.00257,0.0027,0.34,Type 2 Diabetes,AAOS,0.035,0.43,0.044,0.072,2e-5,0.017,0.067,0.047,0.034,0.045,0.16,0.032,***, , ,*,1e-4,TRUE
Huang2017aaos,Yengo2018bmi,5e-6,FALSE,0.33707095584909524,692,0,741.3,0.10048,0.0015,0.0016,0.35,BMI,AAOS,-0.02,0.85,0.11,0.073,0.066,0.04,0.081,0.57,0.14,0.093,0.18,0.07,., , , ,0.10048,FALSE
Kunkle2019load,Dashti2019slepdur,5e-6,FALSE,0.727846602546489,196,0,213.4,0.2041,0.00529,0.0048,0.27,Sleep Duration,LOAD,-0.31,0.36,0.34,0.048,0.57,0.084,-0.0064,0.98,0.32,0.021,0.87,0.13, , , , ,0.2041,FALSE
Kunkle2019load,Day2018sociso,5e-8,FALSE,0.5749968809111194,14,0,15.9,0.373,-0.0391,0.022,0.1,Social Isolation,LOAD,2.3,0.17,1.6,-0.42,0.18,0.31,-0.5,0.43,0.62,-0.54,0.21,0.43, , , , ,0.373,FALSE
Kunkle2019load,Evangelou2018dbp,5e-6,TRUE,0.08830104398223645,629,1,735.8,0.00204,0.00112,0.0017,0.52,Diastolic Blood Pressure,LOAD,-0.018,0.093,0.011,-0.012,0.0055,0.0042,-0.023,0.085,0.014,-0.0099,0.17,0.0072,**,., ,.,0.00204,FALSE
Kunkle2019load,Evangelou2018pp,5e-8,TRUE,0.20936438815132413,392,1,500.3,2.8e-4,0.00251,0.0024,0.3,Pulse Pressure,LOAD,-0.021,0.079,0.012,-0.0097,0.02,0.0041,4.7e-4,0.97,0.013,-0.0027,0.7,0.007,*,., , ,2.8e-4,FALSE
Kunkle2019load,Evangelou2018sbp,5e-8,TRUE,0.2547969361801052,434,1,579.4,<4e-05,0.00213,0.0024,0.37,Systolic Blood Pressure,LOAD,-0.012,0.13,0.0078,-0.0056,0.036,0.0027,0.005,0.59,0.0093,-0.0023,0.59,0.0042,*, , , ,4e-5,FALSE
Kunkle2019load,Howard2019dep23andMe,5e-8,TRUE,0.1161500044467714,83,1,111.2,0.0241,0.0163,0.012,0.18,Depression,LOAD,-0.81,0.087,0.47,-0.18,0.0088,0.069,-0.18,0.43,0.22,-0.19,0.061,0.1,**,.,., ,0.0241,FALSE
Kunkle2019load,Jansen2018insomnia23andMe,5e-6,TRUE,0.7893588624314137,385,1,423,0.09372,0.00669,0.0051,0.19,Insomnia Symptoms,LOAD,-1.4,0.17,1,-0.061,0.72,0.17,0.045,0.95,0.76,-0.088,0.74,0.26, , , , ,0.09372,FALSE
Kunkle2019load,Klimentidis2018mvpa,5e-6,TRUE,0.3888424785814988,97,1,122.2,0.051,-0.00322,0.007,0.64,Moderate-to-vigorous PA,LOAD,0.46,0.37,0.52,0.23,0.079,0.13,0.57,0.29,0.53,0.41,0.037,0.2,., ,*, ,0.051,FALSE
Kunkle2019load,Liu2019smkcpd23andMe,5e-6,FALSE,0.7967244368216717,134,0,171.1,0.0193,0.00371,0.0033,0.26,Cigarettes per Day,LOAD,-0.3,0.26,0.27,-0.042,0.73,0.12,-0.38,0.045,0.19,-0.27,0.16,0.19, , , ,*,0.0193,FALSE
Kunkle2019load,Liu2019smkint23andMe,5e-6,TRUE,0.8032363448260751,564,1,701.4,8e-5,0.00339,0.0031,0.28,Smoking Initiation,LOAD,-0.59,0.27,0.53,-0.024,0.84,0.12,-0.023,0.96,0.46,-0.037,0.85,0.19, , , , ,8e-5,FALSE
Kunkle2019load,Niarchou2020fish,5e-6,FALSE,0.6643273379538928,137,0,187.1,0.0034,-0.00285,0.0068,0.68,Fish and Plant diet,LOAD,0.25,0.55,0.42,0.082,0.37,0.092,-0.23,0.49,0.34,-0.11,0.42,0.14, , , , ,0.0034,FALSE
Kunkle2019load,Niarchou2020meat,5e-8,FALSE,0.6291373394656542,21,0,22.2,0.459,0.0017,0.021,0.94,Meat diet,LOAD,0.13,0.92,1.3,0.24,0.27,0.21,-0.14,0.78,0.48,0.19,0.5,0.29, , , , ,0.459,FALSE
Kunkle2019load,SanchezRoige2019auditt23andMe,5e-6,TRUE,0.5055315526055739,54,1,96,8e-4,-0.00284,0.018,0.87,AUDIT,LOAD,0.47,0.72,1.3,0.27,0.13,0.18,-0.28,0.63,0.57,0.13,0.66,0.29, , , , ,8e-4,FALSE
Kunkle2019load,Wells2019hdiff,5e-8,FALSE,0.7441658752646937,40,0,46.9,0.2368,-2.76e-4,0.011,0.98,Hearing Difficulties,LOAD,-0.1,0.93,1.2,-0.13,0.62,0.27,-0.39,0.58,0.71,-0.4,0.32,0.4, , , , ,0.2368,FALSE
Kunkle2019load,Willer2013hdl,5e-6,TRUE,0.7971302733005553,125,2,176.4,0.0025,0.00454,0.0029,0.12,High-density lipoproteins,LOAD,-0.095,0.16,0.068,-0.012,0.75,0.036,0.0064,0.91,0.055,0.037,0.54,0.06, , , , ,0.0025,FALSE
Kunkle2019load,Willer2013ldl,5e-8,TRUE,0.727846602546489,73,2,89.8,0.1002,-0.00183,0.004,0.65,Low-density lipoproteins,LOAD,0.0049,0.95,0.071,-0.022,0.56,0.038,0.0063,0.91,0.055,0.04,0.51,0.061, , , , ,0.1002,FALSE
Kunkle2019load,Willer2013tc,5e-8,TRUE,0.4898330614848493,80,3,109.9,0.0183,0.00607,0.0044,0.17,Total Cholesterol,LOAD,-0.16,0.064,0.087,-0.061,0.12,0.038,-0.027,0.7,0.071,-0.025,0.69,0.065, ,., , ,0.0183,FALSE
Kunkle2019load,Willer2013tg,5e-6,TRUE,0.5504498319877055,94,1,121.6,0.0368,-0.00224,0.0032,0.48,Triglycerides,LOAD,0.11,0.19,0.081,0.061,0.16,0.044,0.096,0.13,0.063,0.07,0.32,0.07, , , , ,0.0368,FALSE
Kunkle2019load,Xue2018diab,5e-8,TRUE,0.7797114696654337,116,1,175.4,5e-4,-0.004,0.0042,0.35,Type 2 Diabetes,LOAD,0.04,0.49,0.058,-0.0089,0.67,0.021,0.011,0.8,0.044,-0.005,0.91,0.044, , , , ,5e-4,FALSE
Kunkle2019load,Yengo2018bmi,5e-8,TRUE,0.727846602546489,503,2,583.3,0.00928,0.0031,0.0021,0.13,BMI,LOAD,-0.21,0.11,0.13,-0.027,0.54,0.045,-0.11,0.46,0.15,-0.088,0.25,0.077, , , , ,0.00928,FALSE
Lambert2013load,Lee2018education23andMe,5e-8,FALSE,2.088282638914422e-7,478,0,534.4,0.04244,0.00135,0.0032,0.68,Educational Attainment,LOAD,-0.55,0.046,0.27,-0.44,6.6e-10,0.071,-0.43,0.24,0.37,-0.44,1.1e-4,0.11,***,*,***, ,0.04244,TRUE
Lambert2013load,Liu2019drnkwk23andMe,5e-8,TRUE,0.7471191457390884,85,1,131.3,0.0011,-0.00745,0.0069,0.29,Alcohol Consumption,LOAD,1.1,0.26,0.93,0.13,0.63,0.27,-0.022,0.98,0.74,0.051,0.91,0.46, , , , ,0.0011,FALSE
Lambert2013load,SanchezRoige2019auditt23andMe,5e-8,TRUE,0.24429235324435508,10,1,21.3,0.061,0.00694,0.044,0.88,AUDIT,LOAD,0.35,0.89,2.5,0.74,0.031,0.34,0.83,0.23,0.65,0.56,0.24,0.47,*, , , ,0.061,FALSE
